station,day,max_temp_f,min_temp_f,precip_in,avg_wind_speed_kts,avg_wind_drct,min_rh,avg_rh,max_rh,max_wind_speed_kts
PHX,2000-01-01,60.0,47.0,0.0,4.626741,234.89429,36.8669,46.654724,60.619,12.0
PHX,2000-01-02,57.0,43.0,0.01,5.2952647,260.08963,36.5424,63.222374,85.9038,12.0
PHX,2000-01-03,59.0,32.0,0.0,2.2144847,49.866203,19.7,50.068542,92.4623,9.0
PHX,2000-01-04,65.0,40.0,0.0,3.8551533,40.959835,13.402,21.588625,35.0496,11.0
PHX,2000-01-05,64.0,38.0,0.0,2.7883008,307.04135,17.3678,34.39677,57.0388,7.0
PHX,2000-01-06,64.0,37.0,0.0,3.426184,11.252657,14.3728,29.515388,57.0388,9.0
PHX,2000-01-07,65.0,38.0,0.0,2.8412256,75.52956,17.9275,27.253597,43.8143,11.0
PHX,2000-01-08,63.0,38.0,0.0,2.465181,130.19112,20.431,35.374157,57.059,6.0
PHX,2000-01-09,63.0,36.0,0.0,3.200557,104.47746,18.778,36.666256,56.4781,6.0
PHX,2000-01-10,68.0,39.0,0.0,2.8245125,113.62837,15.1274,32.385307,50.4561,6.0
PHX,2000-01-11,71.0,42.0,0.0,2.4233983,103.704124,16.1218,30.709248,45.0072,6.0
PHX,2000-01-12,73.0,44.0,0.0,3.1197772,104.095505,16.1218,29.7907,48.8734,7.0
PHX,2000-01-13,77.0,44.0,0.0,2.54039,282.874,19.1473,34.94173,50.7262,6.0
PHX,2000-01-14,81.0,49.0,0.0,2.9164345,93.787766,15.1597,27.105015,44.1368,8.0
PHX,2000-01-15,81.0,48.0,0.0,3.0,114.002914,16.1015,26.5823,37.4583,10.0
PHX,2000-01-16,77.0,49.0,0.0,3.6629527,126.66528,15.0021,26.068686,40.5517,7.0
PHX,2000-01-17,78.0,53.0,0.0,3.0779943,93.9506,16.1687,25.642862,36.6346,8.0
PHX,2000-01-18,79.0,57.0,0.0,2.6239555,97.98693,19.57,30.866137,49.2456,7.0
PHX,2000-01-19,79.0,53.0,0.0,3.1977715,123.206375,19.4456,35.28678,50.4163,6.0
PHX,2000-01-20,77.0,53.0,0.0,2.8300836,99.65973,24.4392,37.04376,50.4163,7.0
PHX,2000-01-21,73.0,55.0,0.0,3.8718662,104.15706,35.1853,44.951435,55.522,7.0
PHX,2000-01-22,70.0,53.0,0.0,2.665738,88.154686,31.9178,49.178677,61.6737,6.0
PHX,2000-01-23,72.0,45.0,0.0,2.3704736,107.70293,22.5486,39.67004,63.3879,8.0
PHX,2000-01-24,74.0,52.0,0.0,3.1225626,104.09203,19.4469,32.34422,44.4811,8.0
PHX,2000-01-25,78.0,53.0,0.0,3.7910864,88.43288,18.9022,26.662382,38.3353,7.0
PHX,2000-01-26,69.0,55.0,0.0,8.3850975,265.32666,23.0984,30.019503,43.3576,20.0
PHX,2000-01-27,67.0,47.0,0.0,3.7019498,220.01358,21.0064,37.95921,58.0651,9.0
PHX,2000-01-28,67.0,43.0,0.0,3.4150417,240.98715,15.8451,33.18368,55.2699,7.0
PHX,2000-01-29,67.0,41.0,0.0,2.2423398,161.9409,13.776,28.098038,45.154,6.0
PHX,2000-01-30,68.0,50.0,0.0,3.4679666,133.15865,15.2655,23.896082,32.8578,7.0
PHX,2000-01-31,67.0,51.0,0.0,3.6685238,96.66831,28.4515,37.027145,56.6182,7.0
PHX,2000-02-01,70.0,44.0,0.0,4.1364903,18.530008,14.0433,33.657917,70.6399,10.0
PHX,2000-02-02,73.0,45.0,0.0,3.5097494,110.04947,11.8076,22.825735,35.8003,9.0
PHX,2000-02-03,76.0,47.0,0.0,3.8774374,124.464226,9.67064,22.678417,33.6884,7.0
PHX,2000-02-04,75.0,46.0,0.0,2.7047353,115.50488,10.5119,23.201466,36.6967,7.0
PHX,2000-02-05,76.0,48.0,0.0,3.6211698,125.08188,12.9626,23.48937,37.0274,7.0
PHX,2000-02-06,76.0,47.0,0.0,3.4679666,78.925865,15.2087,27.401098,40.3483,7.0
PHX,2000-02-07,83.0,47.0,0.0,1.3676881,102.57606,10.4795,25.859888,42.0702,6.0
PHX,2000-02-08,81.0,53.0,0.0,2.9665737,200.71693,12.0451,20.524004,32.6051,8.0
PHX,2000-02-09,78.0,54.0,0.0,3.8718662,223.05739,19.7241,27.365051,41.3761,7.0
PHX,2000-02-10,75.0,54.0,0.0,3.6768801,27.761389,26.1253,35.52051,44.949,7.0
PHX,2000-02-11,69.0,50.0,0.0,2.3286908,157.95064,34.485,45.35473,58.6194,9.0
PHX,2000-02-12,71.0,51.0,0.0,7.799443,224.9787,29.806578,43.609657,54.2181,16.0
PHX,2000-02-13,67.0,50.0,0.0,2.5905292,201.62106,33.1863,48.650604,65.4756,9.0
PHX,2000-02-14,72.0,50.0,0.0,3.1197772,107.474304,35.1853,48.790356,61.9316,7.0
PHX,2000-02-15,77.0,50.0,0.0,2.9665737,87.86811,24.19895,46.997536,68.2778,7.0
PHX,2000-02-16,69.0,52.0,0.0,4.334262,114.46703,28.0067,40.3914,56.3359,8.0
PHX,2000-02-17,65.0,51.0,0.0,7.637883,249.94984,26.5298,38.65428,53.1504,15.0
PHX,2000-02-18,68.0,45.0,0.0,3.1977715,95.21108,19.611,35.42663,57.6302,8.0
PHX,2000-02-19,74.0,47.0,0.0,2.7576602,117.02891,13.5718,29.44372,44.3073,8.0
PHX,2000-02-20,83.0,54.0,0.0,6.2562675,178.83247,15.1372,31.67043,54.2225,12.0
PHX,2000-02-21,76.0,54.0,0.0001,9.135794,172.10887,28.2041,57.022102,79.7963,23.0
PHX,2000-02-22,66.0,52.0,0.0,3.0417826,233.6257,39.7914,60.97395,86.3033,6.0
PHX,2000-02-23,69.0,49.0,0.0,4.389972,109.72348,30.6371,47.847805,71.0698,9.0
PHX,2000-02-24,63.0,49.0,0.0,8.29805,254.62665,22.7678,37.774673,60.867,12.0
PHX,2000-02-25,63.0,45.0,0.0,4.3064065,247.92729,22.5154,35.53012,49.0159,11.0
PHX,2000-02-26,69.0,43.0,0.0,3.5069637,92.327736,17.2399,33.968754,55.2699,8.0
PHX,2000-02-27,80.0,45.0,0.0,4.6295266,132.75017,14.134687,24.96832,44.162,9.0
PHX,2000-02-28,67.0,57.0,0.0,8.685237,254.38338,17.3678,31.411224,52.6986,14.0
PHX,2000-02-29,71.0,48.0,0.0,3.2395544,110.060715,16.6258,29.298107,47.8567,7.0
PHX,2000-03-01,69.0,54.0,0.0001,6.1337047,230.52252,22.1029,32.029053,43.3576,14.0
PHX,2000-03-02,71.0,47.0,0.0,2.924791,138.8735,21.7396,37.53825,60.7407,8.0
PHX,2000-03-03,79.0,50.0,0.0,5.128134,150.88924,16.444,30.437315,52.0165,9.0
PHX,2000-03-04,73.0,52.0,0.01,5.849582,256.23233,25.5027,40.344006,66.7534,14.0
PHX,2000-03-05,59.0,50.0,0.97,7.174791,127.57035,41.6969,77.58665,92.9293,13.0
PHX,2000-03-06,52.0,44.0,1.53,5.142061,84.24008,85.9038,92.79313,100.0,11.0
PHX,2000-03-07,55.0,43.0,0.26,4.4018106,17.748205,61.5557,81.484695,100.0,8.0
PHX,2000-03-08,64.0,43.0,0.0,2.988858,107.352356,38.1013,61.031254,85.7881,8.0
PHX,2000-03-09,67.0,49.0,0.0,2.924791,273.3057,35.4709,59.82906,86.1312,7.0
PHX,2000-03-10,71.0,46.0,0.0,3.091922,247.44533,24.4373,53.061905,86.1923,9.0
PHX,2000-03-11,78.0,49.0,0.0,3.247911,341.10028,15.1597,37.580276,74.0964,6.0
PHX,2000-03-12,80.0,51.0,0.0,3.1337047,134.02397,16.6823,36.468403,61.151,7.0
PHX,2000-03-13,81.0,60.0,0.0,4.4066854,126.837425,19.1479,34.673706,51.7718,7.0
PHX,2000-03-14,84.0,56.0,0.0,2.7158775,192.02885,18.7532,36.680298,59.7243,8.0
PHX,2000-03-15,84.0,57.0,0.0,4.8467965,239.01251,17.955,35.172344,59.5792,9.0
PHX,2000-03-16,81.0,59.0,0.0,4.504178,241.01622,17.4458,28.527607,51.3428,9.0
PHX,2000-03-17,82.0,57.0,0.0,6.172702,255.55702,17.9093,30.256405,48.7756,11.0
PHX,2000-03-18,83.0,55.0,0.0,4.880223,263.67056,15.6348,21.241236,36.5424,10.0
PHX,2000-03-19,82.0,57.0,0.0,4.16156,107.93709,15.5192,20.189236,27.1468,7.0
PHX,2000-03-20,69.0,53.0,0.0,9.641365,269.32513,13.4269,27.662146,36.0433,20.0
PHX,2000-03-21,60.0,47.0,0.0,4.417827,313.87045,25.407,39.728497,63.132,11.0
PHX,2000-03-22,68.0,48.0,0.0,4.877437,243.65039,22.8031,32.575356,47.6785,11.0
PHX,2000-03-23,73.0,53.0,0.0,3.4986072,96.55224,20.3304,30.90887,43.0386,8.0
PHX,2000-03-24,81.0,51.0,0.0,2.7158775,40.601868,19.57,33.767914,56.581,6.0
PHX,2000-03-25,82.0,56.0,0.0,4.044568,180.40628,19.1479,31.5472,50.7183,9.0
PHX,2000-03-26,83.0,56.0,0.0,4.685237,225.65787,17.081,29.279264,47.3885,10.0
PHX,2000-03-27,82.0,58.0,0.0001,5.724234,188.86298,17.4458,31.59031,54.0127,11.0
PHX,2000-03-28,72.0,59.0,0.03,3.5933146,74.34566,42.1727,68.27004,89.5667,6.0
PHX,2000-03-29,78.0,56.0,0.0,4.0779943,157.24402,25.3322,50.23881,86.5214,8.0
PHX,2000-03-30,79.0,60.0,0.0,5.5376043,329.59857,22.6042,40.207138,59.8448,20.0
PHX,2000-03-31,64.0,52.0,0.18,7.0598884,247.3681,24.5968,44.629185,68.5048,15.0
PHX,2000-04-01,69.0,49.0,0.0,4.128134,41.713634,24.125,48.541397,76.8018,12.0
PHX,2000-04-02,75.0,50.0,0.0,3.7604456,119.07043,18.2034,36.884026,63.4719,6.0
PHX,2000-04-03,84.0,55.0,0.0,4.54039,151.53406,15.8847,29.748343,50.7183,8.0
PHX,2000-04-04,93.0,62.0,0.0,4.167131,91.81619,12.464,26.801119,46.2154,8.0
PHX,2000-04-05,92.0,62.0,0.0,5.2952647,213.82372,13.2899,23.473066,42.8201,11.0
PHX,2000-04-06,89.0,63.0,0.0,4.9637885,237.2412,12.267,21.923948,38.1013,13.0
PHX,2000-04-07,92.0,59.0,0.0,4.6295266,167.99213,13.5212,20.929197,31.9974,9.0
PHX,2000-04-08,94.0,64.0,0.0,6.465181,98.85233,14.1434,21.940575,37.0028,15.0
PHX,2000-04-09,94.0,66.0,0.0,5.208914,233.16231,14.2043,20.519484,35.8667,11.0
PHX,2000-04-10,86.0,64.0,0.0,5.671309,255.81178,13.5977,18.867321,24.4373,14.0
PHX,2000-04-11,87.0,61.0,0.0,3.465181,220.95796,16.233616,23.540215,37.7812,9.0
PHX,2000-04-12,92.0,64.0,0.0,3.7019498,88.2233,9.96089,21.574306,36.8293,7.0
PHX,2000-04-13,93.0,63.0,0.0,5.167131,219.68008,9.2066,18.597897,35.2293,12.0
PHX,2000-04-14,84.0,66.0,0.0,11.1754875,253.04153,13.0576,21.743856,34.2375,21.0
PHX,2000-04-15,78.0,57.0,0.0,4.1559887,267.70587,19.2964,31.577328,51.0182,8.0
PHX,2000-04-16,89.0,60.0,0.0,6.005571,132.02101,12.2541,22.831812,37.7812,12.0
PHX,2000-04-17,92.0,62.0,0.0,7.799443,172.67818,11.6907,20.706305,39.4739,19.0
PHX,2000-04-18,75.0,63.0,0.0,9.1754875,256.10535,14.755,29.07613,56.0811,14.0
PHX,2000-04-19,80.0,58.0,0.0,4.075209,248.08914,18.6191,29.799326,42.0159,7.0
PHX,2000-04-20,90.0,58.0,0.0,3.7938719,158.61891,8.91739,22.310825,43.8471,9.0
PHX,2000-04-21,93.0,67.0,0.0,8.686629,174.63197,7.07576,18.833216,30.1424,22.0
PHX,2000-04-22,78.0,59.0,0.0,5.3704734,239.81647,28.6751,36.939697,51.1808,11.0
PHX,2000-04-23,86.0,61.0,0.0,4.668524,189.47575,17.1985,31.791006,51.6382,11.0
PHX,2000-04-24,92.0,63.0,0.0,4.3370476,181.11572,13.2899,23.226355,35.5486,8.0
PHX,2000-04-25,97.0,66.0,0.0,3.7493036,184.721,10.1584,21.098976,37.3199,8.0
PHX,2000-04-26,100.0,66.0,0.0,4.086351,224.27953,7.58477,17.50528,30.808,8.0
PHX,2000-04-27,101.0,69.0,0.0,5.37883,270.60202,8.69407,15.773769,29.5214,10.0
PHX,2000-04-28,97.0,70.0,0.0,6.810585,240.38065,8.73212,16.159073,28.9554,14.0
PHX,2000-04-29,87.0,70.0,0.0,8.626741,261.41382,10.3999,14.212092,19.731,15.0
PHX,2000-04-30,90.0,67.0,0.0,4.584958,231.94586,8.73212,15.41553,24.3158,9.0
PHX,2000-05-01,97.0,63.0,0.0,4.128134,236.85695,8.69407,17.086712,36.6844,12.0
PHX,2000-05-02,99.0,68.0,0.0,4.8885794,140.50694,9.88275,16.160307,28.6754,8.0
PHX,2000-05-03,99.0,68.0,0.0,4.2618384,110.17194,10.4993,15.838524,26.4585,8.0
PHX,2000-05-04,99.0,70.0,0.0,3.8718662,339.98526,12.5166,17.790428,30.1848,8.0
PHX,2000-05-05,98.0,68.0,0.0,5.5069637,260.20264,12.8352,20.381866,51.325,11.0
PHX,2000-05-06,99.0,71.0,0.0,7.091922,227.98122,13.0572,17.665005,24.6002,18.0
PHX,2000-05-07,97.0,70.0,0.0,6.0891366,186.18837,13.7466,20.913877,28.6264,11.0
PHX,2000-05-08,92.0,74.0,0.0,6.7771587,244.36559,25.4946,31.607782,41.2149,12.0
PHX,2000-05-09,96.0,72.0,0.0,4.417827,266.4961,20.0922,29.499063,45.871,10.0
PHX,2000-05-10,100.0,74.0,0.0,10.091922,231.65242,15.9732,27.220806,40.228,20.0
PHX,2000-05-11,84.0,71.0,0.0,8.796658,263.70938,15.2063,22.076649,43.3811,14.0
PHX,2000-05-12,87.0,65.0,0.0,3.8300836,259.9247,13.5359,15.6681185,20.8029,8.0
PHX,2000-05-13,92.0,63.0,0.0,3.7938719,245.45358,12.2834,17.410173,26.4585,9.0
PHX,2000-05-14,99.0,66.0,0.0,4.08078,102.559364,4.13423,13.748567,21.0457,7.0
PHX,2000-05-15,100.0,70.0,0.0,5.788301,170.96082,7.45561,16.02679,98.2339,14.0
PHX,2000-05-16,87.0,68.0,0.0,12.2116995,252.19537,9.83169,15.299241,22.2622,21.0
PHX,2000-05-17,83.0,60.0,0.0,4.9108634,261.65225,13.9214,21.9755,34.5113,11.0
PHX,2000-05-18,90.0,65.0,0.0,5.8077993,235.77943,12.8371,20.338875,29.874,10.0
PHX,2000-05-19,95.0,69.0,0.0,4.7966576,326.0977,13.1457,20.149897,33.4395,10.0
PHX,2000-05-20,101.0,72.0,0.0,4.4707522,164.21817,10.0765,18.401917,30.9724,9.0
PHX,2000-05-21,107.0,76.0,0.0,4.2952647,180.39828,8.63205,15.24085,25.7921,10.0
PHX,2000-05-22,109.0,76.0,0.0,4.793872,258.29428,8.53428,14.3398075,25.9542,10.0
PHX,2000-05-23,106.0,79.0,0.0,6.7103066,270.7591,9.78522,16.915234,28.979,14.0
PHX,2000-05-24,102.0,77.0,0.0,6.2451253,260.79648,8.65528,16.85423,30.9724,16.0
PHX,2000-05-25,95.0,73.0,0.0,6.225627,228.401,10.3903,17.43229,25.8038,13.0
PHX,2000-05-26,95.0,74.0,0.0,4.292479,267.96225,14.3403,26.225298,36.9837,9.0
PHX,2000-05-27,104.0,78.0,0.0,5.0891366,267.88098,15.1745,29.021225,96.2503,9.0
PHX,2000-05-28,110.0,79.0,0.0,5.125348,268.7814,10.9732,20.921284,40.6355,13.0
PHX,2000-05-29,110.0,80.0,0.0,6.2144847,263.8335,10.0624,17.199669,30.6346,13.0
PHX,2000-05-30,107.0,78.0,0.0,5.8077993,261.36307,8.35975,17.279697,31.8974,12.0
PHX,2000-05-31,103.0,81.0,0.0,5.122563,238.29062,12.0814,20.07704,30.3299,11.0
PHX,2000-06-01,103.0,78.0,0.0,4.367688,244.74031,12.2962,20.676836,32.5302,10.0
PHX,2000-06-02,103.0,79.0,0.0,5.208914,274.14972,8.7685,18.770842,32.5302,10.0
PHX,2000-06-03,105.0,76.0,0.0,5.0027857,269.1715,7.91216,14.125205,28.002,11.0
PHX,2000-06-04,106.0,75.0,0.0,4.339833,158.19972,7.87501,12.209753,26.1045,10.0
PHX,2000-06-05,108.0,78.0,0.0,4.7548747,245.06125,7.84091,11.146111,18.4865,9.0
PHX,2000-06-06,109.0,82.0,0.0,5.083565,161.27432,9.13037,17.72247,31.5416,11.0
PHX,2000-06-07,109.0,81.0,0.0,6.8941503,252.13316,9.024,15.941084,24.9027,12.0
PHX,2000-06-08,100.0,85.0,0.0,8.557103,248.06912,16.3305,24.741604,34.7325,17.0
PHX,2000-06-09,93.0,73.0,0.0,5.9860725,284.14664,16.7764,23.583466,35.3565,12.0
PHX,2000-06-10,95.0,72.0,0.0,4.805014,270.1976,12.494,18.683863,29.2433,10.0
PHX,2000-06-11,100.0,73.0,0.0,4.417827,140.93712,10.0765,17.347473,31.4324,10.0
PHX,2000-06-12,104.0,75.0,0.0,4.671309,278.371,10.8104,15.296394,25.202,9.0
PHX,2000-06-13,107.0,77.0,0.0,6.0083566,261.02335,8.53428,15.47906,29.7181,15.0
PHX,2000-06-14,109.0,80.0,0.0,7.2618384,245.05688,10.6,16.057083,29.3161,16.0
PHX,2000-06-15,109.0,82.0,0.0,6.5097494,242.3004,13.7117,19.598383,28.3035,17.0
PHX,2000-06-16,107.0,83.0,0.0,6.45961,253.1842,17.2942,23.82102,36.7931,14.0
PHX,2000-06-17,104.0,83.0,0.0,7.2123957,247.37022,25.5364,34.17797,46.4831,20.0
PHX,2000-06-18,101.0,84.0,0.0,7.086351,197.5126,26.9674,35.76209,44.5858,14.0
PHX,2000-06-19,101.0,82.0,0.0,7.3844013,207.07301,25.9477,36.941296,52.7537,20.0
PHX,2000-06-20,98.0,77.0,0.15,5.7583566,127.488014,32.517,50.168568,73.9485,26.0
PHX,2000-06-21,102.0,75.0,0.0,3.426184,198.4129,17.9487,36.50592,64.3036,9.0
PHX,2000-06-22,91.0,77.0,0.15,4.867688,150.98846,30.0511,45.302025,64.0289,11.0
PHX,2000-06-23,100.0,74.0,0.0,6.1002784,198.551,23.2405,44.20024,70.8797,12.0
PHX,2000-06-24,102.0,77.0,0.0,6.250696,277.81516,15.4594,35.433514,59.7392,11.0
PHX,2000-06-25,106.0,81.0,0.0,5.3064065,266.13507,14.7981,26.974043,47.3902,13.0
PHX,2000-06-26,107.0,82.0,0.0,5.707521,271.74893,16.8892,22.11428,31.8934,11.0
PHX,2000-06-27,106.0,90.0,0.0,7.0027857,260.24988,19.1891,25.200619,33.4372,14.0
PHX,2000-06-28,103.0,79.0,0.01,8.286908,135.48927,24.2938,41.076878,71.3899,23.0
PHX,2000-06-29,101.0,77.0,0.03,4.62117,40.576298,25.253,46.20499,81.922,12.0
PHX,2000-06-30,102.0,82.0,0.0,5.8412256,176.68428,23.5191,39.22196,56.7175,10.0
PHX,2000-07-01,103.0,84.0,0.0,6.2033424,220.58244,21.3524,35.15109,51.4025,11.0
PHX,2000-07-02,105.0,83.0,0.0,5.044568,264.63306,10.8104,27.86647,54.6256,9.0
PHX,2000-07-03,105.0,82.0,0.0,7.122563,242.44594,10.6103,24.650742,47.3902,10.0
PHX,2000-07-04,104.0,78.0,0.0,4.8885794,243.8525,8.41708,15.468267,28.6751,9.0
PHX,2000-07-05,105.0,77.0,0.0,4.5543175,297.24332,8.54854,14.547404,24.1725,11.0
PHX,2000-07-06,102.0,78.0,0.0,5.1699166,277.6221,11.4716,21.48394,33.6452,12.0
PHX,2000-07-07,100.0,76.0,0.23,6.66156,245.11522,20.7763,32.311573,78.9629,20.0
PHX,2000-07-08,99.0,77.0,0.0,5.735376,167.0272,23.0158,44.9306,71.1909,11.0
PHX,2000-07-09,103.0,81.0,0.0,4.7437325,233.89444,10.54,19.489685,27.9262,10.0
PHX,2000-07-10,101.0,80.0,0.0,3.54039,200.70117,11.2144,16.214865,23.0158,9.0
PHX,2000-07-11,106.0,84.0,0.0,4.2896934,316.695,10.54,16.309132,25.7904,7.0
PHX,2000-07-12,106.0,80.0,0.0,5.0862617,275.29956,9.45968,14.561448,27.1903,9.0
PHX,2000-07-13,104.0,85.0,0.0,5.477707,272.76254,11.4716,18.387564,26.8437,10.0
PHX,2000-07-14,105.0,85.0,0.0,4.7253523,213.12035,14.7713,19.839514,29.3675,8.0
PHX,2000-07-15,107.0,84.0,0.0,6.33121,248.94481,17.8384,25.158129,37.2146,11.0
PHX,2000-07-16,107.0,86.0,0.0,5.8494983,276.1935,14.7713,25.225145,41.7143,11.0
PHX,2000-07-17,108.0,83.0,0.0,4.6133723,269.02176,11.5956,18.781292,34.3201,9.0
PHX,2000-07-18,113.0,81.0,0.0,5.1070232,267.9894,8.79064,15.643922,31.5416,10.0
PHX,2000-07-19,113.0,84.0,0.0,5.38535,268.28015,5.33639,12.1226425,21.4173,10.0
PHX,2000-07-20,111.0,86.0,0.0,6.2420382,268.4464,9.49766,17.076385,28.4766,13.0
PHX,2000-07-21,106.0,88.0,0.0,6.7579618,267.2686,19.4635,29.298243,41.9124,13.0
PHX,2000-07-22,105.0,88.0,0.0,5.8908453,288.09726,20.6394,27.971434,39.1666,9.0
PHX,2000-07-23,109.0,88.0,0.0,6.5232344,147.07819,16.3129,27.144976,39.4689,17.0
PHX,2000-07-24,111.0,90.0,0.0,5.7056856,236.55266,12.7569,20.516005,34.2222,11.0
PHX,2000-07-25,111.0,89.0,0.0,6.094225,287.07977,10.0075,20.155466,33.9195,10.0
PHX,2000-07-26,111.0,89.0,0.0,5.2675586,265.52094,14.3057,20.05019,29.5033,9.0
PHX,2000-07-27,110.0,91.0,0.0,6.0923567,251.35115,13.7117,22.007849,34.2222,11.0
PHX,2000-07-28,112.0,89.0,0.0,10.047619,259.95563,12.5431,22.167145,36.7931,20.0
PHX,2000-07-29,106.0,87.0,0.0,5.4312267,329.06677,14.7981,23.744396,39.0815,11.0
PHX,2000-07-30,108.0,78.0,0.04,7.3761396,114.069374,16.3129,26.081297,61.5844,33.0
PHX,2000-07-31,106.0,79.0,0.01,4.0623083,74.10969,17.9951,34.93881,58.3966,13.0
PHX,2000-08-01,108.0,85.0,0.0,6.31307,279.49933,19.2041,32.61631,49.6623,15.0
PHX,2000-08-02,108.0,86.0,0.0,6.3525834,262.9673,18.11,28.66369,42.0151,12.0
PHX,2000-08-03,109.0,88.0,0.0001,8.519622,254.9475,16.5318,25.084333,36.3548,22.0
PHX,2000-08-04,110.0,88.0,0.0,6.4645667,276.08893,16.7749,27.14709,43.40243,13.0
PHX,2000-08-05,112.0,87.0,0.0001,7.2866244,270.83237,15.1228,26.759836,48.2631,25.0
PHX,2000-08-06,103.0,85.0,0.0,7.270517,257.2354,25.4076,36.6627,49.6623,14.0
PHX,2000-08-07,101.0,80.0,0.0001,6.3035116,279.59195,27.0983,39.410786,69.3207,13.0
PHX,2000-08-08,97.0,78.0,0.0001,5.823708,216.79858,29.5956,50.70726,78.621,12.0
PHX,2000-08-09,105.0,83.0,0.0,5.0955415,133.5446,21.3145,33.951267,49.2195,13.0
PHX,2000-08-10,106.0,87.0,0.0,5.5752506,123.070435,22.3167,32.136387,45.044,13.0
PHX,2000-08-11,107.0,86.0,0.0001,10.082827,122.67031,23.1937,35.590626,51.2356,17.0
PHX,2000-08-12,102.0,84.0,0.0,4.53169,84.035614,25.4076,39.19163,58.6546,8.0
PHX,2000-08-13,107.0,87.0,0.0,5.880435,252.13867,21.7307,35.352695,46.4831,21.0
PHX,2000-08-14,107.0,85.0,0.0,5.3125,209.52966,20.2387,31.930693,47.974,10.0
PHX,2000-08-15,106.0,87.0,0.0,6.671309,263.89435,20.9053,30.641441,43.3689,14.0
PHX,2000-08-16,110.0,89.0,0.0,5.4528875,275.61642,17.7724,26.405714,39.4689,10.0
PHX,2000-08-17,103.0,76.0,0.2,8.738602,249.37434,26.2334,38.080467,83.3239,22.0
PHX,2000-08-18,97.0,77.0,0.0,5.501393,110.778435,31.748,49.145733,76.569,10.0
PHX,2000-08-19,105.0,84.0,0.0,3.0455928,78.23389,22.1634,34.19325,51.2489,8.0
PHX,2000-08-20,106.0,85.0,0.0,3.7852113,141.5046,18.3253,29.233818,44.6264,12.0
PHX,2000-08-21,105.0,85.0,0.0,4.5159235,82.143425,18.4416,26.998625,38.6968,9.0
PHX,2000-08-22,101.0,79.0,0.0001,7.883829,156.89398,24.9621,34.564793,66.5828,24.0
PHX,2000-08-23,99.0,79.0,0.0001,5.442379,295.9942,25.3753,39.37563,60.4858,9.0
PHX,2000-08-24,104.0,78.0,0.02,4.816879,138.26909,24.2938,43.78108,73.9652,18.0
PHX,2000-08-25,101.0,80.0,0.0,5.03937,266.91077,25.253,41.67144,62.2913,10.0
PHX,2000-08-26,105.0,84.0,0.21,5.539613,111.87317,21.469,35.90818,53.0308,16.0
PHX,2000-08-27,92.0,83.0,0.0,7.6740947,264.82724,37.9889,47.64556,56.7175,16.0
PHX,2000-08-28,93.0,78.0,0.01,4.8726115,147.65265,36.723,52.73965,73.9652,8.0
PHX,2000-08-29,85.0,72.0,0.14,6.0755816,223.49013,39.8331,62.583122,90.6553,11.0
PHX,2000-08-30,93.0,74.0,0.0,5.3116198,101.422966,32.9224,55.97119,76.3059,22.0
PHX,2000-08-31,94.0,71.0,0.0,4.009554,119.86144,23.9615,42.269424,68.2518,8.0
PHX,2000-09-01,92.0,76.0,0.0,4.665738,186.63786,13.4896,27.86078,43.5648,9.0
PHX,2000-09-02,98.0,73.0,0.0,2.8327138,133.42003,13.2975,26.86246,44.2275,7.0
PHX,2000-09-03,101.0,74.0,0.0,4.2420382,124.42604,11.3773,25.287573,41.3834,9.0
PHX,2000-09-04,104.0,74.0,0.0,3.0526316,91.74905,11.4716,22.27953,35.9081,7.0
PHX,2000-09-05,104.0,78.0,0.0,4.0116277,111.46842,13.045,21.159487,32.362,10.0
PHX,2000-09-06,102.0,85.0,0.0,6.2279634,315.4786,15.0455,22.779116,28.9047,13.0
PHX,2000-09-07,107.0,82.0,0.0,3.8996656,265.21948,13.2961,24.376013,36.9081,8.0
PHX,2000-09-08,105.0,83.0,0.01,5.231003,241.13702,15.4116,25.791048,39.8331,10.0
PHX,2000-09-09,103.0,78.0,0.0,4.1152415,72.085365,15.4594,25.536669,40.228,10.0
PHX,2000-09-10,100.0,81.0,0.0,4.555184,117.60379,25.7917,36.296085,47.8308,12.0
PHX,2000-09-11,102.0,82.0,0.0,4.136778,268.708,18.1859,35.429108,52.9345,9.0
PHX,2000-09-12,105.0,79.0,0.0,3.487261,243.27728,13.2961,24.811304,42.1638,9.0
PHX,2000-09-13,109.0,79.0,0.0,3.8628762,130.63533,11.4363,21.177986,49.0857,8.0
PHX,2000-09-14,112.0,80.0,0.0,3.5927052,182.07951,12.947,19.094822,32.67,7.0
PHX,2000-09-15,110.0,83.0,0.0,6.826087,118.6669,14.3313,18.449572,25.9351,15.0
PHX,2000-09-16,107.0,82.0,0.0,3.6830986,102.16464,16.2893,22.300238,34.1804,7.0
PHX,2000-09-17,106.0,81.0,0.0,4.219331,159.91623,17.2734,26.037233,41.2465,8.0
PHX,2000-09-18,101.0,84.0,0.0,6.605948,265.91324,21.8909,34.925186,51.2489,12.0
PHX,2000-09-19,102.0,82.0,0.0,3.7738853,192.3685,16.4162,30.536493,44.2872,7.0
PHX,2000-09-20,100.0,80.0,0.0,5.2570424,172.39816,21.6184,34.08121,48.6395,9.0
PHX,2000-09-21,100.0,82.0,0.0,7.412791,190.61157,23.2405,34.30408,44.2872,16.0
PHX,2000-09-22,97.0,76.0,0.0,7.6960487,236.02777,17.4403,29.52209,44.2872,16.0
PHX,2000-09-23,87.0,74.0,0.0,5.917933,264.10184,28.9047,36.60488,44.9663,11.0
PHX,2000-09-24,91.0,67.0,0.0,3.65,58.85308,12.6978,25.279015,50.5993,10.0
PHX,2000-09-25,99.0,67.0,0.0,3.905775,64.9841,9.27276,17.591894,27.3147,10.0
PHX,2000-09-26,101.0,81.0,0.0,4.8494983,93.54505,18.1698,23.534517,33.6156,8.0
PHX,2000-09-27,100.0,81.0,0.0,2.8057325,170.0301,26.8101,34.166386,42.3021,7.0
PHX,2000-09-28,103.0,79.0,0.0,3.0389972,317.9797,23.5183,32.372524,42.3021,8.0
PHX,2000-09-29,101.0,81.0,0.0,4.147157,102.77454,20.9324,30.532732,43.8663,8.0
PHX,2000-09-30,102.0,79.0,0.0,4.3924417,253.22652,15.6993,24.51021,37.7753,10.0
PHX,2000-10-01,102.0,76.0,0.0,5.3081393,264.35956,15.0455,24.693052,35.9809,9.0
PHX,2000-10-02,100.0,77.0,0.0,2.909699,269.66486,19.8426,30.17555,43.1824,7.0
PHX,2000-10-03,98.0,78.0,0.0,2.5465117,102.24514,22.9622,32.733757,44.4503,6.0
PHX,2000-10-04,89.0,72.0,0.25,6.146058,3.178532,32.1986,50.5199,73.6111,19.0
PHX,2000-10-05,98.0,71.0,0.0,4.4173226,57.362186,16.9661,37.885147,65.9022,8.0
PHX,2000-10-06,98.0,73.0,0.0,2.6421404,351.33493,17.4403,33.135986,48.48,5.0
PHX,2000-10-07,97.0,72.0,0.0,3.5518394,102.34198,17.4403,30.342674,49.9391,7.0
PHX,2000-10-08,87.0,69.0,0.0,11.916434,109.77242,25.9351,34.323,43.7531,17.0
PHX,2000-10-09,83.0,63.0,0.05,9.65407,96.74067,28.4403,39.19943,62.5779,16.0
PHX,2000-10-10,79.0,59.0,0.54,7.490511,86.48507,45.121,70.98925,100.0,14.0
PHX,2000-10-11,75.0,62.0,0.12,5.0036335,243.75163,27.8985,46.597183,90.3879,10.0
PHX,2000-10-12,75.0,57.0,0.0,2.2796352,313.8468,23.8496,54.156826,93.1031,6.0
PHX,2000-10-13,79.0,56.0,0.0,2.7355623,249.42467,23.5814,39.712143,63.9715,6.0
PHX,2000-10-14,82.0,58.0,0.0,1.6053512,159.08173,17.6921,36.059692,53.1504,5.0
PHX,2000-10-15,84.0,58.0,0.0,2.1019108,83.81629,20.1182,38.76909,59.7243,6.0
PHX,2000-10-16,86.0,61.0,0.0,2.388535,83.3581,20.5425,36.479675,58.116,7.0
PHX,2000-10-17,90.0,62.0,0.0,2.2594142,93.981285,21.4173,34.861202,55.9548,7.0
PHX,2000-10-18,92.0,69.0,0.0001,5.5414014,101.15061,23.6319,30.806887,48.48,10.0
PHX,2000-10-19,80.0,68.0,0.02,5.854651,91.21724,35.0277,49.11746,65.4381,11.0
PHX,2000-10-20,86.0,63.0,0.0,2.5451505,121.32938,28.741,48.05927,72.4172,8.0
PHX,2000-10-21,81.0,63.0,0.4,6.6443768,114.341,42.3021,65.00699,90.3104,16.0
PHX,2000-10-22,66.0,57.0,0.25,7.3593316,92.4744,65.3744,82.59525,96.2017,11.0
PHX,2000-10-23,69.0,57.0,0.17,4.6707315,132.47514,48.7675,74.221634,100.0,12.0
PHX,2000-10-24,71.0,57.0,0.04,2.6180298,267.9526,49.2269,72.91121,93.7405,6.0
PHX,2000-10-25,76.0,55.0,0.0,1.9604863,122.3904,38.4328,65.26138,90.0283,7.0
PHX,2000-10-26,79.0,59.0,0.0,4.68693,158.83557,39.0526,62.727077,80.6354,10.0
PHX,2000-10-27,70.0,56.0,0.94,6.544273,110.39888,56.6563,77.95298,100.0,17.0
PHX,2000-10-28,68.0,55.0,0.12,3.0928094,127.71388,54.5055,74.96912,93.6455,7.0
PHX,2000-10-29,72.0,55.0,0.0,4.4623957,122.632515,44.0605,68.017,89.4819,9.0
PHX,2000-10-30,74.0,56.0,0.27,5.9749303,141.98872,47.293,75.868286,93.7405,14.0
PHX,2000-10-31,66.0,49.0,0.0,2.6541245,209.55536,33.9192,66.810616,100.0,9.0
PHX,2000-11-01,69.0,49.0,0.0,4.477707,114.71187,34.3818,58.23097,79.9424,8.0
PHX,2000-11-02,68.0,51.0,0.0,4.5174417,153.88945,38.7369,59.22016,80.0979,7.0
PHX,2000-11-03,69.0,53.0,0.0,4.930362,65.80807,38.8122,59.636272,85.7845,9.0
PHX,2000-11-04,67.0,57.0,0.0001,5.495822,249.20229,54.0127,66.61332,80.6354,8.0
PHX,2000-11-05,67.0,52.0,0.0,4.7093024,154.63072,46.5218,68.652756,89.9465,10.0
PHX,2000-11-06,59.0,48.0,0.5,5.3444767,88.97915,66.4123,82.70151,92.8699,10.0
PHX,2000-11-07,63.0,45.0,0.0,6.1643453,43.777782,17.2451,55.892307,100.0,16.0
PHX,2000-11-08,63.0,43.0,0.0,2.6899695,123.93751,28.4515,46.285458,71.2814,9.0
PHX,2000-11-09,67.0,45.0,0.0,6.211699,110.60025,23.8395,52.95276,76.2459,11.0
PHX,2000-11-10,62.0,50.0,0.0001,7.869186,150.14166,33.425,53.56975,79.9424,11.0
PHX,2000-11-11,61.0,46.0,0.0,4.791086,173.87299,30.4796,59.1564,89.6486,11.0
PHX,2000-11-12,62.0,43.0,0.0,4.2866244,248.5382,20.9331,51.334385,82.2365,7.0
PHX,2000-11-13,65.0,41.0,0.0,3.7123747,132.03583,19.0571,46.31198,79.2134,10.0
PHX,2000-11-14,66.0,46.0,0.0,4.264535,142.5066,31.4843,46.153572,60.619,8.0
PHX,2000-11-15,63.0,43.0,0.0,3.4401114,245.32874,20.431,43.49528,76.062,10.0
PHX,2000-11-16,63.0,40.0,0.0,3.367688,95.48377,17.3678,44.43303,73.3938,7.0
PHX,2000-11-17,63.0,41.0,0.0,4.1744184,253.8738,14.6234,37.947758,70.2012,8.0
PHX,2000-11-18,63.0,40.0,0.0,4.853503,107.30529,12.042,30.046038,56.481,11.0
PHX,2000-11-19,67.0,39.0,0.0,3.0436046,149.09692,12.043,34.79131,64.4261,5.0
PHX,2000-11-20,74.0,43.0,0.0,4.0947075,96.36772,14.5089,35.73482,59.9281,9.0
PHX,2000-11-21,72.0,53.0,0.0,6.9916434,87.4316,17.016,26.443007,39.0091,13.0
PHX,2000-11-22,73.0,52.0,0.0,7.5477705,263.03085,19.7971,32.536358,46.9102,17.0
PHX,2000-11-23,66.0,45.0,0.0,2.513378,113.18857,25.3764,40.23856,58.3321,8.0
PHX,2000-11-24,67.0,45.0,0.0,3.8272982,104.4171,28.0067,50.82317,70.5211,8.0
PHX,2000-11-25,71.0,45.0,0.0,2.8949044,95.3207,20.8012,48.905926,73.5946,6.0
PHX,2000-11-26,74.0,44.0,0.0,2.857143,103.573616,13.335,35.78537,58.61,7.0
PHX,2000-11-27,72.0,46.0,0.0,4.037791,103.47838,23.3936,44.291866,62.5635,7.0
PHX,2000-11-28,74.0,47.0,0.0,3.4930363,101.27086,19.4544,45.376354,68.2786,7.0
PHX,2000-11-29,76.0,48.0,0.0,3.5793872,105.32379,24.1445,45.252872,65.8038,7.0
PHX,2000-11-30,76.0,50.0,0.0,3.2218845,97.15085,25.1968,48.82833,68.2778,7.0
PHX,2000-12-01,73.0,48.0,0.0,3.3760445,77.76066,25.8239,50.08621,68.2778,6.0
PHX,2000-12-02,74.0,54.0,0.0,4.7005816,99.43509,25.8038,44.00174,64.2766,8.0
PHX,2000-12-03,74.0,52.0,0.0,4.136778,87.43019,25.8038,41.883347,57.1427,11.0
PHX,2000-12-04,76.0,49.0,0.0,3.75,89.33374,22.316,45.872013,68.153,7.0
PHX,2000-12-05,77.0,51.0,0.0,3.125348,117.13058,23.4302,40.186127,56.863,9.0
PHX,2000-12-06,75.0,49.0,0.0,3.4958217,105.08498,24.156,44.659576,65.8038,8.0
PHX,2000-12-07,73.0,53.0,0.0,4.128134,89.801254,26.7627,44.4326,60.867,12.0
PHX,2000-12-08,73.0,51.0,0.0,4.0955415,103.83139,25.8239,43.79293,61.151,9.0
PHX,2000-12-09,68.0,48.0,0.0,3.9534883,99.45218,32.8077,49.998337,65.6715,8.0
PHX,2000-12-10,64.0,50.0,0.0,5.253482,101.08192,42.6487,57.292137,71.1855,10.0
PHX,2000-12-11,69.0,44.0,0.0,3.5766017,83.66954,25.9874,54.96408,79.5387,8.0
PHX,2000-12-12,65.0,45.0,0.0,9.005571,90.43675,36.1895,56.58606,73.5946,23.0
PHX,2000-12-13,62.0,43.0,0.0,4.0425534,103.41145,31.8521,57.436172,82.314,8.0
PHX,2000-12-14,65.0,43.0,0.0,3.7848837,108.101006,33.5997,51.038902,70.3017,8.0
PHX,2000-12-15,65.0,44.0,0.0,3.3459303,112.442375,31.1673,52.68947,70.5211,6.0
PHX,2000-12-16,67.0,41.0,0.0,3.8718662,138.92969,25.8487,49.326336,75.9777,8.0
PHX,2000-12-17,72.0,42.0,0.0,2.5376046,101.38638,14.5089,40.550587,67.8137,8.0
PHX,2000-12-18,65.0,41.0,0.0,6.200608,24.284788,6.8764,17.974337,51.3391,13.0
PHX,2000-12-19,68.0,41.0,0.0,4.770349,67.37271,7.80265,20.972832,35.4701,14.0
PHX,2000-12-20,66.0,40.0,0.0,4.0779943,118.330505,12.5042,28.878325,46.4099,8.0
PHX,2000-12-21,70.0,41.0,0.0,3.3430233,92.968216,16.0044,33.582024,50.4163,7.0
PHX,2000-12-22,72.0,42.0,0.0,3.8718662,110.66605,16.2628,36.839474,57.2158,12.0
PHX,2000-12-23,73.0,43.0,0.0,2.9108634,91.65797,17.2799,36.929455,55.5626,8.0
PHX,2000-12-24,73.0,46.0,0.0,3.7611465,112.94069,17.016,34.281933,49.8057,8.0
PHX,2000-12-25,66.0,42.0,0.0,8.6350975,313.19946,19.1842,36.104015,67.2174,19.0
PHX,2000-12-26,66.0,43.0,0.0,6.0362115,57.33504,21.9702,32.309116,45.154,12.0
PHX,2000-12-27,64.0,42.0,0.0,4.187898,121.71068,23.377,38.0356,55.2699,9.0
PHX,2000-12-28,67.0,41.0,0.0,3.0417826,136.14227,20.2322,39.989082,59.6524,7.0
PHX,2000-12-29,73.0,41.0,0.0,3.1643455,113.76478,18.6015,40.5332,64.68,7.0
PHX,2000-12-30,70.0,45.0,0.0,2.7883008,103.14263,21.2944,38.267334,50.112,7.0
PHX,2000-12-31,69.0,42.0,0.0,3.4930363,118.03295,23.9754,44.330826,64.3466,8.0
PHX,2001-01-01,69.0,46.0,0.0,4.4528875,125.260895,25.051968,40.880844,56.14071,9.0
PHX,2001-01-02,74.0,44.0,0.0,6.22093,67.22332,15.4384,36.520195,65.067535,16.0
PHX,2001-01-03,74.0,46.0,0.0,7.2340426,75.96829,12.962647,24.480818,42.217983,19.0
PHX,2001-01-04,76.0,45.0,0.0,3.9969604,102.39564,14.098748,26.55083,47.047966,13.0
PHX,2001-01-05,74.0,50.0,0.0,3.8690808,90.98459,20.45808,30.825506,45.578323,8.0
PHX,2001-01-06,70.0,53.0,0.0001,3.6291792,100.571915,36.3556,52.9404,74.0807,7.0
PHX,2001-01-07,70.0,49.0,0.0,3.7103064,103.38177,41.86172,65.60066,89.73392,7.0
PHX,2001-01-08,75.0,51.0,0.2,6.5843024,96.2812,24.8986,54.357445,90.028305,12.0
PHX,2001-01-09,56.0,50.0,0.15,6.5501394,80.170555,71.69842,81.778175,92.9879,12.0
PHX,2001-01-10,62.0,49.0,0.0,4.0529246,110.46517,55.521954,76.63161,92.86987,9.0
PHX,2001-01-11,70.0,46.0,0.0,8.428969,140.00787,27.3147,58.192177,89.73392,16.0
PHX,2001-01-12,55.0,45.0,0.48,6.9367733,199.17531,66.0446,81.58829,93.3985,14.0
PHX,2001-01-13,57.0,42.0,0.0,3.7234042,93.16812,50.57517,76.724915,95.841415,8.0
PHX,2001-01-14,59.0,40.0,0.0,2.7264438,182.47638,37.2837,67.70286,92.555824,7.0
PHX,2001-01-15,58.0,40.0,0.01,5.596356,177.04417,46.9102,67.11061,88.9929,16.0
PHX,2001-01-16,48.0,42.0,0.24,5.7913413,150.83908,73.7934,85.79644,93.3474,12.0
PHX,2001-01-17,55.0,37.0,0.0,3.5254776,293.92682,35.041946,66.78725,100.0,12.0
PHX,2001-01-18,57.0,36.0,0.0,3.87538,214.95215,22.179,51.233795,81.94807,9.0
PHX,2001-01-19,61.0,38.0,0.0,3.9944289,119.260765,22.767818,48.0763,73.19082,9.0
PHX,2001-01-20,66.0,46.0,0.0,2.3248408,121.174484,26.194105,49.672867,70.9534,6.0
PHX,2001-01-21,71.0,44.0,0.0,5.1810584,89.422935,18.057362,39.26773,76.52618,13.0
PHX,2001-01-22,72.0,51.0,0.0,6.5069637,103.03938,27.214584,37.324432,51.809525,15.0
PHX,2001-01-23,69.0,45.0,0.0,2.9505813,90.03181,30.6848,53.843277,76.345345,8.0
PHX,2001-01-24,72.0,47.0,0.0,3.6046512,142.81326,28.626377,51.744064,76.42778,8.0
PHX,2001-01-25,62.0,47.0,0.0,4.787791,260.82742,25.2373,43.74088,60.618965,11.0
PHX,2001-01-26,60.0,41.0,0.0,4.4389534,115.81108,28.1366,47.446938,70.20118,10.0
PHX,2001-01-27,55.0,44.0,0.69,8.666667,132.77348,41.200428,81.68038,93.3985,14.0
PHX,2001-01-28,53.0,41.0,0.0,4.119777,309.54904,56.0514,75.78601,92.65329,12.0
PHX,2001-01-29,57.0,42.0,0.0,2.7355623,102.74923,54.508926,72.15439,91.9788,7.0
PHX,2001-01-30,59.0,42.0,0.0,4.0,253.40361,29.71512,60.886513,91.9788,9.0
PHX,2001-01-31,59.0,38.0,0.0,3.610465,17.895967,19.986956,43.957455,75.688126,8.0
PHX,2001-02-01,67.0,38.0,0.0,2.996063,213.96721,14.3035,34.936996,59.652416,9.0
PHX,2001-02-02,68.0,43.0,0.0,3.6918604,93.856346,17.23724,35.500717,57.5013,9.0
PHX,2001-02-03,70.0,44.0,0.0,2.6488295,106.52032,23.393627,48.566566,78.9063,7.0
PHX,2001-02-04,79.0,46.0,0.0,2.9483283,81.13105,24.439167,51.042145,83.2272,7.0
PHX,2001-02-05,79.0,51.0,0.0,4.048632,103.901794,17.303146,44.493042,71.6984,8.0
PHX,2001-02-06,78.0,52.0,0.0,6.3052325,125.97262,27.285658,38.235874,63.4719,13.0
PHX,2001-02-07,73.0,54.0,0.0,10.568245,221.66779,25.406963,34.714935,47.079597,19.0
PHX,2001-02-08,56.0,42.0,0.0001,9.342618,246.40599,32.281017,46.51234,75.97773,16.0
PHX,2001-02-09,59.0,39.0,0.0,5.1643453,110.60416,27.9646,54.600544,79.21337,10.0
PHX,2001-02-10,67.0,41.0,0.0,4.823708,166.61717,22.803062,42.574535,65.067535,11.0
PHX,2001-02-11,65.0,42.0,0.0,2.6751592,118.06939,23.6763,42.214607,65.067535,7.0
PHX,2001-02-12,70.0,42.0,0.0,4.548495,104.31279,21.451498,44.960888,70.30391,10.0
PHX,2001-02-13,65.0,46.0,0.08,9.311047,192.28096,32.490173,63.827293,92.77664,21.0
PHX,2001-02-14,55.0,43.0,0.23,5.6846533,101.84815,63.334076,82.176094,95.9504,12.0
PHX,2001-02-15,59.0,42.0,0.0,3.522293,233.6983,42.1428,70.299324,95.9153,9.0
PHX,2001-02-16,64.0,43.0,0.0,3.9526463,91.41195,27.526237,58.061867,79.53873,7.0
PHX,2001-02-17,68.0,43.0,0.0,3.0,149.37982,24.1385,50.126297,79.53873,10.0
PHX,2001-02-18,74.0,49.0,0.0,2.465181,154.27734,29.103369,51.977962,86.13121,8.0
PHX,2001-02-19,75.0,47.0,0.0,2.7993631,115.25757,23.0056,47.12311,73.3855,7.0
PHX,2001-02-20,75.0,51.0,0.0,4.442675,121.19786,27.066418,46.97531,71.28357,9.0
PHX,2001-02-21,75.0,49.0,0.0,4.052817,113.10628,23.1383,45.472504,70.9534,8.0
PHX,2001-02-22,74.0,50.0,0.0,4.5610466,110.87984,26.119171,45.252846,68.153,11.0
PHX,2001-02-23,64.0,51.0,0.0,8.718663,246.2899,18.201786,41.14828,61.413486,16.0
PHX,2001-02-24,63.0,43.0,0.0,7.4832826,231.50331,28.413208,44.64098,67.8137,13.0
PHX,2001-02-25,66.0,50.0,0.12,6.0,96.919014,26.810612,51.042397,89.3093,14.0
PHX,2001-02-26,66.0,51.0,0.01,5.3816156,116.87577,34.064,66.925385,96.729294,10.0
PHX,2001-02-27,67.0,49.0,0.14,6.3793607,202.15111,34.237526,63.129726,96.0532,17.0
PHX,2001-02-28,55.0,47.0,0.28,5.6924157,123.96867,61.692875,84.98694,93.499,10.0
PHX,2001-03-01,63.0,43.0,0.0,3.9156976,240.04312,37.6865,70.40623,100.0,10.0
PHX,2001-03-02,66.0,45.0,0.0,4.7234044,262.12784,33.9192,58.61543,89.5622,16.0
PHX,2001-03-03,66.0,46.0,0.0,3.2474916,117.999756,31.3403,54.913177,79.0709,9.0
PHX,2001-03-04,74.0,47.0,0.0,5.37883,100.97469,23.8496,48.284534,73.3855,8.0
PHX,2001-03-05,76.0,56.0,0.0,5.6133723,98.094345,22.6083,39.92562,63.9715,10.0
PHX,2001-03-06,74.0,59.0,0.0,6.8541036,242.71327,30.1424,47.203518,64.5943,20.0
PHX,2001-03-07,62.0,52.0,0.71,6.9902506,104.39334,69.5208,85.93337,100.0,14.0
PHX,2001-03-08,65.0,52.0,0.0,1.9928344,175.21672,57.8728,77.326904,93.5972,5.0
PHX,2001-03-09,69.0,51.0,0.0,5.048632,136.22487,52.5117,70.60121,92.2797,9.0
PHX,2001-03-10,61.0,50.0,0.06,8.741279,249.17145,40.5421,59.139206,86.1923,15.0
PHX,2001-03-11,61.0,46.0,0.0001,4.6656976,96.88012,51.1808,71.16029,88.9929,11.0
PHX,2001-03-12,71.0,47.0,0.0,3.5016723,122.47361,30.808,60.69277,92.7766,7.0
PHX,2001-03-13,74.0,48.0,0.0,3.6018238,244.29674,26.9284,51.323975,86.08,11.0
PHX,2001-03-14,76.0,50.0,0.0,5.863222,125.51324,26.1045,49.133686,79.9424,12.0
PHX,2001-03-15,76.0,52.0,0.0,5.8601823,83.5929,15.2087,33.40734,69.3018,15.0
PHX,2001-03-16,78.0,52.0,0.0,6.224924,152.55241,20.0015,36.111343,54.377,10.0
PHX,2001-03-17,75.0,53.0,0.0,5.744681,270.61523,17.1359,33.67602,64.0289,13.0
PHX,2001-03-18,80.0,50.0,0.0,4.5738163,121.613716,18.6191,37.89026,65.4756,9.0
PHX,2001-03-19,85.0,54.0,0.0,4.6918607,78.3589,16.1354,33.88177,59.5762,15.0
PHX,2001-03-20,90.0,60.0,0.0,4.364742,116.08086,17.0032,30.087297,49.5471,12.0
PHX,2001-03-21,89.0,58.0,0.0,4.4072948,110.81647,16.5241,33.24845,55.2391,9.0
PHX,2001-03-22,90.0,62.0,0.0,6.695652,115.83122,16.8451,30.276983,51.6382,11.0
PHX,2001-03-23,88.0,58.0,0.0,5.7234044,84.24824,15.5643,29.02689,53.2016,7.0
PHX,2001-03-24,89.0,60.0,0.0,4.140127,119.760475,16.2931,27.825672,42.3332,8.0
PHX,2001-03-25,89.0,60.0,0.0,4.7611465,115.223495,16.864,28.748196,44.4739,9.0
PHX,2001-03-26,85.0,58.0,0.0,6.1549296,64.72799,17.7077,30.46339,49.2596,9.0
PHX,2001-03-27,83.0,57.0,0.0,7.2583613,102.05587,22.6666,33.258762,51.0182,17.0
PHX,2001-03-28,88.0,60.0,0.0,6.1496816,244.24876,16.2724,33.660225,57.8443,17.0
PHX,2001-03-29,87.0,60.0,0.0,8.282675,271.41998,20.3927,30.564137,47.6955,14.0
PHX,2001-03-30,84.0,61.0,0.0,4.9886017,255.06992,16.5898,29.827124,53.44,14.0
PHX,2001-03-31,88.0,58.0,0.0,3.8415494,103.87737,16.5241,29.118788,45.4267,8.0
PHX,2001-04-01,88.0,63.0,0.0,6.104651,167.56647,18.232943,29.219473,41.49439,11.0
PHX,2001-04-02,85.0,67.0,0.0,9.918605,229.72476,24.6227,35.402725,52.66842,16.0
PHX,2001-04-03,80.0,62.0,0.0,9.557799,256.24454,31.8974,45.24392,65.1368,15.0
PHX,2001-04-04,81.0,62.0,0.0,8.18845,252.4098,24.172548,41.273903,55.6753,14.0
PHX,2001-04-05,71.0,54.0,0.74,9.87234,196.98235,37.807186,56.88749,100.0,23.0
PHX,2001-04-06,69.0,52.0,0.14,6.38535,180.3307,45.0934,65.71093,89.3093,14.0
PHX,2001-04-07,74.0,52.0,0.0,7.75,188.82298,23.849648,53.74008,82.9414,13.0
PHX,2001-04-08,70.0,55.0,0.0,6.775076,260.13297,24.1385,42.92666,59.84349,12.0
PHX,2001-04-09,73.0,51.0,0.0,7.0605097,241.25778,19.454418,38.365566,68.2778,15.0
PHX,2001-04-10,61.0,47.0,0.04,10.543176,259.3281,33.103733,54.065544,77.14099,23.0
PHX,2001-04-11,68.0,46.0,0.0,5.799331,117.87,29.25,49.366947,82.45489,10.0
PHX,2001-04-12,72.0,55.0,0.0,5.8206687,224.33821,27.929062,39.48651,57.142693,10.0
PHX,2001-04-13,82.0,55.0,0.0,3.717472,70.11236,18.888653,38.581398,64.27661,8.0
PHX,2001-04-14,85.0,55.0,0.0,5.2077465,76.77983,17.1985,33.135902,59.576214,10.0
PHX,2001-04-15,90.0,58.0,0.0,4.7887325,87.740746,8.118333,25.248032,51.0182,10.0
PHX,2001-04-16,93.0,61.0,0.0,4.729483,89.8139,7.238792,22.906137,39.791428,10.0
PHX,2001-04-17,97.0,63.0,0.0,3.5732484,100.61547,8.106858,22.008087,41.062683,10.0
PHX,2001-04-18,96.0,66.0,0.0,6.4394903,109.98043,7.6129227,21.884203,38.3238,12.0
PHX,2001-04-19,88.0,75.0,0.0,6.1528664,137.70511,15.771,19.625834,26.426239,14.0
PHX,2001-04-20,81.0,63.0,0.0,10.654275,262.54926,14.716737,22.385973,31.16733,24.0
PHX,2001-04-21,72.0,48.0,0.14,9.123457,258.46512,24.746288,50.684998,93.44901,35.0
PHX,2001-04-22,70.0,46.0,0.0,5.2834644,104.08104,31.917837,55.741737,89.08356,8.0
PHX,2001-04-23,84.0,54.0,0.0,5.1036787,60.83887,11.175735,34.938206,74.481316,8.0
PHX,2001-04-24,95.0,61.0,0.0,5.56231,57.772884,9.822584,22.367523,53.64997,16.0
PHX,2001-04-25,100.0,68.0,0.0,6.497093,97.784294,10.700127,21.376581,39.537235,14.0
PHX,2001-04-26,99.0,72.0,0.0,5.4808917,108.90274,12.1789255,24.55498,39.439,15.0
PHX,2001-04-27,99.0,73.0,0.0,6.9756837,150.39929,10.0509,25.011122,41.3834,15.0
PHX,2001-04-28,96.0,72.0,0.0,7.626741,173.91985,8.837229,21.129238,40.9045,14.0
PHX,2001-04-29,95.0,66.0,0.0,5.7957745,97.59633,9.206597,18.573278,35.866684,10.0
PHX,2001-04-30,96.0,68.0,0.0,5.082067,235.92224,12.2685,20.113138,34.55467,9.0
PHX,2001-05-01,99.0,69.0,0.0,5.056856,231.32224,10.700127,22.497467,40.763,14.0
PHX,2001-05-02,97.0,67.0,0.0,12.395543,226.66493,12.299132,22.065107,38.90924,26.0
PHX,2001-05-03,80.0,66.0,0.0,12.337048,275.36377,7.33149,12.370182,23.83948,18.0
PHX,2001-05-04,82.0,59.0,0.0,6.5732484,252.95288,13.0576,20.533293,30.530596,11.0
PHX,2001-05-05,89.0,62.0,0.0,6.859873,248.95045,13.508363,19.994576,30.7976,11.0
PHX,2001-05-06,94.0,64.0,0.0,5.083565,104.8442,14.87444,22.643291,38.0059,9.0
PHX,2001-05-07,101.0,69.0,0.0,4.442675,127.44393,8.97449,19.418375,32.286854,8.0
PHX,2001-05-08,106.0,73.0,0.0,4.6815286,78.579185,8.53553,14.750036,27.2582,8.0
PHX,2001-05-09,107.0,76.0,0.0,7.0605097,185.06056,6.7294807,15.242628,27.699856,17.0
PHX,2001-05-10,103.0,74.0,0.0,6.0881457,39.223766,8.219534,15.698853,27.0664,10.0
PHX,2001-05-11,105.0,74.0,0.0,4.622093,255.76668,8.53553,17.280928,29.756468,11.0
PHX,2001-05-12,104.0,79.0,0.0001,9.516715,130.69748,10.9114895,21.194145,35.643383,20.0
PHX,2001-05-13,101.0,79.0,0.0,9.386628,124.61957,13.297547,26.897709,45.1363,13.0
PHX,2001-05-14,99.0,75.0,0.0,5.5613384,264.81485,12.2685,22.778494,39.0557,11.0
PHX,2001-05-15,99.0,73.0,0.0,5.293605,258.6219,10.700127,17.906487,35.356506,11.0
PHX,2001-05-16,100.0,71.0,0.0,5.0234113,259.97128,7.829419,15.463234,25.393312,13.0
PHX,2001-05-17,101.0,73.0,0.0,5.9473686,268.46658,10.213835,15.313712,20.96719,10.0
PHX,2001-05-18,102.0,75.0,0.0001,7.768997,130.62509,11.2645,19.424423,28.707455,16.0
PHX,2001-05-19,89.0,72.0,0.02,9.59593,81.16439,23.9133,43.93004,66.19954,16.0
PHX,2001-05-20,98.0,72.0,0.0,7.601824,220.13065,16.16988,31.340193,57.0508,16.0
PHX,2001-05-21,102.0,74.0,0.0,5.1760564,82.239845,12.9247,23.348753,38.432755,9.0
PHX,2001-05-22,105.0,80.0,0.0,5.8280253,87.29442,8.589656,13.118326,20.1181,11.0
PHX,2001-05-23,109.0,79.0,0.0,5.140127,84.90289,5.4525023,12.691049,24.8941,10.0
PHX,2001-05-24,109.0,77.0,0.0,7.7180233,247.62236,5.4525023,14.858373,25.954239,16.0
PHX,2001-05-25,108.0,80.0,0.0,7.8145895,260.86993,8.140257,17.326397,33.6452,17.0
PHX,2001-05-26,107.0,80.0,0.0,6.83121,280.90894,8.4389105,15.674137,28.98515,13.0
PHX,2001-05-27,107.0,79.0,0.0,8.559271,224.27841,7.795183,17.60749,30.069277,18.0
PHX,2001-05-28,95.0,73.0,0.0,6.2898088,267.74567,10.650437,15.988353,32.67,11.0
PHX,2001-05-29,99.0,75.0,0.0,5.3248405,272.40897,11.751587,25.807976,46.337215,9.0
PHX,2001-05-30,106.0,77.0,0.0,6.056856,265.70712,10.575551,20.184467,34.718,12.0
PHX,2001-05-31,109.0,79.0,0.0,6.351744,253.55226,6.29269,17.178827,31.587294,12.0
PHX,2001-06-01,108.0,80.0,0.0,7.595318,253.9356,8.481262,16.044088,30.1912,14.0
PHX,2001-06-02,106.0,80.0,0.0,8.121019,238.27274,5.63062,14.031896,24.463856,17.0
PHX,2001-06-03,101.0,75.0,0.0,9.491279,257.00525,9.238888,13.476123,19.1473,17.0
PHX,2001-06-04,96.0,73.0,0.0,6.7005816,240.87111,8.837229,16.797548,26.125256,14.0
PHX,2001-06-05,99.0,72.0,0.0,5.924791,157.92503,10.207591,18.231686,29.103369,14.0
PHX,2001-06-06,104.0,75.0,0.0,4.557904,284.27493,6.7294807,16.5601,29.885296,8.0
PHX,2001-06-07,108.0,76.0,0.0,5.9969606,269.06357,5.78244,14.088263,28.707455,11.0
PHX,2001-06-08,110.0,78.0,0.0,5.537791,267.6899,6.446825,12.472195,21.173561,12.0
PHX,2001-06-09,108.0,79.0,0.0,5.2765956,240.79642,7.714068,13.715382,29.012112,10.0
PHX,2001-06-10,107.0,79.0,0.0,6.9612675,276.48856,7.876117,15.221204,28.741,14.0
PHX,2001-06-11,107.0,79.0,0.0,8.007042,258.10507,8.73421,16.611889,30.1912,16.0
PHX,2001-06-12,102.0,79.0,0.0,9.206128,238.78748,7.9994636,15.742064,25.612967,15.0
PHX,2001-06-13,96.0,77.0,0.0,9.958218,245.33186,5.95939,18.3853,30.024418,19.0
PHX,2001-06-14,97.0,68.0,0.0,5.1882844,261.65643,5.809785,10.525797,15.208656,11.0
PHX,2001-06-15,103.0,71.0,0.0,4.949833,150.67688,6.3969984,11.64185,21.65579,9.0
PHX,2001-06-16,108.0,76.0,0.0,4.0923567,275.93805,6.147422,13.216723,23.58936,10.0
PHX,2001-06-17,111.0,79.0,0.0,5.8280253,261.9804,4.9193635,11.965044,25.792122,12.0
PHX,2001-06-18,108.0,82.0,0.0,6.8844986,259.61636,9.04764,16.636978,26.54766,12.0
PHX,2001-06-19,107.0,84.0,0.0,7.2238374,271.6678,12.946996,24.097958,40.302273,13.0
PHX,2001-06-20,105.0,87.0,0.0,11.115552,268.91315,17.2734,25.657063,37.3055,27.0
PHX,2001-06-21,105.0,82.0,0.0,6.872093,281.72476,17.8575,28.4528,43.86635,14.0
PHX,2001-06-22,105.0,87.0,0.0001,9.273556,186.85213,19.8323,28.071901,37.851254,20.0
PHX,2001-06-23,105.0,87.0,0.0,7.9272575,210.34279,19.975657,26.628695,37.9015,13.0
PHX,2001-06-24,106.0,86.0,0.0,7.395349,244.19632,10.2381,21.95823,35.09822,13.0
PHX,2001-06-25,100.0,76.0,0.01,6.869186,165.90813,17.694283,35.343643,61.91228,18.0
PHX,2001-06-26,101.0,73.0,0.0,6.793605,168.77567,17.9487,37.047752,71.21635,14.0
PHX,2001-06-27,105.0,80.0,0.0,6.0930233,248.12596,13.700255,19.867395,38.083847,11.0
PHX,2001-06-28,109.0,80.0,0.0,6.70903,253.11205,8.0044365,14.394776,19.844002,14.0
PHX,2001-06-29,113.0,82.0,0.0,8.223837,257.49396,6.7268,15.25923,26.682293,18.0
PHX,2001-06-30,112.0,85.0,0.0,6.8662615,244.38277,9.598745,16.805275,25.7752,17.0
PHX,2001-07-01,112.0,88.0,0.0,6.2917933,338.9962,15.2286,20.997488,30.357851,17.0
PHX,2001-07-02,116.0,89.0,0.0,7.3645487,95.24685,9.6364,18.85573,29.666042,14.0
PHX,2001-07-03,114.0,92.0,0.0,7.3757267,131.63432,12.7567,21.279186,37.09541,15.0
PHX,2001-07-04,108.0,87.0,0.0,8.009554,266.2677,19.988314,32.481,45.044003,16.0
PHX,2001-07-05,98.0,87.0,0.0,11.395349,273.25308,27.553503,37.479584,46.7745,22.0
PHX,2001-07-06,89.0,76.0,0.08,6.9447675,217.80055,44.909676,56.148773,88.5888,11.0
PHX,2001-07-07,99.0,82.0,0.0,5.1549296,239.24576,22.9622,37.6044,52.47476,10.0
PHX,2001-07-08,96.0,82.0,0.0001,7.1860466,150.11203,25.6529,39.403187,64.89729,15.0
PHX,2001-07-09,99.0,82.0,0.16,5.3633723,102.93318,24.678762,34.864037,52.7537,17.0
PHX,2001-07-10,100.0,80.0,0.0001,5.777027,61.334396,22.2179,41.572018,64.2645,15.0
PHX,2001-07-11,104.0,84.0,0.0001,7.9219747,257.315,19.7129,33.217377,44.748016,19.0
PHX,2001-07-12,105.0,83.0,0.0,3.7204723,122.68427,19.8323,31.4985,50.965942,7.0
PHX,2001-07-13,108.0,88.0,0.0,5.425532,339.8593,16.840082,27.82091,40.604004,11.0
PHX,2001-07-14,110.0,87.0,0.0001,6.1069994,162.16566,16.5551,27.548353,37.685726,14.0
PHX,2001-07-15,107.0,84.0,0.0,8.381616,209.59358,8.219534,21.014067,43.182377,16.0
PHX,2001-07-16,105.0,78.0,0.0,7.823708,296.62854,9.911279,15.505831,24.172548,16.0
PHX,2001-07-17,102.0,83.0,0.12,6.299392,150.1734,17.7546,39.303383,58.549522,15.0
PHX,2001-07-18,104.0,82.0,0.0,5.9270515,223.35251,12.1797,32.989758,65.001915,13.0
PHX,2001-07-19,106.0,83.0,0.0,7.1715117,203.99298,16.461271,29.617552,46.322838,12.0
PHX,2001-07-20,106.0,86.0,0.0,5.1699166,73.79405,15.411577,26.242643,41.714317,10.0
PHX,2001-07-21,107.0,87.0,0.0,5.555184,271.06516,15.411577,25.52765,40.74673,10.0
PHX,2001-07-22,107.0,87.0,0.0,6.0,262.19022,11.421861,23.934313,43.233276,11.0
PHX,2001-07-23,109.0,89.0,0.0,5.9012737,203.26741,10.6103,16.141563,24.116732,12.0
PHX,2001-07-24,114.0,85.0,0.0,6.8941503,192.87534,10.7971,21.59677,32.1986,12.0
PHX,2001-07-25,100.0,83.0,0.05,7.7085986,88.76881,33.230534,39.340885,65.9485,16.0
PHX,2001-07-26,104.0,85.0,0.0,5.8026757,220.33086,12.729058,31.306093,54.8971,13.0
PHX,2001-07-27,109.0,86.0,0.0,7.128134,260.67642,12.54169,23.098871,40.1371,15.0
PHX,2001-07-28,109.0,85.0,0.0,6.7725754,244.72945,14.181725,25.565277,37.851254,12.0
PHX,2001-07-29,102.0,72.0,0.2,8.986622,208.24069,32.3408,44.218384,90.13999,26.0
PHX,2001-07-30,99.0,74.0,0.06,5.288754,108.06107,37.624424,62.18285,87.5043,9.0
PHX,2001-07-31,105.0,85.0,0.0,6.619186,124.65121,26.233362,44.164932,67.65458,15.0
PHX,2001-08-01,102.0,87.0,0.0,5.6795774,133.87383,27.5952,35.83375,46.07969,9.0
PHX,2001-08-02,108.0,87.0,0.0,5.632219,117.42024,21.460545,37.987774,56.919083,15.0
PHX,2001-08-03,109.0,87.0,0.0,8.133758,103.39913,22.588703,37.047485,55.190926,14.0
PHX,2001-08-04,108.0,83.0,0.0001,9.68997,103.648125,22.5847,39.30809,62.774475,24.0
PHX,2001-08-05,105.0,83.0,0.0,5.5317726,168.98334,27.542917,39.60968,54.8971,11.0
PHX,2001-08-06,113.0,89.0,0.0,5.6901407,123.70903,12.97303,31.83402,49.9468,10.0
PHX,2001-08-07,109.0,89.0,0.0,8.627389,88.305176,19.723202,33.503395,48.706406,25.0
PHX,2001-08-08,96.0,85.0,0.0001,7.9275765,106.3517,32.63537,41.926945,59.135014,12.0
PHX,2001-08-09,95.0,73.0,0.4,6.551115,130.00256,39.683353,64.09915,100.0,18.0
PHX,2001-08-10,99.0,81.0,0.0001,5.0070424,240.17586,41.6618,54.02699,76.6996,9.0
PHX,2001-08-11,106.0,85.0,0.0,7.0211267,81.2461,27.9756,42.053795,58.910583,12.0
PHX,2001-08-12,104.0,85.0,0.0,8.313227,182.05444,27.2554,47.066822,57.12462,15.0
PHX,2001-08-13,100.0,85.0,0.0,7.5083613,183.53983,33.98558,48.735584,58.910583,15.0
PHX,2001-08-14,103.0,84.0,0.0,6.2768893,116.64828,25.375324,45.01897,60.98383,20.0
PHX,2001-08-15,105.0,82.0,0.0,5.713092,230.8539,26.674095,40.550133,58.51412,12.0
PHX,2001-08-16,107.0,85.0,0.0,5.8561873,142.06776,25.53637,37.812695,59.135014,22.0
PHX,2001-08-17,106.0,79.0,0.06,7.3645487,224.23697,20.784414,42.686436,69.434296,17.0
PHX,2001-08-18,103.0,84.0,0.0,8.02907,243.8272,26.9674,37.54345,51.120544,13.0
PHX,2001-08-19,106.0,86.0,0.0,5.605948,243.15009,22.765598,36.262894,53.181,11.0
PHX,2001-08-20,106.0,86.0,0.0,5.9522295,219.64793,19.34554,30.548223,44.748016,14.0
PHX,2001-08-21,107.0,84.0,0.0,6.9756837,184.21638,13.871831,26.163416,45.895004,14.0
PHX,2001-08-22,105.0,83.0,0.0,6.066879,144.92487,12.93509,20.861582,32.1986,12.0
PHX,2001-08-23,107.0,81.0,0.0,3.444816,154.42514,13.729181,19.271929,29.2823,6.0
PHX,2001-08-24,108.0,82.0,0.0,5.462006,184.33807,10.297875,21.020994,33.14403,10.0
PHX,2001-08-25,112.0,82.0,0.0,5.145349,160.36095,7.283151,17.390797,32.837593,9.0
PHX,2001-08-26,114.0,83.0,0.0,5.6899695,195.50867,7.40835,18.37655,32.05999,10.0
PHX,2001-08-27,110.0,84.0,0.0,5.7383723,273.67325,9.497662,19.857073,31.406563,13.0
PHX,2001-08-28,110.0,85.0,0.0,6.5261626,275.2412,13.711723,26.002117,39.9714,13.0
PHX,2001-08-29,103.0,88.0,0.0,8.080986,299.14838,18.79821,29.945887,39.0815,14.0
PHX,2001-08-30,101.0,82.0,0.0,7.102113,100.43819,27.831694,42.66599,56.2428,15.0
PHX,2001-08-31,102.0,81.0,0.0,5.247492,287.25244,14.5382,36.25011,67.2191,11.0
PHX,2001-09-01,104.0,80.0,0.0,6.5927052,253.58783,15.699291,28.559517,38.083847,12.0
PHX,2001-09-02,103.0,84.0,0.0,4.081395,267.01263,20.3628,33.69596,46.322838,10.0
PHX,2001-09-03,108.0,82.0,0.0,4.304348,242.2141,16.2893,26.10081,38.696815,9.0
PHX,2001-09-04,110.0,84.0,0.0,6.662207,275.78577,18.1859,27.037603,42.769623,13.0
PHX,2001-09-05,106.0,82.0,0.0,6.253482,225.6806,12.6984,22.832537,34.32009,13.0
PHX,2001-09-06,104.0,81.0,0.0,7.504559,220.10904,15.282179,26.204746,42.467537,15.0
PHX,2001-09-07,102.0,79.0,0.0,5.9014087,261.91806,13.280244,23.309757,36.291275,13.0
PHX,2001-09-08,101.0,74.0,0.0,5.0,273.82556,13.280244,23.50016,40.159134,13.0
PHX,2001-09-09,104.0,76.0,0.0,4.6960487,85.52358,12.394238,20.82286,32.2217,9.0
PHX,2001-09-10,108.0,80.0,0.0,5.1519756,134.1818,12.946996,19.794079,28.303474,9.0
PHX,2001-09-11,109.0,84.0,0.0,6.9593024,112.77116,15.0455,22.295668,31.145477,13.0
PHX,2001-09-12,110.0,85.0,0.0,9.136628,124.816444,17.8384,25.722746,38.290726,16.0
PHX,2001-09-13,98.0,85.0,0.0,9.640669,162.65892,35.28705,45.169376,54.8971,16.0
PHX,2001-09-14,98.0,80.0,0.0,4.4589667,137.43791,38.75457,49.570843,62.4018,13.0
PHX,2001-09-15,101.0,83.0,0.0,5.1003346,237.62825,29.595604,41.74574,54.773933,10.0
PHX,2001-09-16,103.0,85.0,0.0,6.4247494,266.93475,25.219002,37.934452,53.211506,13.0
PHX,2001-09-17,102.0,82.0,0.0,5.211896,279.3988,20.766394,33.88541,48.930416,10.0
PHX,2001-09-18,102.0,78.0,0.0,3.844011,65.75447,10.86935,22.811274,38.083847,9.0
PHX,2001-09-19,103.0,76.0,0.0,4.605351,102.03483,15.699291,20.438406,29.207327,10.0
PHX,2001-09-20,104.0,79.0,0.0,5.5927052,258.92352,14.0742,23.445704,34.01242,11.0
PHX,2001-09-21,107.0,79.0,0.0,4.1489363,182.64417,11.30986,21.548233,35.33612,11.0
PHX,2001-09-22,107.0,77.0,0.0,4.584958,152.0107,11.793891,20.72519,34.8589,10.0
PHX,2001-09-23,108.0,75.0,0.0,4.8662615,127.821976,7.550269,18.189436,36.291275,10.0
PHX,2001-09-24,105.0,82.0,0.0,9.710306,112.92649,13.7003,18.43496,28.4403,16.0
PHX,2001-09-25,103.0,80.0,0.0,5.7437325,117.00472,13.9495,20.682377,29.316088,12.0
PHX,2001-09-26,105.0,76.0,0.0,5.47093,107.22934,9.806738,17.988174,32.053097,9.0
PHX,2001-09-27,106.0,75.0,0.0,5.504559,111.09927,10.920015,14.881831,23.4302,10.0
PHX,2001-09-28,107.0,75.0,0.0,4.7611465,118.60186,8.26515,15.478224,25.33221,9.0
PHX,2001-09-29,107.0,77.0,0.0,5.458194,113.47067,7.9700475,14.649739,26.4048,10.0
PHX,2001-09-30,104.0,77.0,0.0,8.897633,118.6007,12.512128,23.874502,39.0557,24.0
PHX,2001-10-01,89.0,79.0,0.0,9.346797,81.6134,23.8484,30.368975,37.6928,19.0
PHX,2001-10-02,92.0,78.0,0.0,5.133721,214.23148,24.9414,34.85746,47.390186,9.0
PHX,2001-10-03,93.0,77.0,0.0,7.877437,256.98044,24.9414,41.9926,56.183395,13.0
PHX,2001-10-04,92.0,72.0,0.0,6.148256,251.6815,23.672419,41.26518,61.924023,13.0
PHX,2001-10-05,93.0,73.0,0.0,6.130814,225.42111,25.9428,37.9379,53.237915,9.0
PHX,2001-10-06,90.0,71.0,0.02,5.693009,120.01491,37.685726,53.46165,78.5658,16.0
PHX,2001-10-07,87.0,70.0,0.0,6.7707005,97.44773,39.829975,54.117737,70.809555,13.0
PHX,2001-10-08,87.0,67.0,0.0,5.6592355,120.238235,32.06,51.276016,75.68639,8.0
PHX,2001-10-09,85.0,68.0,0.0,5.036474,123.01737,34.3201,49.09671,67.91122,9.0
PHX,2001-10-10,90.0,68.0,0.0,5.211699,243.07634,12.837101,35.335995,60.9079,13.0
PHX,2001-10-11,90.0,63.0,0.0,4.0509553,74.83916,11.4752,20.252317,34.064045,9.0
PHX,2001-10-12,86.0,62.0,0.0,7.035714,51.76137,9.670639,19.912018,39.329,13.0
PHX,2001-10-13,87.0,59.0,0.0,3.9610028,107.115326,10.867632,16.86314,27.28876,9.0
PHX,2001-10-14,93.0,62.0,0.0,4.3757963,121.66044,12.939638,22.20056,33.599724,7.0
PHX,2001-10-15,94.0,64.0,0.0,4.3586626,114.57993,15.243843,24.028414,34.064045,10.0
PHX,2001-10-16,96.0,66.0,0.0,4.744186,93.71606,15.790572,23.248123,34.38183,9.0
PHX,2001-10-17,95.0,68.0,0.0,3.6838906,184.88625,11.539623,24.722027,37.31991,8.0
PHX,2001-10-18,93.0,64.0,0.0,5.012158,117.4711,12.685346,23.844473,41.49439,8.0
PHX,2001-10-19,93.0,65.0,0.0,4.3757963,111.8826,14.87444,22.605465,31.972324,7.0
PHX,2001-10-20,94.0,67.0,0.0,4.6947675,109.93918,15.356,23.69846,36.2762,7.0
PHX,2001-10-21,93.0,64.0,0.0,4.9098835,99.79417,15.243843,23.463404,35.548645,8.0
PHX,2001-10-22,90.0,70.0,0.0001,4.955414,80.965645,24.357794,30.905382,42.481915,9.0
PHX,2001-10-23,90.0,64.0,0.0,5.4360466,99.308014,20.1093,34.544548,50.323746,10.0
PHX,2001-10-24,90.0,65.0,0.0,4.33121,109.282166,18.496275,31.831705,48.30331,7.0
PHX,2001-10-25,92.0,63.0,0.0,3.9944289,113.12283,16.217422,29.54396,45.121,8.0
PHX,2001-10-26,98.0,64.0,0.0,2.8226745,73.767746,16.1474,26.836842,43.2615,6.0
PHX,2001-10-27,98.0,71.0,0.0,4.90843,123.301704,19.045174,27.266674,35.356506,11.0
PHX,2001-10-28,91.0,68.0,0.0,3.997093,89.54304,18.640089,30.959011,47.1288,8.0
PHX,2001-10-29,92.0,64.0,0.0,3.7936046,126.17737,18.118982,27.708214,40.9045,8.0
PHX,2001-10-30,90.0,64.0,0.0,4.361702,90.31919,19.287865,31.704813,44.784584,10.0
PHX,2001-10-31,89.0,68.0,0.0,6.0395136,235.38983,24.7549,35.549297,41.99749,12.0
PHX,2001-11-01,85.0,66.0,0.0,3.54039,257.41803,25.188095,36.208687,49.06533,9.0
PHX,2001-11-02,89.0,63.0,0.0,3.1784387,104.03933,25.775183,39.59624,58.385433,6.0
PHX,2001-11-03,93.0,64.0,0.0,2.7591972,256.9192,22.253,34.653656,52.0641,8.0
PHX,2001-11-04,95.0,73.0,0.0001,10.746518,108.25817,17.2829,32.32056,48.340725,19.0
PHX,2001-11-05,84.0,65.0,0.2,9.940111,39.837543,34.69455,56.21642,86.99857,18.0
PHX,2001-11-06,88.0,67.0,0.0,4.410828,97.295715,29.9219,48.143307,70.1481,10.0
PHX,2001-11-07,86.0,66.0,0.0,4.8145895,113.7348,23.1071,42.191544,63.45422,8.0
PHX,2001-11-08,87.0,62.0,0.0,2.8830082,293.22913,22.171345,39.410122,64.83505,9.0
PHX,2001-11-09,86.0,66.0,0.0,7.479109,95.879616,19.699402,30.13712,50.1438,14.0
PHX,2001-11-10,88.0,68.0,0.0,5.77907,95.891426,23.103872,31.863344,45.56691,11.0
PHX,2001-11-11,84.0,63.0,0.0,3.738602,83.4636,34.180378,45.272247,54.938644,8.0
PHX,2001-11-12,84.0,62.0,0.0,3.534819,101.51035,29.6194,45.337715,58.652668,8.0
PHX,2001-11-13,75.0,61.0,0.0,5.831395,256.50516,25.20133,42.686672,65.1368,13.0
PHX,2001-11-14,75.0,52.0,0.0,4.125348,217.00949,23.0056,36.785088,56.3359,10.0
PHX,2001-11-15,79.0,53.0,0.0,3.7790697,108.97527,22.604208,36.85737,50.416252,7.0
PHX,2001-11-16,82.0,57.0,0.0,3.45961,127.15447,21.608385,36.704563,52.6986,8.0
PHX,2001-11-17,84.0,58.0,0.0,3.1306992,109.74298,20.9871,35.642616,47.69548,7.0
PHX,2001-11-18,81.0,60.0,0.0,3.911854,112.322296,24.894081,39.713715,50.323746,7.0
PHX,2001-11-19,85.0,56.0,0.0,2.5290697,173.67667,19.158564,38.339607,59.31141,6.0
PHX,2001-11-20,82.0,60.0,0.0,4.680851,102.75357,22.381468,33.80404,53.15338,14.0
PHX,2001-11-21,79.0,56.0,0.0,4.746518,116.86993,23.581379,36.5598,49.726677,8.0
PHX,2001-11-22,76.0,55.0,0.0,4.8168607,96.91673,25.196789,39.419834,62.9316,9.0
PHX,2001-11-23,72.0,58.0,0.0,9.417828,277.7795,13.099218,30.985266,64.5943,17.0
PHX,2001-11-24,70.0,47.0,0.0,4.4680853,104.198006,15.26547,24.078707,38.958637,7.0
PHX,2001-11-25,63.0,53.0,0.0001,8.125348,278.5558,23.077618,33.370472,64.2179,19.0
PHX,2001-11-26,65.0,47.0,0.0,3.1306992,255.91602,19.513983,36.227264,56.010136,9.0
PHX,2001-11-27,62.0,41.0,0.0001,5.741279,345.9936,18.789,33.11455,50.626118,14.0
PHX,2001-11-28,62.0,42.0,0.0,4.8221707,16.123995,17.916906,28.04972,39.56566,13.0
PHX,2001-11-29,59.0,46.0,0.0,6.038997,113.46597,26.902382,34.69354,44.162,12.0
PHX,2001-11-30,65.0,50.0,0.0,3.5376046,110.591896,34.511326,50.529823,66.17498,7.0
PHX,2001-12-01,70.0,47.0,0.0,3.0,137.30278,35.96082,56.19114,79.78518,7.0
PHX,2001-12-02,74.0,47.0,0.0,3.6305733,100.502045,26.762674,48.038635,71.185486,7.0
PHX,2001-12-03,72.0,48.0,0.0,5.0972643,103.1512,24.125013,38.13148,56.14071,9.0
PHX,2001-12-04,61.0,46.0,0.54,7.3677325,237.88525,38.834,81.14363,100.0,16.0
PHX,2001-12-05,61.0,42.0,0.0,3.9069767,97.53656,37.365654,73.185234,100.0,9.0
PHX,2001-12-06,67.0,42.0,0.0,2.142857,231.07272,24.734884,62.11754,92.71535,7.0
PHX,2001-12-07,69.0,44.0,0.0,3.8662615,78.83941,21.916862,57.036526,89.56219,10.0
PHX,2001-12-08,68.0,49.0,0.0,7.5015197,44.875984,14.57404,24.541239,36.95987,12.0
PHX,2001-12-09,72.0,45.0,0.0,6.6629524,103.36386,12.730988,30.3507,55.316463,12.0
PHX,2001-12-10,61.0,47.0,0.0,6.871866,206.88925,28.567339,40.00251,62.822735,17.0
PHX,2001-12-11,49.0,44.0,0.32,6.5292478,178.97812,58.06506,85.65098,100.0,12.0
PHX,2001-12-12,53.0,42.0,0.02,4.070494,81.366646,56.581043,83.56442,100.0,11.0
PHX,2001-12-13,55.0,37.0,0.0,2.8601823,97.80231,32.13337,68.11705,100.0,6.0
PHX,2001-12-14,56.0,36.0,0.0,3.7660167,124.92743,41.200428,61.81828,85.43247,8.0
PHX,2001-12-15,55.0,41.0,0.0001,4.778343,276.73364,34.3873,64.788124,95.9153,10.0
PHX,2001-12-16,59.0,37.0,0.0,5.388535,260.59033,19.9853,41.94424,73.19082,11.0
PHX,2001-12-17,63.0,38.0,0.0,3.091922,199.77783,25.376408,48.620968,79.04792,8.0
PHX,2001-12-18,65.0,39.0,0.0,3.0382166,101.76629,24.43271,53.221527,79.21337,6.0
PHX,2001-12-19,74.0,39.0,0.0,4.4122562,90.36871,17.4001,47.599884,85.60648,9.0
PHX,2001-12-20,77.0,51.0,0.0,4.768997,116.88769,15.4384,32.434002,48.954697,9.0
PHX,2001-12-21,63.0,49.0,0.0,7.5531917,260.3794,30.797615,42.27816,60.88615,15.0
PHX,2001-12-22,63.0,41.0,0.0,4.232484,101.88325,26.194105,48.45153,72.77883,8.0
PHX,2001-12-23,60.0,43.0,0.0,5.224924,95.56526,30.530596,48.937984,65.42714,7.0
PHX,2001-12-24,66.0,40.0,0.0,3.3837209,249.99815,21.006428,45.6386,73.19082,8.0
PHX,2001-12-25,63.0,39.0,0.0,2.665738,184.63931,18.777973,41.099567,67.0869,7.0
PHX,2001-12-26,68.0,38.0,0.0,2.9483283,118.08524,15.0126,38.80323,62.038,7.0
PHX,2001-12-27,64.0,40.0,0.0,4.5410333,106.8805,21.51887,41.81443,61.8929,8.0
PHX,2001-12-28,61.0,43.0,0.0,3.626741,118.48605,24.596785,43.851974,62.3019,6.0
PHX,2001-12-29,65.0,50.0,0.0,3.2089136,92.41577,24.746288,38.638935,54.08512,7.0
PHX,2001-12-30,69.0,50.0,0.0,2.4840765,143.0933,20.5166,39.357025,60.88615,5.0
PHX,2001-12-31,65.0,51.0,0.0001,4.788301,61.783993,34.9087,50.829884,71.28357,12.0
PHX,2002-01-01,67.0,44.0,0.0,3.5254776,97.65545,32.882504,55.300476,82.3783,9.0
PHX,2002-01-02,65.0,50.0,0.0,8.334262,70.83313,23.377022,33.838486,44.4811,14.0
PHX,2002-01-03,66.0,47.0,0.0,4.125348,75.546394,27.5503,38.164402,52.112114,10.0
PHX,2002-01-04,67.0,44.0,0.0,4.5697675,242.25902,30.3231,49.347893,68.04732,13.0
PHX,2002-01-05,65.0,41.0,0.0,2.665738,222.33128,16.0854,37.299084,65.42714,9.0
PHX,2002-01-06,67.0,41.0,0.0,2.6947675,119.000534,17.783308,35.867413,50.41948,6.0
PHX,2002-01-07,72.0,44.0,0.0,2.9526463,94.319275,22.846336,39.95335,59.6411,7.0
PHX,2002-01-08,81.0,47.0,0.0,2.2965117,101.791725,18.888653,40.532288,62.822735,7.0
PHX,2002-01-09,72.0,53.0,0.0,4.8633723,110.062004,26.762674,41.2996,52.613525,8.0
PHX,2002-01-10,74.0,55.0,0.0001,5.4200583,55.191864,27.929062,45.871693,66.647316,25.0
PHX,2002-01-11,76.0,50.0,0.0,5.498607,56.701183,18.744658,33.671593,52.613525,17.0
PHX,2002-01-12,74.0,47.0,0.0,2.7855153,109.40342,17.4001,36.869427,56.14071,9.0
PHX,2002-01-13,71.0,44.0,0.0,4.0,98.4948,19.170086,40.135864,60.47223,8.0
PHX,2002-01-14,73.0,45.0,0.0,4.4984803,104.60025,17.935007,34.86996,51.33907,9.0
PHX,2002-01-15,69.0,49.0,0.0,4.6860466,84.74522,23.259441,36.279488,44.4811,9.0
PHX,2002-01-16,64.0,53.0,0.0,4.0111423,281.0499,42.648705,56.266598,69.52078,11.0
PHX,2002-01-17,62.0,45.0,0.0,2.9912791,246.40846,26.194105,39.976837,53.467407,6.0
PHX,2002-01-18,63.0,39.0,0.0,3.6107242,134.30688,13.833897,43.528976,75.688126,8.0
PHX,2002-01-19,62.0,39.0,0.0,2.9972146,85.78268,12.433424,27.746653,48.2118,11.0
PHX,2002-01-20,61.0,36.0,0.0,2.909699,99.317505,13.700307,29.674135,47.745884,7.0
PHX,2002-01-21,67.0,38.0,0.0,4.086351,97.658005,13.140514,28.467497,46.40989,9.0
PHX,2002-01-22,67.0,40.0,0.0,5.31307,91.12026,15.587454,29.10026,46.2332,10.0
PHX,2002-01-23,61.0,49.0,0.0,7.930362,267.65994,14.701455,30.659353,47.849,15.0
PHX,2002-01-24,64.0,38.0,0.0,5.3280253,344.65073,12.840006,17.783995,25.217596,11.0
PHX,2002-01-25,72.0,41.0,0.0,5.0139275,92.47674,14.57404,21.474773,33.063,12.0
PHX,2002-01-26,75.0,43.0,0.0,4.0851064,113.31307,18.205566,26.348055,36.696705,9.0
PHX,2002-01-27,68.0,47.0,0.0,3.8168604,86.675705,27.1468,35.39735,45.64971,9.0
PHX,2002-01-28,65.0,52.0,0.0,4.582173,281.27975,22.306198,39.21886,56.3359,11.0
PHX,2002-01-29,60.0,50.0,0.0,5.485465,267.70135,24.764011,37.930622,58.34339,13.0
PHX,2002-01-30,54.0,42.0,0.05,8.219359,289.5551,31.869436,55.771435,85.1318,14.0
PHX,2002-01-31,55.0,36.0,0.0,3.6930091,94.22168,26.980404,50.71554,85.43247,8.0
PHX,2002-02-01,64.0,38.0,0.0,5.4414716,61.21119,14.7605,25.079733,40.722954,17.0
PHX,2002-02-02,62.0,45.0,0.0,2.3398328,209.86107,24.1464,34.680885,51.243702,9.0
PHX,2002-02-03,69.0,39.0,0.0,2.1571906,240.93086,29.5624,47.543125,69.9581,6.0
PHX,2002-02-04,74.0,45.0,0.0,3.0,280.10403,29.3921,47.273746,73.594635,9.0
PHX,2002-02-05,72.0,43.0,0.0,3.3282676,72.05033,13.18658,31.147537,62.87371,11.0
PHX,2002-02-06,69.0,42.0,0.0,3.754777,105.89109,11.127002,19.350597,33.402645,10.0
PHX,2002-02-07,74.0,42.0,0.0,3.3426185,106.04638,16.609297,27.95042,42.6873,7.0
PHX,2002-02-08,74.0,44.0,0.0,5.5986624,119.82382,11.680957,27.683239,48.873363,9.0
PHX,2002-02-09,69.0,47.0,0.0,10.06687,28.325785,8.920288,14.827777,40.67593,18.0
PHX,2002-02-10,71.0,53.0,0.0,9.508721,58.712914,10.184529,13.616468,20.35216,20.0
PHX,2002-02-11,73.0,42.0,0.0,4.2158055,104.23621,10.719297,18.48633,34.8054,10.0
PHX,2002-02-12,75.0,44.0,0.0,4.057103,92.52185,10.8351,20.049208,32.26995,9.0
PHX,2002-02-13,79.0,46.0,0.0,4.0406976,109.569695,12.852528,20.598509,33.727642,9.0
PHX,2002-02-14,76.0,51.0,0.0,3.8929765,110.195335,10.1383,21.23611,36.223064,6.0
PHX,2002-02-15,78.0,50.0,0.0,4.2994184,107.85294,11.293593,19.859516,31.955898,9.0
PHX,2002-02-16,83.0,51.0,0.0,4.167131,130.68921,13.288835,22.743912,42.717617,9.0
PHX,2002-02-17,71.0,52.0,0.0,6.9665737,286.61545,15.519233,28.112825,43.03855,13.0
PHX,2002-02-18,65.0,54.0,0.0,7.45961,251.96802,28.76573,39.74271,52.6986,12.0
PHX,2002-02-19,70.0,45.0,0.0,4.877437,97.36097,20.3614,35.80843,53.467407,9.0
PHX,2002-02-20,74.0,47.0,0.0,4.768997,92.430405,15.208656,31.714306,47.3643,9.0
PHX,2002-02-21,83.0,48.0,0.0,3.1906354,52.626156,12.14653,26.134897,47.6785,8.0
PHX,2002-02-22,84.0,56.0,0.0,4.490446,99.18079,11.590498,14.662248,23.377022,12.0
PHX,2002-02-23,81.0,54.0,0.0,4.128134,115.3443,15.13725,20.682613,29.890327,10.0
PHX,2002-02-24,81.0,51.0,0.0,5.208914,210.63974,14.716737,20.871468,29.345081,9.0
PHX,2002-02-25,82.0,50.0,0.0,4.3704734,152.3387,15.094748,25.334938,40.551723,10.0
PHX,2002-02-26,82.0,49.0,0.0,3.5828025,73.63132,10.29574,20.237555,39.9534,11.0
PHX,2002-02-27,79.0,55.0,0.0,5.378981,79.70378,10.296016,14.429808,21.460434,11.0
PHX,2002-02-28,81.0,55.0,0.0,5.0494184,194.62639,9.78021,17.159166,28.929127,11.0
PHX,2002-03-01,71.0,52.0,0.0,11.93389,282.53226,8.6754265,17.504904,32.1716,22.0
PHX,2002-03-02,62.0,44.0,0.0,10.002786,345.5753,8.86997,10.700097,15.085053,15.0
PHX,2002-03-03,67.0,38.0,0.0,4.331476,56.91585,7.67023,12.089997,20.6048,12.0
PHX,2002-03-04,76.0,43.0,0.0,4.729483,71.50321,3.7291954,13.062714,35.13841,13.0
PHX,2002-03-05,77.0,46.0,0.0,4.2952647,107.93801,10.471296,14.674128,19.453104,9.0
PHX,2002-03-06,80.0,49.0,0.0,4.8300834,90.92737,9.654619,15.826609,24.793104,9.0
PHX,2002-03-07,76.0,53.0,0.08,7.5755816,223.30556,12.306021,25.862085,69.52078,17.0
PHX,2002-03-08,71.0,53.0,0.0001,7.0784883,208.8739,27.6222,50.066856,83.0024,11.0
PHX,2002-03-09,80.0,54.0,0.0,5.616279,76.393265,13.9398,29.378595,57.142693,13.0
PHX,2002-03-10,85.0,53.0,0.0,4.7965117,226.31764,14.1792,24.803713,43.63164,14.0
PHX,2002-03-11,85.0,53.0,0.0,3.2608695,202.66774,13.557218,19.647703,39.2846,7.0
PHX,2002-03-12,86.0,56.0,0.0,5.775076,108.503914,13.361153,20.190508,31.41414,10.0
PHX,2002-03-13,88.0,57.0,0.0,10.802228,236.18033,12.299862,20.080824,32.78137,18.0
PHX,2002-03-14,70.0,52.0,0.0,8.83287,256.14297,11.445795,16.285234,25.791508,17.0
PHX,2002-03-15,67.0,45.0,0.0,6.777592,252.36418,11.22868,14.478411,28.245945,15.0
PHX,2002-03-16,66.0,45.0,0.0,8.607243,236.08174,12.971415,24.41788,31.091265,17.0
PHX,2002-03-17,69.0,47.0,0.0,6.9756837,237.11726,16.609297,28.443773,47.542187,13.0
PHX,2002-03-18,67.0,56.0,0.0,5.589172,317.65317,24.14637,30.607347,38.511723,15.0
PHX,2002-03-19,76.0,47.0,0.0,4.968153,255.81544,12.730988,29.126535,58.4942,13.0
PHX,2002-03-20,85.0,51.0,0.0,3.566879,45.130875,12.730988,19.999151,30.7111,8.0
PHX,2002-03-21,93.0,56.0,0.0,5.962209,108.434456,7.238792,13.012578,23.373852,12.0
PHX,2002-03-22,91.0,62.0,0.0,6.7548747,129.60846,7.0812078,13.42936,25.23734,13.0
PHX,2002-03-23,80.0,55.0,0.0,8.755814,242.9721,10.867632,18.004932,27.964571,18.0
PHX,2002-03-24,72.0,56.0,0.0,6.8949046,246.53836,22.554296,31.674633,46.910225,15.0
PHX,2002-03-25,77.0,53.0,0.0,3.2292993,268.56808,15.208656,27.066109,44.798237,10.0
PHX,2002-03-26,84.0,55.0,0.0,3.4299364,106.05795,7.317847,20.841043,36.95987,8.0
PHX,2002-03-27,83.0,57.0,0.0,4.1823707,113.64047,10.275176,18.537281,27.964571,8.0
PHX,2002-03-28,86.0,57.0,0.0001,7.4346504,292.88217,9.3048525,22.020197,44.784584,21.0
PHX,2002-03-29,75.0,58.0,0.0001,6.6569767,289.45694,28.2353,38.28113,47.38855,11.0
PHX,2002-03-30,84.0,56.0,0.0,5.7165604,103.524185,19.988005,35.835575,54.953968,12.0
PHX,2002-03-31,93.0,62.0,0.0,5.232484,146.90039,12.505065,25.456772,41.178627,8.0
PHX,2002-04-01,94.0,62.0,0.0,5.4069767,232.44563,6.965766,18.462399,35.866684,12.0
PHX,2002-04-02,94.0,62.0,0.0,6.3139534,208.2547,9.36189,17.234764,27.5262,11.0
PHX,2002-04-03,94.0,64.0,0.0,5.70903,111.310486,8.95123,17.717905,31.656816,13.0
PHX,2002-04-04,94.0,63.0,0.0,4.8057323,115.99844,8.95123,16.444996,30.684822,8.0
PHX,2002-04-05,92.0,65.0,0.0,6.793313,141.431,8.063888,16.83179,28.316881,12.0
PHX,2002-04-06,77.0,67.0,0.0001,10.721449,245.41179,15.913,27.76806,39.537235,16.0
PHX,2002-04-07,79.0,57.0,0.06,8.089172,252.0087,23.581379,48.944057,86.628525,12.0
PHX,2002-04-08,84.0,60.0,0.0,4.8248405,313.66916,19.988005,33.526737,55.521954,9.0
PHX,2002-04-09,89.0,62.0,0.0,4.7165604,300.0816,15.059208,29.784878,50.02625,10.0
PHX,2002-04-10,91.0,64.0,0.0,4.887324,96.874664,12.505065,23.356342,38.419838,9.0
PHX,2002-04-11,96.0,64.0,0.0,6.861004,89.74328,10.742762,21.156635,35.04244,9.0
PHX,2002-04-12,96.0,67.0,0.0,4.590909,57.10265,11.424501,22.914696,40.59262,8.0
PHX,2002-04-13,99.0,72.0,0.0,2.5555556,226.9012,10.9654,18.882772,27.0664,9.0
PHX,2002-04-14,100.0,71.0,0.0,5.9651165,253.45108,10.0765,18.445196,31.1206,12.0
PHX,2002-04-15,92.0,71.0,0.0,10.406685,231.41165,10.840688,25.423843,39.132706,22.0
PHX,2002-04-16,81.0,64.0,0.0,8.8245125,250.42683,27.1903,41.992306,60.77292,15.0
PHX,2002-04-17,85.0,64.0,0.0,7.156051,264.7785,17.1985,30.839306,48.30331,14.0
PHX,2002-04-18,86.0,60.0,0.0,7.887538,261.1614,6.4616413,19.517866,39.154713,16.0
PHX,2002-04-19,83.0,62.0,0.0,8.88535,272.21326,9.622469,17.575424,31.656816,18.0
PHX,2002-04-20,78.0,58.0,0.0,6.9651165,255.57657,8.106859,14.855746,22.614735,16.0
PHX,2002-04-21,86.0,55.0,0.0,4.5724907,86.48503,5.36905,12.619265,22.478569,11.0
PHX,2002-04-22,92.0,61.0,0.0,5.0027857,130.6647,3.975748,11.240122,21.2243,11.0
PHX,2002-04-23,94.0,63.0,0.0,6.1956825,223.5584,4.47729,10.439182,20.718624,13.0
PHX,2002-04-24,96.0,66.0,0.0,8.478261,262.66946,6.01539,14.9689045,26.08925,16.0
PHX,2002-04-25,94.0,75.0,0.0,6.168784,251.1951,11.1276,23.616795,32.5302,13.0
PHX,2002-04-26,81.0,66.0,0.0001,10.488161,231.69571,16.10148,24.0965,35.866684,30.0
PHX,2002-04-27,78.0,61.0,0.0,6.775076,265.6642,23.58936,33.140186,44.95324,12.0
PHX,2002-04-28,89.0,61.0,0.0,4.089172,71.68593,13.51693,24.636196,41.062683,7.0
PHX,2002-04-29,92.0,71.0,0.0,4.479651,145.78745,9.62898,18.83349,31.432367,12.0
PHX,2002-04-30,89.0,64.0,0.0,8.625,263.48758,8.617904,15.574325,27.28876,18.0
PHX,2002-05-01,79.0,68.0,0.0,5.9442377,261.75116,9.49155,16.169641,22.2572,10.0
PHX,2002-05-02,81.0,58.0,0.0,5.097493,256.29346,12.045085,19.813046,34.41077,14.0
PHX,2002-05-03,87.0,62.0,0.0,4.994186,131.52115,8.366096,16.529331,28.4132,8.0
PHX,2002-05-04,92.0,62.0,0.0,5.254777,276.2643,7.889578,14.209519,25.848684,10.0
PHX,2002-05-05,92.0,64.0,0.0,4.9063544,24.5975,7.411454,14.417689,27.69599,10.0
PHX,2002-05-06,95.0,66.0,0.0,5.780255,152.9305,6.9994607,13.540388,23.107508,11.0
PHX,2002-05-07,94.0,67.0,0.0,8.37883,215.88367,6.728115,14.700617,26.320019,16.0
PHX,2002-05-08,91.0,67.0,0.0,5.914013,257.9507,11.214373,16.942802,29.521362,11.0
PHX,2002-05-09,95.0,67.0,0.0,4.62117,248.44078,7.445305,15.911563,30.684822,8.0
PHX,2002-05-10,96.0,68.0,0.0,8.6350975,237.21846,4.8564487,13.307491,25.803814,15.0
PHX,2002-05-11,89.0,67.0,0.0,8.917197,263.4539,6.2877564,12.03593,25.9874,16.0
PHX,2002-05-12,94.0,66.0,0.0,5.4623957,294.7023,8.951231,13.659864,21.295584,11.0
PHX,2002-05-13,104.0,70.0,0.0,5.0033445,9.4335985,4.4304,11.750198,29.8322,13.0
PHX,2002-05-14,102.0,74.0,0.0,6.9545455,253.84732,3.9233615,11.2551365,21.65579,14.0
PHX,2002-05-15,102.0,72.0,0.0,8.177325,189.2361,5.7847533,12.187758,22.316002,16.0
PHX,2002-05-16,99.0,71.0,0.0,6.421405,108.11177,4.697803,11.250974,20.161854,11.0
PHX,2002-05-17,101.0,70.0,0.0,6.917933,212.0642,5.9103975,11.808993,22.31945,13.0
PHX,2002-05-18,102.0,72.0,0.0,9.33121,240.5393,5.2840695,11.979891,21.085913,16.0
PHX,2002-05-19,99.0,74.0,0.0,7.0063696,238.29051,6.476966,14.640758,25.196789,15.0
PHX,2002-05-20,98.0,71.0,0.0,9.869186,227.76636,8.140951,17.127396,26.762674,21.0
PHX,2002-05-21,80.0,62.0,0.0,10.792151,262.7986,8.330911,18.80407,33.599724,16.0
PHX,2002-05-22,84.0,61.0,0.0,4.09699,265.4235,8.924066,14.805401,22.515434,9.0
PHX,2002-05-23,89.0,62.0,0.0,7.2040133,295.77875,12.1438,18.671797,29.249964,13.0
PHX,2002-05-24,93.0,66.0,0.0,4.9542255,86.595116,7.445305,17.081045,31.656816,10.0
PHX,2002-05-25,99.0,68.0,0.0,5.589172,299.51645,7.58477,14.7486725,25.2013,12.0
PHX,2002-05-26,97.0,71.0,0.0,7.877907,147.88867,8.23973,14.080125,22.027794,23.0
PHX,2002-05-27,95.0,68.0,0.0,4.9565215,106.45207,7.8732305,15.798401,31.1206,9.0
PHX,2002-05-28,99.0,71.0,0.0,4.194529,267.08905,9.121238,16.243252,28.7949,9.0
PHX,2002-05-29,106.0,73.0,0.0,6.1672864,267.482,7.912161,14.139672,27.8985,13.0
PHX,2002-05-30,109.0,76.0,0.0,6.6413374,272.9581,9.9755,15.110874,27.3697,12.0
PHX,2002-05-31,107.0,80.0,0.0,8.423398,262.06976,6.813416,13.392142,25.954239,17.0
PHX,2002-06-01,106.0,83.0,0.0,6.9084506,261.99146,7.58477,13.954882,22.695925,16.0
PHX,2002-06-02,103.0,76.0,0.0,8.541401,246.39499,9.30679,14.540984,23.58936,18.0
PHX,2002-06-03,96.0,78.0,0.0,6.477707,242.07245,5.67613,13.420946,21.173561,14.0
PHX,2002-06-04,99.0,72.0,0.0,6.5520444,136.39613,8.72821,13.938211,21.52624,11.0
PHX,2002-06-05,106.0,76.0,0.0,6.143312,179.15237,5.63062,12.355689,21.045721,11.0
PHX,2002-06-06,110.0,78.0,0.0,5.6534953,189.79271,4.4603496,11.398877,21.810827,10.0
PHX,2002-06-07,109.0,80.0,0.0,6.920973,238.93152,5.987238,11.833578,22.379805,13.0
PHX,2002-06-08,110.0,80.0,0.0,8.234042,248.74173,7.1250687,14.548712,23.180487,15.0
PHX,2002-06-09,104.0,80.0,0.0,9.219746,268.80338,7.744125,13.718902,22.17106,19.0
PHX,2002-06-10,100.0,75.0,0.0,5.8561873,249.00723,7.1393504,13.312756,22.7614,11.0
PHX,2002-06-11,100.0,74.0,0.0,5.4788733,272.16132,5.9944715,12.888763,28.2041,11.0
PHX,2002-06-12,103.0,77.0,0.0,6.5704226,281.525,6.3344,10.212197,19.719442,12.0
PHX,2002-06-13,107.0,77.0,0.0,5.8152866,260.49112,5.2806883,11.037279,20.43081,13.0
PHX,2002-06-14,109.0,81.0,0.0,7.156051,264.62082,5.244443,12.108819,22.379805,14.0
PHX,2002-06-15,107.0,81.0,0.0,6.6947675,262.56436,9.871551,15.184335,27.190342,14.0
PHX,2002-06-16,108.0,81.0,0.0,6.2965117,267.31027,5.2129345,17.829308,36.908127,17.0
PHX,2002-06-17,110.0,81.0,0.0,6.951368,251.92494,3.50469,11.54858,25.188095,14.0
PHX,2002-06-18,110.0,79.0,0.0,7.3079267,215.16602,2.7587855,9.051202,16.940113,12.0
PHX,2002-06-19,112.0,79.0,0.0,8.003039,174.15388,4.6605334,10.833285,17.303146,16.0
PHX,2002-06-20,112.0,81.0,0.0,8.6749115,173.63052,5.719797,13.907186,25.201977,16.0
PHX,2002-06-21,109.0,80.0,0.0,8.496201,215.35155,6.813416,11.260599,17.707653,17.0
PHX,2002-06-22,107.0,78.0,0.0,6.605351,140.3272,5.4525023,11.410026,19.572815,11.0
PHX,2002-06-23,107.0,79.0,0.0,5.8093643,82.7845,5.5265055,12.819985,23.1805,11.0
PHX,2002-06-24,110.0,80.0,0.0,6.048632,228.12999,4.292118,11.097512,24.33147,11.0
PHX,2002-06-25,113.0,83.0,0.0,7.3407645,270.17804,5.7258835,10.272991,17.339684,14.0
PHX,2002-06-26,112.0,86.0,0.0001,6.3081393,260.4351,4.7005515,11.64012,23.107084,12.0
PHX,2002-06-27,110.0,86.0,0.0,6.674107,274.7126,3.7127128,10.86304,24.384714,14.0
PHX,2002-06-28,111.0,79.0,0.0,6.7707005,61.772953,4.79215,9.974761,19.719442,13.0
PHX,2002-06-29,108.0,81.0,0.0,3.5953178,337.52884,3.441932,9.711824,21.4549,10.0
PHX,2002-06-30,110.0,83.0,0.0,7.7261147,272.3423,5.5136414,10.296673,17.198502,18.0
PHX,2002-07-01,112.0,85.0,0.0,9.913649,261.33316,6.274234,11.062703,21.420835,22.0
PHX,2002-07-02,113.0,89.0,0.0,6.869186,263.7562,7.40835,13.354046,20.1181,15.0
PHX,2002-07-03,107.0,87.0,0.0001,3.9928343,91.186005,11.115402,18.132868,37.851254,11.0
PHX,2002-07-04,107.0,82.0,0.0,5.117057,220.15973,4.672039,15.811035,29.619364,11.0
PHX,2002-07-05,108.0,82.0,0.0,6.7133756,182.02014,6.949617,13.198644,21.420835,11.0
PHX,2002-07-06,109.0,82.0,0.0,6.6592355,262.66708,10.3316,16.475523,26.2512,12.0
PHX,2002-07-07,110.0,84.0,0.0,6.872093,266.9464,8.3119,14.253928,24.7549,13.0
PHX,2002-07-08,112.0,84.0,0.0,5.006689,277.22626,7.60349,13.349164,24.754936,9.0
PHX,2002-07-09,112.0,87.0,0.0001,9.456522,129.22522,15.1228,27.376228,49.9468,31.0
PHX,2002-07-10,109.0,86.0,0.0,5.802548,25.856932,15.772492,29.503807,49.5066,11.0
PHX,2002-07-11,111.0,88.0,0.0,7.1185412,106.5255,13.935793,26.165422,43.368904,16.0
PHX,2002-07-12,111.0,88.0,0.0,6.8742037,197.49428,14.92543,25.29834,39.468872,16.0
PHX,2002-07-13,112.0,92.0,0.0001,10.186171,323.28708,9.887846,20.885878,31.287489,34.0
PHX,2002-07-14,109.0,74.0,0.77,10.445772,259.24176,17.772398,29.094263,94.10022,31.0
PHX,2002-07-15,100.0,79.0,0.0001,9.042982,252.60631,24.012888,42.210453,69.32069,19.0
PHX,2002-07-16,103.0,84.0,0.0,8.0,55.98209,23.240494,33.373207,49.6623,11.0
PHX,2002-07-17,104.0,87.0,0.0,5.27707,97.32853,23.7974,32.50177,45.044003,9.0
PHX,2002-07-18,103.0,87.0,0.0,7.0,222.19234,21.896288,27.147459,35.09822,12.0
PHX,2002-07-19,107.0,90.0,0.0,7.3248405,269.36118,16.071337,26.667421,35.56706,21.0
PHX,2002-07-20,106.0,86.0,0.0,8.65407,260.97372,11.793891,25.800106,41.615177,14.0
PHX,2002-07-21,106.0,85.0,0.0,8.031977,261.38574,14.331305,21.428202,28.9047,15.0
PHX,2002-07-22,106.0,87.0,0.0,7.5471125,140.41165,13.852255,26.117819,42.015064,21.0
PHX,2002-07-23,107.0,76.0,0.41,6.496945,129.96434,22.31668,42.94002,84.5256,25.0
PHX,2002-07-24,105.0,78.0,0.0,5.7558527,340.9121,26.233362,47.059452,84.5785,13.0
PHX,2002-07-25,106.0,88.0,0.0001,7.767516,267.92407,20.784414,30.821383,44.9219,11.0
PHX,2002-07-26,107.0,88.0,0.0,7.5610466,194.19553,21.469019,32.771545,48.263123,16.0
PHX,2002-07-27,102.0,85.0,0.0,10.423398,148.64847,22.61825,37.51783,51.40249,17.0
PHX,2002-07-28,104.0,82.0,0.0,7.31307,193.22496,14.305969,27.174551,50.836666,14.0
PHX,2002-07-29,110.0,83.0,0.0,5.2761626,251.43248,8.66646,18.171982,38.3073,11.0
PHX,2002-07-30,102.0,87.0,0.0,6.1019106,150.09344,13.9495,21.900736,28.843185,9.0
PHX,2002-07-31,103.0,87.0,0.0,5.616279,254.72609,21.896288,29.424982,38.7784,14.0
PHX,2002-08-01,106.0,87.0,0.0,8.385259,271.69394,16.5948,27.022888,43.368904,31.0
PHX,2002-08-02,104.0,87.0,0.0001,6.0422535,90.42477,18.4416,27.791176,41.615177,13.0
PHX,2002-08-03,105.0,88.0,0.0,7.364742,139.81383,19.204073,30.128204,43.6661,14.0
PHX,2002-08-04,92.0,82.0,0.0001,7.339833,152.13783,39.76362,46.556465,58.51412,12.0
PHX,2002-08-05,100.0,79.0,0.0001,8.914013,153.66217,21.6184,43.95513,60.73586,19.0
PHX,2002-08-06,99.0,78.0,0.0001,6.016722,127.06596,20.644173,36.050377,57.993774,16.0
PHX,2002-08-07,104.0,84.0,0.0,5.316901,306.80954,11.967,27.184488,44.450325,11.0
PHX,2002-08-08,109.0,83.0,0.0,5.146497,240.1173,13.955017,18.41233,22.531654,9.0
PHX,2002-08-09,111.0,86.0,0.0,5.522293,183.5839,10.3259,20.689833,39.0815,11.0
PHX,2002-08-10,112.0,87.0,0.0,7.0465117,200.02869,6.2070065,21.291862,42.015064,12.0
PHX,2002-08-11,109.0,88.0,0.0,7.8471336,229.28403,11.628072,24.091312,37.851254,11.0
PHX,2002-08-12,108.0,88.0,0.0,8.556231,276.19235,18.247883,27.42415,39.16665,16.0
PHX,2002-08-13,108.0,88.0,0.0,7.6747723,266.81964,16.5318,26.906961,42.015064,13.0
PHX,2002-08-14,109.0,89.0,0.0,8.426751,260.6758,15.880946,24.011581,32.009186,17.0
PHX,2002-08-15,110.0,88.0,0.0,6.7234044,321.43448,13.8458,22.313152,37.851254,16.0
PHX,2002-08-16,108.0,87.0,0.0,6.909699,227.7142,16.974106,25.699118,40.442654,12.0
PHX,2002-08-17,107.0,88.0,0.0,6.5015197,278.743,14.331305,23.87334,31.5713,11.0
PHX,2002-08-18,107.0,88.0,0.0,8.629179,257.45444,16.840082,26.527458,40.604004,16.0
PHX,2002-08-19,95.0,85.0,0.0001,4.8550954,165.75087,30.099085,37.24289,46.322838,10.0
PHX,2002-08-20,104.0,84.0,0.0,7.24924,237.48904,11.996479,29.29209,52.7537,14.0
PHX,2002-08-21,105.0,81.0,0.0,8.178273,201.28896,12.1797,19.000404,31.893404,16.0
PHX,2002-08-22,105.0,82.0,0.0,6.521739,118.49579,10.700127,17.900335,30.634636,11.0
PHX,2002-08-23,105.0,79.0,0.0,5.477707,129.33946,5.5810223,13.956601,30.1912,11.0
PHX,2002-08-24,108.0,77.0,0.0,5.331476,125.340935,4.672039,11.238182,20.1182,10.0
PHX,2002-08-25,109.0,77.0,0.0,4.4225354,116.23839,3.8622038,11.003487,21.736313,8.0
PHX,2002-08-26,110.0,78.0,0.0,5.136943,86.678734,4.0977125,10.697351,21.695837,8.0
PHX,2002-08-27,112.0,79.0,0.0,7.8793607,171.47862,5.78088,13.329871,22.0953,13.0
PHX,2002-08-28,108.0,84.0,0.0,7.9049296,97.66602,17.543037,28.306948,47.8308,17.0
PHX,2002-08-29,105.0,83.0,0.0,8.944881,110.48691,21.314528,32.26404,46.027565,15.0
PHX,2002-08-30,108.0,85.0,0.0,5.598784,114.97015,7.2278066,24.275875,46.18992,10.0
PHX,2002-08-31,110.0,83.0,0.0,6.2279634,90.714195,8.481458,17.625418,26.682293,10.0
PHX,2002-09-01,109.0,89.0,0.0,7.4331393,128.39183,11.8031,21.765398,31.7083,13.0
PHX,2002-09-02,108.0,86.0,0.0,6.695652,189.49376,12.2149,21.98008,32.922363,11.0
PHX,2002-09-03,109.0,86.0,0.0,5.005571,259.66464,10.6,22.853415,40.1371,12.0
PHX,2002-09-04,111.0,86.0,0.0,5.6413374,130.48634,11.4363,19.81909,31.103952,11.0
PHX,2002-09-05,109.0,87.0,0.0,6.2117834,144.47023,14.078569,22.244766,31.485565,16.0
PHX,2002-09-06,106.0,73.0,0.17,7.594225,140.7628,21.896288,41.150402,94.10022,28.0
PHX,2002-09-07,94.0,74.0,0.13,6.176599,138.7904,39.76362,64.852875,88.5888,12.0
PHX,2002-09-08,85.0,76.0,0.0001,4.994186,142.40446,56.508995,69.072525,81.92197,11.0
PHX,2002-09-09,84.0,74.0,0.2,3.5793872,259.57953,49.3749,68.66915,87.5043,9.0
PHX,2002-09-10,97.0,74.0,0.0001,6.1767516,131.32944,32.517,57.56413,81.78657,23.0
PHX,2002-09-11,99.0,75.0,0.0,4.40407,193.74495,26.232254,48.127064,78.80812,7.0
PHX,2002-09-12,100.0,78.0,0.0,4.6488295,123.03564,16.3941,33.54859,53.95076,10.0
PHX,2002-09-13,102.0,78.0,0.0,5.214789,127.46907,11.967,26.633501,45.2999,11.0
PHX,2002-09-14,104.0,79.0,0.0,5.665605,67.1006,11.793891,20.651896,38.083847,12.0
PHX,2002-09-15,105.0,83.0,0.0,8.086351,95.76048,11.998621,19.441277,28.741,14.0
PHX,2002-09-16,106.0,82.0,0.0,7.6899695,131.23788,13.2961035,21.50832,34.32009,16.0
PHX,2002-09-17,105.0,80.0,0.0,9.177325,239.25674,15.913287,25.967323,39.16665,18.0
PHX,2002-09-18,96.0,81.0,0.0,9.142442,255.64354,28.183348,40.4873,62.533913,16.0
PHX,2002-09-19,96.0,76.0,0.0,5.8176293,88.03126,16.6951,22.5329,35.0277,12.0
PHX,2002-09-20,99.0,74.0,0.0,5.167131,191.1795,12.2685,23.616095,36.9029,10.0
PHX,2002-09-21,102.0,74.0,0.0,4.744186,144.8503,9.205409,21.07058,35.811134,9.0
PHX,2002-09-22,107.0,75.0,0.0,3.2279634,112.24991,5.846083,17.429008,33.393818,10.0
PHX,2002-09-23,108.0,78.0,0.0,5.0030394,108.95095,6.6345205,14.475589,22.09636,10.0
PHX,2002-09-24,108.0,80.0,0.0,6.415042,113.27769,6.6345205,14.421424,23.337599,11.0
PHX,2002-09-25,107.0,79.0,0.0,5.544073,109.03194,8.26515,15.229362,23.0495,11.0
PHX,2002-09-26,105.0,77.0,0.0,6.1496816,107.93547,10.575551,18.49285,24.8941,10.0
PHX,2002-09-27,100.0,75.0,0.0,7.2097263,84.122314,9.777615,20.48389,33.393818,17.0
PHX,2002-09-28,94.0,76.0,0.0001,7.3023257,115.121086,19.1554,27.04689,37.3835,11.0
PHX,2002-09-29,95.0,74.0,0.0,8.313227,247.23169,20.092169,27.632862,39.7501,14.0
PHX,2002-09-30,91.0,67.0,0.0,5.7611465,155.09122,14.7654,25.70743,40.2791,11.0
PHX,2002-10-01,91.0,71.0,0.0,9.061977,210.83339,19.287865,25.276993,32.221733,17.0
PHX,2002-10-02,78.0,63.0,0.04,10.309889,234.56854,20.049805,38.607597,63.1768,19.0
PHX,2002-10-03,78.0,58.0,0.0,3.0520446,228.06815,18.457582,30.68287,45.578323,8.0
PHX,2002-10-04,86.0,58.0,0.0,3.6629527,117.19982,9.9202585,25.260921,42.015938,8.0
PHX,2002-10-05,90.0,60.0,0.0,4.0955415,180.46786,9.489421,21.037844,37.7812,7.0
PHX,2002-10-06,93.0,62.0,0.0,4.871866,201.13539,8.23973,18.957634,34.064045,9.0
PHX,2002-10-07,93.0,70.0,0.0,4.920382,117.92449,12.837101,22.903847,35.980938,10.0
PHX,2002-10-08,93.0,68.0,0.0,5.273556,128.13141,15.114826,31.388262,46.9915,8.0
PHX,2002-10-09,96.0,69.0,0.0,5.3757963,131.78314,9.542487,25.466051,41.86172,9.0
PHX,2002-10-10,96.0,67.0,0.0,4.9044585,83.445404,10.390337,20.383396,35.04244,8.0
PHX,2002-10-11,96.0,69.0,0.0,5.4156976,83.107124,12.0519,20.670948,33.4395,10.0
PHX,2002-10-12,89.0,71.0,0.0,4.648256,114.79931,14.634875,22.564352,29.243343,7.0
PHX,2002-10-13,96.0,69.0,0.0,6.172702,109.00753,16.1474,25.471424,40.59262,15.0
PHX,2002-10-14,92.0,73.0,0.0,5.4407296,85.37142,21.092175,29.133814,38.120686,10.0
PHX,2002-10-15,94.0,72.0,0.0,4.3036213,78.106766,15.7676,28.990217,43.07569,7.0
PHX,2002-10-16,94.0,69.0,0.0,6.37883,130.70387,13.255393,25.385738,38.815422,10.0
PHX,2002-10-17,87.0,68.0,0.04,6.601671,129.6368,18.75324,38.287766,56.50713,14.0
PHX,2002-10-18,81.0,62.0,0.0,4.5592704,196.81436,24.733593,43.68453,72.32651,10.0
PHX,2002-10-19,85.0,61.0,0.0,3.857143,101.70721,22.8221,38.933872,62.325706,8.0
PHX,2002-10-20,86.0,64.0,0.0,3.0395136,62.78479,20.991467,35.09177,52.0641,9.0
PHX,2002-10-21,88.0,64.0,0.0,3.1615598,124.00095,18.376526,31.66298,46.52177,9.0
PHX,2002-10-22,84.0,65.0,0.0001,5.288754,126.73785,28.60135,38.63418,46.8263,10.0
PHX,2002-10-23,80.0,67.0,0.0001,4.264214,266.39688,36.460014,49.741158,67.5935,9.0
PHX,2002-10-24,82.0,63.0,0.0,2.6751592,191.37924,23.180487,44.108135,70.0687,8.0
PHX,2002-10-25,84.0,61.0,0.0,4.6153846,108.04052,18.4865,33.737926,51.638233,10.0
PHX,2002-10-26,72.0,59.0,0.28,5.0530524,73.97808,34.870613,59.805653,83.33808,11.0
PHX,2002-10-27,70.0,57.0,0.01,2.3237202,72.312355,42.290535,63.96385,83.81911,10.0
PHX,2002-10-28,75.0,54.0,0.0,3.3511705,159.98398,28.2353,55.11866,86.412964,9.0
PHX,2002-10-29,80.0,55.0,0.0,6.3023257,106.63267,24.439167,43.209373,61.67368,9.0
PHX,2002-10-30,83.0,58.0,0.0,5.3511705,105.90486,14.9611025,34.02836,51.638233,8.0
PHX,2002-10-31,81.0,57.0,0.0,3.61204,102.80633,21.810827,35.599594,49.259594,8.0
PHX,2002-11-01,81.0,58.0,0.0,3.0501392,177.15762,21.327,35.80285,49.726677,7.0
PHX,2002-11-02,80.0,58.0,0.0,3.319149,172.7429,19.4456,37.123703,55.23908,8.0
PHX,2002-11-03,81.0,61.0,0.0,2.5987842,234.78032,15.4076805,33.803616,44.643616,7.0
PHX,2002-11-04,77.0,55.0,0.0,4.7103066,237.8218,12.501967,29.322964,50.7183,11.0
PHX,2002-11-05,77.0,51.0,0.0,2.9526463,121.82615,9.38454,22.734205,36.5424,8.0
PHX,2002-11-06,86.0,51.0,0.0,3.4761906,113.285904,7.62326,22.4135,38.958637,6.0
PHX,2002-11-07,82.0,57.0,0.0001,5.8206687,150.4336,9.72155,17.65819,29.247526,10.0
PHX,2002-11-08,76.0,63.0,0.0,4.5431757,94.02251,13.5718,23.682863,37.49227,9.0
PHX,2002-11-09,83.0,66.0,0.0,9.086831,232.54672,32.67002,41.851715,52.3543,15.0
PHX,2002-11-10,79.0,63.0,0.0,7.5654597,254.32793,20.153,38.89958,61.030014,14.0
PHX,2002-11-11,78.0,54.0,0.0,6.226744,332.08664,14.473248,28.406681,50.58127,11.0
PHX,2002-11-12,81.0,54.0,0.0,6.646497,61.794422,10.182765,18.632006,34.086994,13.0
PHX,2002-11-13,81.0,57.0,0.0,3.8774374,161.21669,13.685497,22.623695,35.6913,9.0
PHX,2002-11-14,79.0,54.0,0.0,3.7936046,133.96617,15.711113,29.049358,46.76862,8.0
PHX,2002-11-15,79.0,54.0,0.0,7.7093024,359.39178,4.920637,18.807251,40.22126,17.0
PHX,2002-11-16,77.0,57.0,0.0,7.633721,67.4659,7.42565,13.547343,25.74177,15.0
PHX,2002-11-17,78.0,50.0,0.0,3.2703488,121.15434,10.3435,21.795906,35.89243,10.0
PHX,2002-11-18,79.0,49.0,0.0,3.5431755,250.44876,9.870728,24.140234,42.717617,6.0
PHX,2002-11-19,80.0,49.0,0.0,2.5159235,265.2497,8.577499,21.169193,38.891663,6.0
PHX,2002-11-20,87.0,54.0,0.0,6.6671734,59.561714,10.3999,17.712511,29.890327,15.0
PHX,2002-11-21,87.0,57.0,0.0,5.579618,81.45143,7.7168255,16.639809,30.35632,18.0
PHX,2002-11-22,86.0,56.0,0.0,3.6838906,107.48179,9.635019,21.470734,32.78137,6.0
PHX,2002-11-23,80.0,52.0,0.0,5.136778,105.26892,10.550102,23.154963,41.0536,10.0
PHX,2002-11-24,77.0,51.0,0.0,4.423567,106.160866,14.4492,27.656515,38.511723,7.0
PHX,2002-11-25,64.0,50.0,0.0001,5.747093,118.745476,22.767818,31.340698,42.2591,8.0
PHX,2002-11-26,74.0,48.0,0.0001,7.6566854,69.89755,18.874178,33.655743,45.96789,18.0
PHX,2002-11-27,75.0,59.0,0.0,10.504178,77.59918,20.330442,30.105799,39.00913,15.0
PHX,2002-11-28,71.0,55.0,0.0,8.501392,76.77048,20.801163,27.60891,38.335285,15.0
PHX,2002-11-29,70.0,58.0,0.39,5.727471,99.70506,40.2791,62.80005,93.74054,16.0
PHX,2002-11-30,69.0,57.0,0.03,4.9345403,85.38252,48.60227,77.04679,93.103065,15.0
PHX,2002-12-01,69.0,51.0,0.0,2.817629,242.46701,38.812244,70.02093,92.92925,6.0
PHX,2002-12-02,62.0,51.0,0.0,1.5877438,226.72427,55.521954,70.03973,85.7845,5.0
PHX,2002-12-03,65.0,49.0,0.0,2.2674417,258.43405,50.317757,72.87113,92.83717,8.0
PHX,2002-12-04,67.0,48.0,0.0,2.8115501,123.9012,46.52177,68.560684,89.17307,5.0
PHX,2002-12-05,73.0,48.0,0.0,3.75,92.57151,22.846336,49.613785,83.2272,9.0
PHX,2002-12-06,73.0,52.0,0.0,3.4958217,111.04077,21.085913,42.911484,74.28986,8.0
PHX,2002-12-07,69.0,53.0,0.0,4.3760448,138.06609,30.807981,45.273136,61.413486,8.0
PHX,2002-12-08,70.0,47.0,0.0,2.485465,128.50188,29.521362,52.80577,73.99,7.0
PHX,2002-12-09,67.0,49.0,0.0,3.1197772,107.532845,25.051968,42.866398,65.67149,8.0
PHX,2002-12-10,70.0,47.0,0.0,2.0395136,238.43103,22.25721,43.374374,70.7384,8.0
PHX,2002-12-11,67.0,48.0,0.0,4.729483,120.077225,25.051968,45.389248,58.609974,8.0
PHX,2002-12-12,68.0,45.0,0.0,3.586626,108.435,27.1468,45.819984,65.18045,8.0
PHX,2002-12-13,67.0,44.0,0.0,4.122563,106.96994,24.734884,44.804375,58.609974,9.0
PHX,2002-12-14,71.0,45.0,0.0,3.511628,101.41302,21.451498,42.929955,62.87371,10.0
PHX,2002-12-15,71.0,52.0,0.0,4.4568243,116.30032,20.049805,37.856976,54.21808,8.0
PHX,2002-12-16,69.0,48.0,0.0,4.8300834,105.19986,21.9702,36.094593,53.62952,10.0
PHX,2002-12-17,68.0,54.0,0.03,8.342618,254.29964,26.810612,43.71273,83.69151,17.0
PHX,2002-12-18,61.0,46.0,0.0,8.607558,254.5137,25.406963,41.455276,56.296757,14.0
PHX,2002-12-19,60.0,41.0,0.0,4.0116277,102.06126,26.902382,49.98583,75.876076,9.0
PHX,2002-12-20,65.0,42.0,0.01,7.5824175,259.427,16.2042,51.305466,85.788086,31.0
PHX,2002-12-21,50.0,39.0,0.0,1.9969605,254.13075,65.8038,80.385345,95.8601,6.0
PHX,2002-12-22,54.0,38.0,0.01,2.5639534,88.44955,50.2782,71.9735,92.49174,8.0
PHX,2002-12-23,49.0,44.0,0.11,5.998607,100.47304,79.6987,85.75744,93.3474,10.0
PHX,2002-12-24,56.0,39.0,0.0,3.1276596,108.689445,39.609016,71.42652,92.65329,7.0
PHX,2002-12-25,59.0,40.0,0.0,2.8662791,68.685455,30.3563,61.635456,88.8084,6.0
PHX,2002-12-26,60.0,37.0,0.0,2.4302325,99.6761,24.764,51.84198,79.04792,8.0
PHX,2002-12-27,67.0,38.0,0.0,3.5232558,81.98278,17.23724,45.329582,79.12336,9.0
PHX,2002-12-28,74.0,43.0,0.0,2.747093,107.483376,17.399763,36.069355,52.106083,10.0
PHX,2002-12-29,67.0,45.0,0.0001,8.050139,268.392,21.51887,50.62006,70.738365,19.0
PHX,2002-12-30,63.0,42.0,0.0,2.781155,35.128735,27.214584,49.250916,70.20118,8.0
PHX,2002-12-31,64.0,42.0,0.0,4.255814,115.6038,26.529785,46.438057,65.067535,9.0
PHX,2003-01-01,67.0,39.0,0.0,2.0473537,114.15519,18.473837,45.295906,76.32318,5.0
PHX,2003-01-02,73.0,44.0,0.0,6.2207355,48.922447,12.0203,26.70442,45.6497,19.0
PHX,2003-01-03,77.0,45.0,0.0,4.5543175,49.20592,11.262949,21.224243,41.5648,12.0
PHX,2003-01-04,80.0,49.0,0.0,2.5896657,101.5282,17.445765,33.02218,48.7756,7.0
PHX,2003-01-05,77.0,49.0,0.0,4.749304,119.611374,19.728224,39.31027,54.5089,9.0
PHX,2003-01-06,65.0,47.0,0.0,3.4986072,102.41571,27.696,42.92611,63.132015,8.0
PHX,2003-01-07,77.0,52.0,0.0,7.590909,79.00624,23.58936,33.50101,52.112114,17.0
PHX,2003-01-08,65.0,55.0,0.41,5.0501394,29.428783,42.648705,76.63321,96.8112,12.0
PHX,2003-01-09,66.0,52.0,0.02,3.3215113,121.18919,56.0811,86.1225,100.0,7.0
PHX,2003-01-10,69.0,50.0,0.0,3.3139534,161.78949,40.2791,67.9015,92.2797,7.0
PHX,2003-01-11,68.0,50.0,0.0,4.3168607,141.95432,46.5218,66.326454,82.9414,7.0
PHX,2003-01-12,70.0,47.0,0.0,3.488372,162.60378,33.124126,58.818592,89.648575,7.0
PHX,2003-01-13,74.0,48.0,0.0,2.6273885,149.83156,20.3304,50.98829,79.78518,8.0
PHX,2003-01-14,77.0,48.0,0.0,3.7070065,119.379684,20.8924,46.432457,68.5077,7.0
PHX,2003-01-15,73.0,48.0,0.0,4.4680233,104.033134,26.6244,50.415077,70.9534,8.0
PHX,2003-01-16,79.0,48.0,0.0,2.0516717,37.962116,10.963618,38.180088,70.8559,9.0
PHX,2003-01-17,77.0,49.0,0.0,3.7123747,153.97849,12.132101,28.037424,63.0796,9.0
PHX,2003-01-18,78.0,50.0,0.0,3.100304,126.349976,11.824314,29.496511,50.28439,8.0
PHX,2003-01-19,77.0,50.0,0.0,3.8662953,108.77184,16.0291,30.550053,43.9872,7.0
PHX,2003-01-20,70.0,52.0,0.14,4.9432774,74.139565,25.036785,47.654503,83.69151,13.0
PHX,2003-01-21,69.0,49.0,0.0,2.866242,185.27621,45.261,69.123184,92.9293,8.0
PHX,2003-01-22,71.0,48.0,0.0,3.8718662,94.053246,33.611053,60.50278,83.2272,7.0
PHX,2003-01-23,76.0,50.0,0.0,3.2826748,227.32654,22.316,45.84822,74.28986,8.0
PHX,2003-01-24,79.0,51.0,0.0,3.488372,239.17944,20.1591,39.872597,66.2831,8.0
PHX,2003-01-25,76.0,51.0,0.0,4.1489363,140.46461,22.6083,40.189335,56.863,9.0
PHX,2003-01-26,80.0,49.0,0.0,2.8412256,85.986855,12.596943,34.955765,65.8038,10.0
PHX,2003-01-27,82.0,54.0,0.0,3.3617022,113.46822,12.699919,27.982077,41.823204,8.0
PHX,2003-01-28,77.0,51.0,0.0,4.0406976,102.138275,14.4732,30.549881,48.65392,8.0
PHX,2003-01-29,79.0,52.0,0.0,3.901274,124.60603,15.385624,30.054192,46.284,7.0
PHX,2003-01-30,79.0,50.0,0.0,3.111524,145.75133,16.425196,31.806673,50.28439,7.0
PHX,2003-01-31,86.0,51.0,0.0,3.0389972,144.10732,13.752112,29.258263,46.4556,7.0
PHX,2003-02-01,83.0,56.0,0.0,3.6971831,108.19959,12.267,27.740604,51.0182,8.0
PHX,2003-02-02,72.0,55.0,0.0,11.1552925,275.2522,12.688989,24.376547,37.459663,22.0
PHX,2003-02-03,67.0,49.0,0.0,4.8149605,287.6122,14.0796,23.237194,33.439117,10.0
PHX,2003-02-04,66.0,44.0,0.0,4.013378,137.8507,15.5875,27.796532,45.329494,7.0
PHX,2003-02-05,67.0,45.0,0.0,8.467967,251.75429,13.1405,25.800371,38.742233,18.0
PHX,2003-02-06,63.0,40.0,0.0,4.0033445,97.07958,13.700307,24.297108,37.382343,7.0
PHX,2003-02-07,66.0,43.0,0.0,3.4954407,307.1441,14.623433,26.120493,41.2355,7.0
PHX,2003-02-08,65.0,49.0,0.0001,4.360465,77.667656,22.515434,42.521244,65.6715,9.0
PHX,2003-02-09,64.0,41.0,0.0,4.823708,114.919235,10.8111,43.77512,82.17155,9.0
PHX,2003-02-10,67.0,42.0,0.0,3.7848837,120.55672,14.5516,31.010675,50.41948,7.0
PHX,2003-02-11,72.0,54.0,0.0,3.4650457,91.86257,17.00707,26.616762,39.609016,9.0
PHX,2003-02-12,68.0,57.0,0.09,5.581395,113.779366,25.8456,54.91714,96.2017,12.0
PHX,2003-02-13,65.0,55.0,1.42,6.0947075,104.48196,74.931595,87.51095,100.0,12.0
PHX,2003-02-14,66.0,54.0,0.26,2.4741642,129.51118,62.7145,81.794426,96.7575,6.0
PHX,2003-02-15,70.0,54.0,0.0,3.1322188,106.46178,52.351345,74.696075,93.64554,8.0
PHX,2003-02-16,71.0,53.0,0.0,3.7732558,98.85157,39.224,70.52415,89.9465,8.0
PHX,2003-02-17,73.0,55.0,0.0,4.4360466,108.91807,33.9247,59.741913,83.07516,10.0
PHX,2003-02-18,74.0,57.0,0.0,4.61465,120.486145,27.5924,57.98964,80.635376,9.0
PHX,2003-02-19,75.0,51.0,0.0,2.2183099,95.93281,19.448833,51.623062,79.6399,6.0
PHX,2003-02-20,67.0,53.0,0.0,7.3488374,268.87454,34.38183,50.22765,64.0289,17.0
PHX,2003-02-21,72.0,48.0,0.0,5.7819767,114.161156,22.548628,52.057095,77.25818,11.0
PHX,2003-02-22,74.0,48.0,0.0,5.7101912,106.36885,19.448833,44.580708,73.3855,11.0
PHX,2003-02-23,73.0,50.0,0.0,4.3054395,101.4192,20.049805,38.05621,60.6015,8.0
PHX,2003-02-24,71.0,57.0,0.0,6.504559,161.35138,28.6264,41.020866,49.729713,12.0
PHX,2003-02-25,66.0,50.0,0.77,8.827035,175.69243,47.69548,71.09839,100.0,27.0
PHX,2003-02-26,61.0,50.0,0.16,6.6824126,204.40665,53.3604,79.464714,100.0,22.0
PHX,2003-02-27,59.0,49.0,0.29,7.18845,188.26097,52.9087,74.72439,92.8699,18.0
PHX,2003-02-28,60.0,49.0,0.16,7.2827296,222.84631,48.77564,69.222404,89.7339,18.0
PHX,2003-03-01,62.0,45.0,0.0001,6.3052325,84.576096,39.0091,65.0703,85.96637,10.0
PHX,2003-03-02,63.0,47.0,0.0,4.5382166,207.27776,33.599724,58.899727,86.08,12.0
PHX,2003-03-03,65.0,46.0,0.0,4.081395,123.00137,31.16733,57.479088,83.09279,8.0
PHX,2003-03-04,66.0,50.0,0.0,4.40407,233.89087,29.836212,48.578434,76.88203,11.0
PHX,2003-03-05,68.0,53.0,0.0001,5.482394,65.945786,34.064,50.116196,63.722855,9.0
PHX,2003-03-06,70.0,48.0,0.0,5.087209,115.56751,25.036785,49.62505,76.52618,8.0
PHX,2003-03-07,75.0,50.0,0.0,4.050167,93.59855,17.544443,42.681667,68.2778,7.0
PHX,2003-03-08,78.0,50.0,0.0,4.1033435,110.16759,17.80952,39.144684,74.09639,9.0
PHX,2003-03-09,83.0,52.0,0.0,4.404682,155.49947,15.0947,37.32885,63.4719,8.0
PHX,2003-03-10,84.0,55.0,0.0,5.094225,226.00987,14.419508,33.285744,57.142693,9.0
PHX,2003-03-11,83.0,56.0,0.0,4.8248405,116.58453,14.1792,33.128254,54.953968,8.0
PHX,2003-03-12,84.0,56.0,0.0,4.5015197,108.51508,14.439469,32.043858,52.6986,9.0
PHX,2003-03-13,87.0,57.0,0.0,3.9156976,100.7732,11.83928,30.823719,51.18082,9.0
PHX,2003-03-14,82.0,60.0,0.0,4.715719,92.72053,14.7167,31.334988,49.2456,8.0
PHX,2003-03-15,79.0,58.0,0.0,7.0901165,69.87323,20.892353,35.03751,47.3885,11.0
PHX,2003-03-16,67.0,56.0,0.31,7.050305,94.00324,48.46769,75.6084,87.9167,23.0
PHX,2003-03-17,59.0,49.0,0.2,6.1538997,350.46576,56.335934,73.30843,87.3739,14.0
PHX,2003-03-18,68.0,45.0,0.0,10.684268,268.72345,28.0067,56.733715,92.7153,24.0
PHX,2003-03-19,70.0,48.0,0.0,4.218845,209.91457,27.1468,44.489918,65.8038,8.0
PHX,2003-03-20,75.0,51.0,0.0,5.8541036,104.60642,21.3708,44.011696,73.693665,9.0
PHX,2003-03-21,76.0,54.0,0.0,6.1854105,261.9202,23.8496,37.28782,54.797512,12.0
PHX,2003-03-22,80.0,54.0,0.0,4.178273,127.28866,15.385624,38.55551,66.51939,10.0
PHX,2003-03-23,83.0,56.0,0.0,4.525478,99.35234,12.8298,33.86025,57.420086,9.0
PHX,2003-03-24,83.0,57.0,0.0,7.054878,172.354,15.963505,31.216244,55.467278,11.0
PHX,2003-03-25,84.0,58.0,0.0,3.100304,301.323,13.516451,34.760212,64.5221,8.0
PHX,2003-03-26,87.0,60.0,0.0,6.0471125,122.066765,15.3404,30.543318,51.345837,10.0
PHX,2003-03-27,83.0,61.0,0.0,12.145349,305.04477,7.9092546,25.489836,53.64997,22.0
PHX,2003-03-28,73.0,55.0,0.0,11.66713,4.195574,7.9126544,12.104031,21.165215,18.0
PHX,2003-03-29,74.0,56.0,0.0,9.331395,45.257153,11.6929,19.17696,34.0126,17.0
PHX,2003-03-30,81.0,51.0,0.0,4.370061,92.792076,9.246,19.868717,37.718822,11.0
PHX,2003-03-31,90.0,57.0,0.0,5.014535,87.66322,6.338003,20.060001,40.542057,11.0
PHX,2003-04-01,93.0,58.0,0.0,8.465878,140.12798,5.54035,17.967644,38.834,14.0
PHX,2003-04-02,80.0,63.0,0.0,9.754874,219.88419,11.293593,19.208202,25.5432,16.0
PHX,2003-04-03,71.0,55.0,0.0,6.1773257,268.05328,14.875,26.393131,45.264656,15.0
PHX,2003-04-04,75.0,50.0,0.0,6.142061,202.92432,12.957956,22.189947,42.3948,11.0
PHX,2003-04-05,69.0,55.0,0.0,9.963788,257.10162,13.353,27.11488,40.04558,21.0
PHX,2003-04-06,74.0,48.0,0.0,4.4389534,271.64093,7.5210495,21.133986,43.6651,10.0
PHX,2003-04-07,80.0,50.0,0.0,4.633758,3.5433667,10.0722,18.540983,33.439117,9.0
PHX,2003-04-08,89.0,54.0,0.0,6.0,78.80851,6.338003,14.576069,31.034126,17.0
PHX,2003-04-09,92.0,63.0,0.0,7.4476743,90.64816,6.39713,14.044896,27.69599,13.0
PHX,2003-04-10,91.0,61.0,0.0,6.5732484,50.76413,4.57464,15.523382,33.425,10.0
PHX,2003-04-11,87.0,61.0,0.0,5.3942537,98.984436,6.1014524,13.7607975,22.5154,10.0
PHX,2003-04-12,86.0,63.0,0.0,5.70903,280.08197,12.1339,18.36278,29.103369,11.0
PHX,2003-04-13,87.0,61.0,0.0,6.1050954,225.138,14.6607,26.540268,42.6487,12.0
PHX,2003-04-14,84.0,64.0,0.0,10.347826,164.67958,14.155944,23.521193,36.8293,18.0
PHX,2003-04-15,69.0,54.0,0.17,11.456824,254.27437,25.0368,45.600075,93.6455,22.0
PHX,2003-04-16,81.0,53.0,0.0,6.6178346,72.46151,11.924516,30.474539,61.4135,11.0
PHX,2003-04-17,79.0,56.0,0.0,9.75532,234.10051,11.4377,27.514887,48.9547,21.0
PHX,2003-04-18,76.0,54.0,0.0,6.258721,223.45996,19.446915,32.077713,50.5813,14.0
PHX,2003-04-19,76.0,57.0,0.0,4.4386616,281.1635,17.544443,31.098587,47.3885,9.0
PHX,2003-04-20,88.0,59.0,0.0,5.2765956,195.24689,8.436535,23.298512,45.5967,12.0
PHX,2003-04-21,83.0,62.0,0.0,7.7261147,231.4495,16.5219,21.774292,32.5508,14.0
PHX,2003-04-22,72.0,58.0,0.0,9.174418,244.07698,13.6175,26.879416,40.42728,16.0
PHX,2003-04-23,74.0,53.0,0.0,4.528169,225.36992,19.448833,30.68332,46.4556,11.0
PHX,2003-04-24,83.0,57.0,0.0,5.732394,102.855385,12.699919,25.437302,41.696915,10.0
PHX,2003-04-25,88.0,60.0,0.0,7.749164,281.7121,13.781322,23.441635,37.368904,15.0
PHX,2003-04-26,90.0,62.0,0.0,7.020349,279.24283,12.254086,22.445528,41.552322,16.0
PHX,2003-04-27,93.0,64.0,0.0,5.5167174,237.22417,9.39555,17.966545,35.15232,14.0
PHX,2003-04-28,91.0,65.0,0.0,6.232394,288.02908,8.8329935,17.979073,35.5486,14.0
PHX,2003-04-29,87.0,63.0,0.0,9.650455,254.02936,6.13216,15.091393,29.8362,20.0
PHX,2003-04-30,83.0,60.0,0.0,6.462209,269.7353,6.13581,12.9249525,21.9169,16.0
PHX,2003-05-01,87.0,59.0,0.0,5.6617103,77.284195,7.10743,15.049709,26.902382,10.0
PHX,2003-05-02,92.0,62.0,0.0,7.4044585,174.73738,7.07576,13.358772,22.515434,13.0
PHX,2003-05-03,87.0,69.0,0.0,8.796512,235.45448,11.4855,16.88864,37.813534,18.0
PHX,2003-05-04,81.0,61.0,0.0,6.5382166,258.67664,16.700678,26.957567,39.329,17.0
PHX,2003-05-05,84.0,62.0,0.0,4.8300834,259.88794,14.849921,25.904078,40.7458,13.0
PHX,2003-05-06,88.0,63.0,0.0,5.3732395,196.74654,13.161804,22.856558,37.0028,12.0
PHX,2003-05-07,84.0,64.0,0.0,9.9696045,257.1824,13.3162,22.491547,33.91921,19.0
PHX,2003-05-08,83.0,62.0,0.0,8.563694,248.3858,14.9611025,28.462395,46.368,16.0
PHX,2003-05-09,78.0,62.0,0.0,7.951368,256.14746,12.699913,22.423042,31.484314,15.0
PHX,2003-05-10,82.0,55.0,0.0,4.4753523,209.78549,8.920132,17.347172,38.335285,9.0
PHX,2003-05-11,90.0,61.0,0.0,5.1036787,112.249985,5.1436915,13.632856,26.200342,8.0
PHX,2003-05-12,96.0,63.0,0.0,4.444816,53.442287,4.7244115,11.197557,20.718624,9.0
PHX,2003-05-13,99.0,72.0,0.0,4.626741,43.15469,4.176471,11.057742,22.027794,9.0
PHX,2003-05-14,93.0,76.0,0.0,5.5153203,89.00093,7.2354827,12.882334,22.604208,18.0
PHX,2003-05-15,88.0,65.0,0.0,6.8844986,256.0158,11.3246,18.652866,26.8106,15.0
PHX,2003-05-16,100.0,68.0,0.0,4.3760448,111.52577,10.050916,17.941605,31.9178,7.0
PHX,2003-05-17,104.0,73.0,0.0,7.0030394,140.4986,7.57758,15.0408945,27.3697,14.0
PHX,2003-05-18,99.0,79.0,0.0,8.306407,254.40727,6.3684607,11.854047,19.153358,16.0
PHX,2003-05-19,100.0,71.0,0.0,4.9330707,141.41623,4.8594656,12.428464,26.630594,10.0
PHX,2003-05-20,103.0,73.0,0.0,5.6899695,284.30264,5.1123123,11.184249,21.3708,11.0
PHX,2003-05-21,107.0,76.0,0.0,6.598784,62.129784,7.622079,14.773359,24.463856,10.0
PHX,2003-05-22,103.0,79.0,0.0,6.009554,303.60623,6.87853,12.952268,22.666567,9.0
PHX,2003-05-23,105.0,79.0,0.0,5.522293,321.39413,8.7685,14.119873,25.9542,10.0
PHX,2003-05-24,103.0,77.0,0.0,6.4295774,253.00095,6.1068287,13.707136,26.893555,16.0
PHX,2003-05-25,100.0,73.0,0.0,6.2898088,195.79187,5.29749,11.504661,18.8742,10.0
PHX,2003-05-26,103.0,76.0,0.0,6.9969606,283.1868,6.631196,15.0451,25.9542,16.0
PHX,2003-05-27,109.0,77.0,0.0,5.0,151.2786,7.035341,14.724568,27.840296,8.0
PHX,2003-05-28,111.0,84.0,0.0,8.744186,127.03026,7.4560165,14.992855,25.7752,16.0
PHX,2003-05-29,109.0,85.0,0.0,9.148936,139.16617,8.53428,17.021769,38.6968,15.0
PHX,2003-05-30,103.0,82.0,0.0,8.263441,163.15642,14.5382,28.143602,43.86635,23.0
PHX,2003-05-31,103.0,84.0,0.0,5.147887,13.959462,13.7003,23.115753,36.0179,12.0
PHX,2003-06-01,107.0,81.0,0.0,6.1082745,264.3083,7.0693264,14.863642,26.5477,14.0
PHX,2003-06-02,109.0,81.0,0.0,8.1854105,252.0349,6.57605,12.710116,24.463856,15.0
PHX,2003-06-03,106.0,79.0,0.0,8.125,264.29547,7.7896705,13.569598,22.3815,15.0
PHX,2003-06-04,105.0,79.0,0.0,7.4360466,269.73898,5.70651,13.998615,24.1725,15.0
PHX,2003-06-05,105.0,78.0,0.0,8.671974,275.77145,4.9764733,11.389204,21.173561,16.0
PHX,2003-06-06,105.0,79.0,0.0,7.9401407,272.5076,5.419236,11.730408,19.849539,17.0
PHX,2003-06-07,106.0,80.0,0.0,7.0234113,256.65298,8.35975,13.038176,21.4549,13.0
PHX,2003-06-08,108.0,83.0,0.0,8.140127,265.19113,6.259362,14.103772,24.463856,17.0
PHX,2003-06-09,104.0,83.0,0.0,8.111192,250.8946,3.21941,12.381464,20.2679,19.0
PHX,2003-06-10,101.0,76.0,0.0,8.6598835,213.10814,6.8150487,12.839063,21.65579,20.0
PHX,2003-06-11,98.0,73.0,0.0,6.6722407,218.12688,10.381921,15.7391405,25.1968,10.0
PHX,2003-06-12,100.0,76.0,0.0,8.0060835,243.83986,8.72821,14.710521,26.4262,16.0
PHX,2003-06-13,100.0,76.0,0.0,4.6866198,271.64563,7.58477,15.422922,26.0893,11.0
PHX,2003-06-14,105.0,75.0,0.0,5.863222,277.86966,4.9764733,11.760074,25.3322,10.0
PHX,2003-06-15,109.0,76.0,0.0,6.7429576,262.72833,3.371339,10.45058,22.7614,14.0
PHX,2003-06-16,107.0,82.0,0.0,5.4981413,288.99164,6.8837113,11.35832,20.2679,12.0
PHX,2003-06-17,108.0,79.0,0.0,6.008721,56.073757,4.8551617,11.695757,22.3815,14.0
PHX,2003-06-18,109.0,84.0,0.0,7.856383,181.10938,4.75637,14.456722,25.7904,13.0
PHX,2003-06-19,105.0,78.0,0.0,9.800836,206.19621,4.4304,9.98249,19.572815,18.0
PHX,2003-06-20,100.0,76.0,0.0,9.545455,191.96017,6.8150487,13.516744,22.60829,16.0
PHX,2003-06-21,100.0,72.0,0.0,9.3161335,223.24187,8.412249,12.108534,16.272392,16.0
PHX,2003-06-22,100.0,73.0,0.0,5.404682,233.97366,9.426807,15.470359,26.4262,12.0
PHX,2003-06-23,101.0,75.0,0.0,8.531915,199.89209,10.009399,15.749626,26.4262,15.0
PHX,2003-06-24,98.0,73.0,0.0,6.7469487,270.8581,9.777615,13.235533,19.724073,18.0
PHX,2003-06-25,103.0,76.0,0.0,5.6751595,97.15321,6.98055,13.7345915,23.5894,11.0
PHX,2003-06-26,109.0,79.0,0.0,5.364095,244.1773,4.6605334,11.927321,22.3815,12.0
PHX,2003-06-27,112.0,82.0,0.0,5.726444,245.04431,5.5136414,11.342277,20.9915,10.0
PHX,2003-06-28,112.0,83.0,0.0,5.5697675,288.72714,3.86773,10.753223,23.631863,12.0
PHX,2003-06-29,109.0,82.0,0.0,7.6613417,251.48488,9.313351,15.046366,24.33147,15.0
PHX,2003-06-30,109.0,85.0,0.0,7.914013,271.05493,8.989504,17.344248,30.086634,16.0
PHX,2003-07-01,109.0,84.0,0.0,7.4164133,266.41022,8.81008,18.931574,29.071215,13.0
PHX,2003-07-02,109.0,86.0,0.0,9.302325,262.40845,7.8824844,18.023165,31.406563,15.0
PHX,2003-07-03,110.0,84.0,0.0,7.1496816,269.35208,7.3449235,15.562212,28.741,15.0
PHX,2003-07-04,113.0,82.0,0.0,5.569638,264.11856,5.934672,12.412952,29.619364,13.0
PHX,2003-07-05,111.0,86.0,0.0,7.7056856,280.84454,6.64438,11.9139,21.695837,13.0
PHX,2003-07-06,110.0,86.0,0.0,5.8471336,271.48083,10.9732,20.235191,33.449463,10.0
PHX,2003-07-07,110.0,84.0,0.0,6.511706,276.55435,9.9755,17.470158,33.14403,14.0
PHX,2003-07-08,109.0,84.0,0.0,4.477707,278.70856,8.61408,15.143744,23.169298,11.0
PHX,2003-07-09,113.0,84.0,0.0,8.334347,256.54968,6.353575,14.545653,28.6044,15.0
PHX,2003-07-10,110.0,83.0,0.0,6.4394903,267.19714,11.7202,18.63986,27.5535,12.0
PHX,2003-07-11,108.0,87.0,0.0,7.5349545,273.02286,19.605118,27.605402,38.7784,15.0
PHX,2003-07-12,112.0,91.0,0.0,7.8735466,252.3564,12.97303,23.622478,34.222237,18.0
PHX,2003-07-13,114.0,91.0,0.0,7.9505816,194.30478,10.99532,20.5411,32.17292,14.0
PHX,2003-07-14,116.0,93.0,0.0,7.9118543,196.11118,9.88722,17.443386,26.812294,12.0
PHX,2003-07-15,115.0,96.0,0.0,7.9574466,150.05788,9.45228,17.753195,25.5055,29.0
PHX,2003-07-16,117.0,91.0,0.0,6.3511705,327.74936,7.339324,17.525982,32.009186,9.0
PHX,2003-07-17,104.0,93.0,0.0,7.863057,133.16751,17.4681,22.02195,29.1393,13.0
PHX,2003-07-18,104.0,87.0,0.0001,7.8197675,173.02354,24.2938,33.86839,46.35,11.0
PHX,2003-07-19,107.0,90.0,0.0,8.949044,262.24185,21.877657,28.352142,34.58052,15.0
PHX,2003-07-20,112.0,90.0,0.0001,10.657382,268.76617,14.8907,23.680325,37.024742,16.0
PHX,2003-07-21,110.0,87.0,0.0001,9.3850975,190.03534,13.2857,31.69107,51.2356,27.0
PHX,2003-07-22,108.0,85.0,0.0,7.7234044,191.58565,18.837595,33.444046,55.0443,12.0
PHX,2003-07-23,110.0,91.0,0.0,6.48495,203.35345,15.3942,26.829927,39.383106,15.0
PHX,2003-07-24,106.0,89.0,0.0,9.04555,232.50882,18.10997,28.772932,46.6422,17.0
PHX,2003-07-25,108.0,90.0,0.0,8.095541,204.4876,17.5227,27.145515,38.15369,20.0
PHX,2003-07-26,108.0,87.0,0.0,9.799331,260.0635,20.212555,32.627983,47.8308,16.0
PHX,2003-07-27,108.0,87.0,0.0,7.574468,167.55226,19.34554,32.245213,51.2356,14.0
PHX,2003-07-28,98.0,84.0,0.0,8.581395,302.89566,28.16067,40.223267,53.2115,13.0
PHX,2003-07-29,101.0,73.0,0.61,8.651338,201.5177,25.9477,48.38883,100.0,31.0
PHX,2003-07-30,97.0,76.0,0.0,5.254777,205.46858,31.2875,52.689102,78.96287,10.0
PHX,2003-07-31,102.0,83.0,0.0,6.7643313,221.87596,21.0453,38.883793,56.98148,14.0
PHX,2003-08-01,95.0,78.0,0.03,6.993921,241.93439,32.517,51.439903,79.0466,13.0
PHX,2003-08-02,102.0,81.0,0.0,5.3221884,252.94803,20.923,37.928135,62.4018,13.0
PHX,2003-08-03,105.0,86.0,0.0,4.768997,262.74295,14.303447,23.780466,38.6125,11.0
PHX,2003-08-04,107.0,83.0,0.0,4.4528875,295.63382,10.575551,19.505274,37.0755,14.0
PHX,2003-08-05,110.0,86.0,0.0,4.877437,277.9032,11.5293,19.491396,33.449463,12.0
PHX,2003-08-06,108.0,88.0,0.0,6.465181,277.40253,15.772492,21.919477,33.7539,13.0
PHX,2003-08-07,109.0,89.0,0.0,6.1458964,257.70822,15.880946,24.372944,39.474964,12.0
PHX,2003-08-08,108.0,93.0,0.0001,7.7005816,281.24594,17.5227,25.14052,32.472404,15.0
PHX,2003-08-09,112.0,91.0,0.0,5.4481606,266.6489,13.5061,23.938763,36.723022,9.0
PHX,2003-08-10,116.0,91.0,0.0,7.0509553,259.21225,11.879792,19.806131,34.222237,16.0
PHX,2003-08-11,111.0,94.0,0.0,8.37386,259.00134,12.9422,19.755621,31.287489,16.0
PHX,2003-08-12,110.0,95.0,0.0,9.015198,267.50223,17.772398,22.21988,28.6363,13.0
PHX,2003-08-13,113.0,87.0,0.0,8.137355,245.34593,14.0584,30.128292,55.28835,22.0
PHX,2003-08-14,105.0,75.0,0.19,9.863383,137.94951,22.890696,46.199677,84.91552,25.0
PHX,2003-08-15,95.0,77.0,0.0,7.2841225,195.34605,29.136297,48.181408,73.7806,15.0
PHX,2003-08-16,100.0,81.0,0.0,4.200669,243.0056,23.885153,39.98431,62.4018,9.0
PHX,2003-08-17,106.0,84.0,0.0,3.4267516,184.01215,17.2734,31.007349,52.7537,10.0
PHX,2003-08-18,109.0,88.0,0.0,8.489825,174.50862,16.5551,29.489534,41.918427,25.0
PHX,2003-08-19,89.0,75.0,0.09,5.186614,167.36633,39.081455,52.361797,84.91552,14.0
PHX,2003-08-20,100.0,81.0,0.0,4.6617103,245.29657,28.47657,44.349323,67.2191,8.0
PHX,2003-08-21,104.0,86.0,0.0,8.436047,276.16144,25.4076,38.510628,53.0308,13.0
PHX,2003-08-22,105.0,89.0,0.0,8.047354,278.44904,22.890696,34.65025,46.6422,14.0
PHX,2003-08-23,109.0,86.0,0.0001,7.552817,90.776505,18.854189,34.303738,51.8344,23.0
PHX,2003-08-24,102.0,86.0,0.0,6.507599,245.77605,21.896288,37.583416,51.4025,12.0
PHX,2003-08-25,105.0,85.0,0.0,7.799363,161.824,22.168303,35.27045,49.6623,14.0
PHX,2003-08-26,98.0,76.0,0.0001,10.12766,168.82944,29.5956,50.57462,84.91552,22.0
PHX,2003-08-27,92.0,75.0,0.2,5.2761626,290.71527,40.898205,61.476227,90.2171,17.0
PHX,2003-08-28,99.0,81.0,0.0,5.1815286,318.0934,30.7189,49.62777,71.92238,9.0
PHX,2003-08-29,103.0,83.0,0.0,4.6239552,256.82413,25.4076,37.899296,56.71749,9.0
PHX,2003-08-30,105.0,87.0,0.0,6.9267516,273.99045,24.7275,34.81745,49.7919,10.0
PHX,2003-08-31,108.0,88.0,0.0,4.4267516,277.31815,17.543,30.475445,48.2631,9.0
PHX,2003-09-01,108.0,89.0,0.0,7.866242,108.03491,18.5983,30.049952,41.0402,20.0
PHX,2003-09-02,110.0,88.0,0.0,5.368421,91.35704,10.331626,23.078287,36.2543,10.0
PHX,2003-09-03,110.0,88.0,0.0,5.866242,175.42648,10.6,19.755861,30.6886,15.0
PHX,2003-09-04,105.0,80.0,0.14,8.895911,350.1286,24.4469,36.420597,67.05904,26.0
PHX,2003-09-05,100.0,82.0,0.0,7.917197,271.9588,24.685328,36.146618,54.5016,19.0
PHX,2003-09-06,100.0,86.0,0.0,7.5907645,358.48135,31.008121,41.85337,55.0443,27.0
PHX,2003-09-07,102.0,82.0,0.0,6.8343024,187.64632,26.2453,38.043915,50.965942,10.0
PHX,2003-09-08,102.0,85.0,0.0,6.799331,262.33722,23.5191,37.966774,51.4025,12.0
PHX,2003-09-09,96.0,83.0,0.02,9.802228,213.71526,31.4502,42.92744,59.049355,17.0
PHX,2003-09-10,97.0,81.0,0.0,7.08078,249.63124,18.783445,36.81701,58.255,16.0
PHX,2003-09-11,99.0,78.0,0.0,3.6075583,264.64786,16.0132,25.650715,41.8585,8.0
PHX,2003-09-12,102.0,78.0,0.0,6.048632,219.8097,9.80674,19.380627,32.5302,10.0
PHX,2003-09-13,105.0,76.0,0.0,5.3010035,134.3316,9.34234,19.667135,32.053097,10.0
PHX,2003-09-14,104.0,78.0,0.0,5.1452513,131.2027,8.94874,18.849737,29.885296,10.0
PHX,2003-09-15,106.0,79.0,0.0,5.5261626,127.21991,9.34234,18.186258,28.008053,13.0
PHX,2003-09-16,105.0,79.0,0.0,6.2541804,193.52121,11.275161,19.180815,27.840296,11.0
PHX,2003-09-17,103.0,79.0,0.0,7.719745,258.7873,7.1393,18.362719,33.7037,15.0
PHX,2003-09-18,103.0,75.0,0.0,4.993921,94.75448,7.54344,15.216931,24.4514,10.0
PHX,2003-09-19,103.0,76.0,0.0,4.812102,68.706184,6.16611,14.821155,23.5814,10.0
PHX,2003-09-20,103.0,74.0,0.0,4.604651,59.56211,6.79365,15.665575,27.2319,9.0
PHX,2003-09-21,107.0,74.0,0.0,4.3586626,142.0892,5.2731056,14.445976,27.0664,9.0
PHX,2003-09-22,107.0,76.0,0.0,4.650456,94.831505,6.48368,14.671759,26.4048,12.0
PHX,2003-09-23,97.0,75.0,0.03,7.264535,142.00679,18.783445,36.02058,81.84829,13.0
PHX,2003-09-24,79.0,73.0,0.06,4.6242037,184.5144,66.582794,78.029335,84.800285,9.0
PHX,2003-09-25,95.0,73.0,0.0,3.410828,113.600494,31.8725,57.520542,90.13999,14.0
PHX,2003-09-26,99.0,76.0,0.0,3.9582174,169.36374,20.507374,39.11132,55.913254,7.0
PHX,2003-09-27,102.0,77.0,0.0,5.1538463,350.9439,15.669988,37.10021,59.979576,10.0
PHX,2003-09-28,104.0,79.0,0.0,4.5261626,253.3025,15.0455,29.753065,48.48,9.0
PHX,2003-09-29,107.0,79.0,0.0,4.285714,158.6706,11.793891,25.530031,45.2999,8.0
PHX,2003-09-30,107.0,79.0,0.0,4.6815286,217.09692,10.953099,21.941906,31.21242,11.0
PHX,2003-10-01,106.0,80.0,0.0,4.4122562,161.22585,14.0742,23.282862,32.1986,9.0
PHX,2003-10-02,100.0,80.0,0.0,4.4267516,93.167175,18.904,27.821215,36.768383,9.0
PHX,2003-10-03,96.0,78.0,0.0,8.462396,159.83794,10.050916,23.25055,37.77841,17.0
PHX,2003-10-04,94.0,70.0,0.0,5.60828,121.4518,16.4664,24.92055,37.63877,9.0
PHX,2003-10-05,97.0,71.0,0.0,4.0395136,105.80291,11.7202,23.380987,35.1853,8.0
PHX,2003-10-06,96.0,72.0,0.0,4.767516,190.74982,14.212872,23.954887,33.9887,8.0
PHX,2003-10-07,85.0,77.0,0.0,5.041783,116.27627,29.28229,37.08514,50.1053,8.0
PHX,2003-10-08,95.0,72.0,0.0,3.9209726,248.42706,26.0744,39.84118,59.081627,9.0
PHX,2003-10-09,97.0,76.0,0.0,5.127907,160.05649,23.453,37.69013,66.7046,13.0
PHX,2003-10-10,80.0,71.0,0.21,4.318972,154.14473,59.99385,71.99503,90.062,8.0
PHX,2003-10-11,92.0,72.0,0.0,2.1973245,208.23305,31.8725,57.01258,87.407265,7.0
PHX,2003-10-12,98.0,75.0,0.0,4.695652,75.87018,22.0677,41.005383,64.3036,8.0
PHX,2003-10-13,98.0,75.0,0.0,5.106383,185.38965,16.9661,33.654453,50.1053,10.0
PHX,2003-10-14,98.0,75.0,0.0,4.4331393,125.5643,13.268606,26.433325,41.80131,8.0
PHX,2003-10-15,97.0,71.0,0.0,5.4589667,58.900127,15.487869,27.880201,41.07401,13.0
PHX,2003-10-16,97.0,73.0,0.0,3.6488295,91.11802,16.7159,29.189978,42.90837,6.0
PHX,2003-10-17,100.0,72.0,0.0,4.3494425,91.1749,12.1789255,24.706202,39.5372,8.0
PHX,2003-10-18,103.0,73.0,0.0,3.9649682,116.21166,8.091105,20.34315,36.9029,8.0
PHX,2003-10-19,101.0,72.0,0.0,3.8022285,92.17715,9.05761,19.365976,32.6004,8.0
PHX,2003-10-20,103.0,70.0,0.0,4.0911856,120.09957,9.15773,20.087408,32.10417,10.0
PHX,2003-10-21,103.0,72.0,0.0,3.5097494,121.783325,7.3747,17.934048,35.49886,7.0
PHX,2003-10-22,102.0,71.0,0.0,3.862462,98.87662,6.3439355,15.233842,25.3322,7.0
PHX,2003-10-23,100.0,70.0,0.0,4.143312,120.52221,6.7284675,15.810465,26.4262,7.0
PHX,2003-10-24,95.0,67.0,0.0,4.767516,111.9481,7.1544867,18.968233,31.1206,10.0
PHX,2003-10-25,93.0,65.0,0.0,7.9118543,40.670967,3.5843577,15.044298,30.3231,19.0
PHX,2003-10-26,83.0,66.0,0.0,6.4738374,57.456314,4.83123,9.623626,22.102915,14.0
PHX,2003-10-27,84.0,58.0,0.0,3.2876253,106.89931,8.661631,18.857742,31.6773,7.0
PHX,2003-10-28,86.0,61.0,0.0,4.8461537,110.54567,10.2894,19.928581,30.7976,7.0
PHX,2003-10-29,88.0,60.0,0.0,5.443769,99.769875,11.83928,21.493923,36.192703,10.0
PHX,2003-10-30,87.0,66.0,0.0,9.234042,164.12537,15.5868,27.022982,43.572987,17.0
PHX,2003-10-31,80.0,64.0,0.0,7.252907,178.71225,22.0278,35.793877,50.8914,13.0
PHX,2003-11-01,71.0,61.0,0.0001,4.5877438,273.2703,37.3199,50.715347,58.385433,11.0
PHX,2003-11-02,79.0,59.0,0.0001,6.155015,257.52286,32.1042,47.721542,65.1368,17.0
PHX,2003-11-03,69.0,56.0,0.0,8.462396,253.37364,19.611,31.670158,41.1786,15.0
PHX,2003-11-04,69.0,50.0,0.0,4.206128,95.96949,20.5166,33.37089,47.849,8.0
PHX,2003-11-05,72.0,50.0,0.0,3.896321,87.95364,20.801163,33.187763,47.6785,8.0
PHX,2003-11-06,76.0,50.0,0.0,3.0455928,252.78824,14.755,29.880545,45.9679,6.0
PHX,2003-11-07,71.0,52.0,0.0,4.3036213,147.0974,19.7694,29.710197,43.35763,9.0
PHX,2003-11-08,78.0,52.0,0.0,4.194529,89.11031,19.144524,31.555447,44.798237,9.0
PHX,2003-11-09,81.0,54.0,0.0,4.3866277,96.45784,15.4076805,30.841234,47.0796,9.0
PHX,2003-11-10,74.0,56.0,0.0001,5.1689477,109.05004,19.448833,35.350616,57.872753,8.0
PHX,2003-11-11,80.0,63.0,0.01,3.9665654,98.84216,32.221733,48.191288,67.7898,13.0
PHX,2003-11-12,68.0,62.0,0.64,7.7653203,105.32434,60.7683,87.09615,100.0,15.0
PHX,2003-11-13,71.0,59.0,0.0,3.605623,244.64832,54.4493,75.2713,93.83344,6.0
PHX,2003-11-14,72.0,53.0,0.0,3.8601823,252.34167,40.4503,65.941086,89.9465,9.0
PHX,2003-11-15,72.0,51.0,0.0,3.1458967,106.05132,38.8122,62.84773,89.2615,8.0
PHX,2003-11-16,66.0,53.0,0.0,4.292479,218.47723,44.7846,60.90366,77.151794,8.0
PHX,2003-11-17,66.0,49.0,0.0,2.6162791,231.68712,37.999466,58.91702,80.0979,7.0
PHX,2003-11-18,72.0,49.0,0.0,3.511628,103.21648,28.935205,54.955044,79.94239,7.0
PHX,2003-11-19,83.0,51.0,0.0,2.9936306,67.80205,13.916665,37.55309,71.40023,14.0
PHX,2003-11-20,80.0,55.0,0.0,4.1973243,126.687164,17.823923,35.29113,61.67368,8.0
PHX,2003-11-21,78.0,52.0,0.0,5.4267516,99.35501,20.153,41.64889,60.867,8.0
PHX,2003-11-22,64.0,48.0,0.0,13.142061,287.1394,8.75817,26.443981,54.66662,25.0
PHX,2003-11-23,61.0,40.0,0.0,4.130699,244.88826,9.099374,20.85608,33.06637,9.0
PHX,2003-11-24,69.0,42.0,0.0,3.7604456,149.67032,10.689367,23.195877,39.3847,7.0
PHX,2003-11-25,66.0,50.0,0.0,2.72293,94.82351,14.3035,26.154158,39.2846,6.0
PHX,2003-11-26,68.0,44.0,0.0,3.8300836,93.39173,16.34701,31.576729,45.154,9.0
PHX,2003-11-27,67.0,43.0,0.0,4.6656976,43.90704,10.09,29.14213,65.0675,11.0
PHX,2003-11-28,70.0,48.0,0.0,9.835654,68.167206,8.04837,11.679683,16.6821,20.0
PHX,2003-11-29,74.0,51.0,0.0,3.6511629,107.58093,10.3352,18.968054,35.04853,10.0
PHX,2003-11-30,77.0,46.0,0.0,3.7841945,115.47028,11.674514,27.429316,43.814274,7.0
PHX,2003-12-01,78.0,48.0,0.0,3.7173252,118.64693,10.7528,25.884712,38.958637,9.0
PHX,2003-12-02,76.0,50.0,0.0,3.3282676,281.3836,14.0987,32.654736,56.296757,8.0
PHX,2003-12-03,76.0,46.0,0.0,3.8662615,177.46237,13.595298,32.389404,49.97615,7.0
PHX,2003-12-04,76.0,44.0,0.0,3.237082,130.71078,15.0021,31.751986,53.331783,8.0
PHX,2003-12-05,80.0,49.0,0.0,2.9164345,102.21562,12.471399,27.854595,45.9679,5.0
PHX,2003-12-06,80.0,57.0,0.0,3.905775,126.952576,16.682333,27.22948,42.015938,8.0
PHX,2003-12-07,72.0,50.0,0.0,3.6629527,118.705894,24.437313,37.66648,54.21808,8.0
PHX,2003-12-08,69.0,54.0,0.0,11.197772,281.34677,11.811528,35.957767,62.3257,21.0
PHX,2003-12-09,63.0,44.0,0.0,3.789809,354.51132,15.322445,25.47459,38.2317,10.0
PHX,2003-12-10,64.0,42.0,0.0,3.6768801,142.3214,16.7219,31.373987,43.0152,6.0
PHX,2003-12-11,60.0,42.0,0.1,5.038997,135.85439,23.0566,44.543533,92.8372,11.0
PHX,2003-12-12,57.0,41.0,0.0,3.022293,170.62692,45.1134,69.09321,88.8084,11.0
PHX,2003-12-13,60.0,41.0,0.0,2.8862877,97.62228,43.6749,66.416985,85.7881,7.0
PHX,2003-12-14,66.0,41.0,0.0,3.6838906,125.45195,29.25,58.38951,82.2365,7.0
PHX,2003-12-15,61.0,43.0,0.0,7.874652,305.16205,11.8407,33.5765,65.0675,18.0
PHX,2003-12-16,63.0,38.0,0.0,9.549418,57.75561,8.484768,20.27611,42.176765,16.0
PHX,2003-12-17,71.0,45.0,0.0,5.15407,60.641357,7.5184975,17.411121,34.38734,13.0
PHX,2003-12-18,76.0,41.0,0.0,2.5987842,94.25749,7.42565,27.836489,47.2255,9.0
PHX,2003-12-19,78.0,47.0,0.0,3.9244187,101.8203,8.626346,20.710728,40.348347,12.0
PHX,2003-12-20,77.0,51.0,0.0,3.4042554,137.43794,10.3435,22.10798,34.087,7.0
PHX,2003-12-21,72.0,52.0,0.0,5.086351,228.98022,18.743,32.930676,44.798237,15.0
PHX,2003-12-22,70.0,46.0,0.0,4.133758,64.50254,22.212265,40.388493,63.132015,11.0
PHX,2003-12-23,71.0,55.0,0.0,8.158774,75.90461,14.958663,22.401123,28.929127,14.0
PHX,2003-12-24,68.0,52.0,0.05,3.6918604,78.67292,28.1366,55.317383,80.0979,9.0
PHX,2003-12-25,67.0,50.0,0.0,6.041783,106.032394,38.7369,54.464005,68.5048,8.0
PHX,2003-12-26,63.0,46.0,0.04,9.715878,246.72527,28.1366,45.32306,87.649635,21.0
PHX,2003-12-27,56.0,41.0,0.0,8.718663,280.9284,14.641582,32.343037,49.1863,17.0
PHX,2003-12-28,52.0,32.0,0.0,3.511628,225.362,15.759,29.45619,50.142593,8.0
PHX,2003-12-29,59.0,32.0,0.0,4.218845,93.204926,12.6837,31.068684,53.9094,9.0
PHX,2003-12-30,65.0,44.0,0.0,2.9098837,100.991104,10.8111,23.167425,38.12151,7.0
PHX,2003-12-31,65.0,46.0,0.0,4.3871865,88.63633,12.272489,22.444994,36.847225,9.0
PHX,2004-01-01,65.0,53.0,0.0,3.4394906,116.944725,23.0566,55.81769,69.0806,7.0
PHX,2004-01-02,68.0,47.0,0.0,4.200669,88.25817,43.573,62.650745,79.7852,7.0
PHX,2004-01-03,62.0,46.0,0.0001,8.521802,242.07343,14.7664,51.304226,77.141,19.0
PHX,2004-01-04,56.0,38.0,0.0,3.514535,264.3312,22.179,34.970715,48.2118,7.0
PHX,2004-01-05,58.0,36.0,0.0,2.747093,259.41846,17.4932,36.992348,59.0937,7.0
PHX,2004-01-06,72.0,37.0,0.0,2.1793313,102.87598,11.5861,28.678162,52.7928,6.0
PHX,2004-01-07,68.0,45.0,0.0,1.9604863,250.55095,21.0064,32.050632,45.3295,5.0
PHX,2004-01-08,74.0,46.0,0.0,2.200557,72.695366,22.8463,38.850174,58.3321,8.0
PHX,2004-01-09,77.0,47.0,0.0,5.8430233,60.573986,15.1372,31.6916,60.7407,14.0
PHX,2004-01-10,79.0,55.0,0.0,9.401114,68.73763,11.8243,19.41978,27.8211,16.0
PHX,2004-01-11,79.0,51.0,0.0,5.22093,84.4365,14.2307,26.259428,42.7176,12.0
PHX,2004-01-12,78.0,56.0,0.0,3.893617,107.04817,25.478,39.34929,55.4673,11.0
PHX,2004-01-13,78.0,55.0,0.0,5.7781153,60.171593,17.8239,33.942673,54.954,14.0
PHX,2004-01-14,73.0,56.0,0.0,8.0222845,87.86017,20.0498,33.87654,49.5471,19.0
PHX,2004-01-15,70.0,52.0,0.0,4.617021,80.3192,37.3199,48.762905,63.7229,11.0
PHX,2004-01-16,71.0,49.0,0.0,4.479651,221.22144,29.3921,49.03863,71.0698,10.0
PHX,2004-01-17,69.0,47.0,0.0,4.090301,212.03224,23.0984,36.20398,56.1407,7.0
PHX,2004-01-18,70.0,47.0,0.0,3.9108634,105.58986,24.125,40.453274,56.0101,8.0
PHX,2004-01-19,68.0,47.0,0.0,4.77707,112.48935,25.055,38.681545,55.8528,8.0
PHX,2004-01-20,66.0,53.0,0.0001,3.0,297.424,27.8373,37.356277,50.5813,7.0
PHX,2004-01-21,63.0,51.0,0.16,7.924791,79.70208,39.329,56.58254,89.2615,14.0
PHX,2004-01-22,65.0,50.0,0.35,7.5961003,61.822365,42.8201,68.94233,92.2797,14.0
PHX,2004-01-23,69.0,52.0,0.03,4.622093,236.28629,31.9178,60.845894,86.413,11.0
PHX,2004-01-24,59.0,51.0,0.07,3.08078,123.36031,69.5208,79.23115,89.2615,7.0
PHX,2004-01-25,61.0,49.0,0.21,6.34375,249.06418,45.5967,69.34786,93.449,15.0
PHX,2004-01-26,59.0,40.0,0.0,3.9027355,202.10153,21.4658,38.95655,60.2014,7.0
PHX,2004-01-27,62.0,38.0,0.0,3.645485,87.53629,18.6259,43.122,67.4481,6.0
PHX,2004-01-28,62.0,44.0,0.0,5.014535,238.31598,26.9024,49.7218,76.4278,10.0
PHX,2004-01-29,66.0,41.0,0.0,2.72293,123.02136,27.696,56.934345,85.7881,7.0
PHX,2004-01-30,68.0,44.0,0.0,4.6178346,98.62216,28.0067,51.23944,73.5946,8.0
PHX,2004-01-31,62.0,47.0,0.0,7.373259,204.5453,30.7111,50.976395,65.5607,12.0
PHX,2004-02-01,61.0,44.0,0.0,4.255319,272.34665,18.3474,30.028131,49.3279,10.0
PHX,2004-02-02,67.0,42.0,0.0,5.331476,114.49193,12.5313,32.09717,54.7283,8.0
PHX,2004-02-03,59.0,48.0,0.03,5.7133756,101.10805,31.567,49.461292,70.9534,9.0
PHX,2004-02-04,61.0,42.0,0.0,6.2761626,296.6698,26.9339,54.881634,79.377,13.0
PHX,2004-02-05,62.0,40.0,0.0001,4.367781,325.79996,24.9312,45.852955,63.3879,17.0
PHX,2004-02-06,64.0,39.0,0.0,2.832869,45.30783,18.778,42.15528,72.7767,7.0
PHX,2004-02-07,69.0,39.0,0.0,3.4713376,236.50989,14.5516,31.418657,59.6524,12.0
PHX,2004-02-08,64.0,41.0,0.0,4.6075583,252.30383,13.1866,25.69754,39.3847,9.0
PHX,2004-02-09,66.0,40.0,0.0,3.2006369,136.15572,12.2999,29.442307,52.7928,8.0
PHX,2004-02-10,68.0,43.0,0.0,3.821656,231.97894,15.0126,27.815386,48.8734,10.0
PHX,2004-02-11,66.0,42.0,0.0,4.128134,245.22154,10.0858,25.364122,46.7295,11.0
PHX,2004-02-12,64.0,41.0,0.0,6.0200667,344.6733,9.63497,22.261606,40.7713,14.0
PHX,2004-02-13,61.0,37.0,0.0,3.5087209,280.68704,9.39511,16.571297,28.4459,8.0
PHX,2004-02-14,65.0,41.0,0.0,4.4094706,19.792555,7.65379,19.706234,34.471,9.0
PHX,2004-02-15,71.0,42.0,0.0,5.0901165,101.41513,7.21278,21.236233,37.7898,8.0
PHX,2004-02-16,74.0,47.0,0.0,4.4072948,105.31711,10.1286,22.356318,35.4701,8.0
PHX,2004-02-17,81.0,49.0,0.0,3.9098837,100.74102,11.0792,22.369007,34.5664,10.0
PHX,2004-02-18,80.0,52.0,0.0,6.4832826,118.94227,12.4796,23.41405,40.8769,30.0
PHX,2004-02-19,67.0,55.0,0.0,7.931338,252.71849,35.1523,41.79225,50.5813,25.0
PHX,2004-02-20,66.0,54.0,0.0,3.9544072,91.99207,31.4843,41.033337,52.4035,9.0
PHX,2004-02-21,71.0,53.0,0.0,5.9044585,176.30103,29.3921,41.541485,52.6135,11.0
PHX,2004-02-22,63.0,52.0,0.02,6.5933146,127.76411,36.1895,49.349586,83.0024,10.0
PHX,2004-02-23,57.0,49.0,0.94,5.9905524,109.79538,64.2766,80.170456,92.8699,10.0
PHX,2004-02-24,63.0,49.0,0.03,3.5018315,111.44132,45.738,70.070915,89.1731,8.0
PHX,2004-02-25,67.0,47.0,0.0,4.187898,90.28512,32.8691,61.33638,86.0182,8.0
PHX,2004-02-26,73.0,50.0,0.0,5.2107306,121.72176,29.8322,51.210533,76.8018,9.0
PHX,2004-02-27,63.0,52.0,0.0001,5.354651,178.96608,35.6913,51.08681,71.8107,11.0
PHX,2004-02-28,62.0,44.0,0.0,6.1699166,243.20413,23.827663,45.985954,76.2459,12.0
PHX,2004-02-29,66.0,44.0,0.0,5.494186,202.36372,20.0772,43.55288,65.1805,11.0
PHX,2004-03-01,67.0,45.0,0.0,5.0911856,105.89322,22.1029,40.11737,62.5635,9.0
PHX,2004-03-02,64.0,51.0,0.02,7.7925935,89.889626,36.5101,49.471973,79.6399,15.0
PHX,2004-03-03,65.0,50.0,0.01,5.768997,259.04764,49.8465,69.88034,86.3033,10.0
PHX,2004-03-04,58.0,48.0,1.11,7.9598308,101.232376,69.3018,84.08388,100.0,13.0
PHX,2004-03-05,66.0,49.0,0.05,5.441083,104.52128,39.7914,71.70213,100.0,11.0
PHX,2004-03-06,72.0,50.0,0.0,4.168605,116.85386,35.9608,59.05171,79.9424,8.0
PHX,2004-03-07,86.0,53.0,0.0,3.863372,66.55257,15.5868,44.53674,79.7963,11.0
PHX,2004-03-08,90.0,57.0,0.0,4.579387,75.454834,13.063,35.73961,77.9194,15.0
PHX,2004-03-09,92.0,59.0,0.0,5.6406684,91.27381,11.4245,29.331886,69.292,13.0
PHX,2004-03-10,91.0,60.0,0.0,2.6178343,96.66863,12.1555,29.671116,72.1254,9.0
PHX,2004-03-11,87.0,63.0,0.0001,6.224522,98.33519,18.2329,36.164013,59.0614,20.0
PHX,2004-03-12,82.0,63.0,0.0,8.292994,105.37614,27.1903,42.554615,62.8278,19.0
PHX,2004-03-13,80.0,62.0,0.09,5.656051,92.711494,30.0244,50.156155,72.4172,9.0
PHX,2004-03-14,86.0,60.0,0.0,4.8980894,113.12685,17.9701,45.16343,69.8551,9.0
PHX,2004-03-15,89.0,60.0,0.0,5.601744,116.377655,11.3246,34.93656,64.3514,9.0
PHX,2004-03-16,91.0,60.0,0.0,4.3280253,103.311905,11.9378,28.209978,53.65,9.0
PHX,2004-03-17,89.0,59.0,0.0,4.414716,106.84588,6.68213,25.406464,51.1808,7.0
PHX,2004-03-18,91.0,62.0,0.0,3.9088147,104.17205,8.06389,21.215952,34.064,7.0
PHX,2004-03-19,92.0,61.0,0.0,3.9490447,90.27904,7.16449,21.980715,39.329,8.0
PHX,2004-03-20,95.0,62.0,0.0,3.9968152,84.621475,6.43039,21.157722,38.3238,8.0
PHX,2004-03-21,97.0,67.0,0.0,9.721449,107.42109,14.3403,23.547476,38.9092,18.0
PHX,2004-03-22,93.0,72.0,0.0,8.501392,104.88394,19.8238,29.314386,40.1591,13.0
PHX,2004-03-23,89.0,71.0,0.0,5.044568,118.291954,17.8587,30.436287,47.293,13.0
PHX,2004-03-24,92.0,64.0,0.0,7.6133723,154.89276,11.7504,26.713179,46.6747,10.0
PHX,2004-03-25,89.0,66.0,0.0,4.683099,260.98068,13.1618,25.36725,43.1328,10.0
PHX,2004-03-26,85.0,62.0,0.0,8.234738,227.50414,11.3541,27.171371,44.023,16.0
PHX,2004-03-27,83.0,59.0,0.0,5.5451503,287.20117,11.9143,26.216759,49.2456,10.0
PHX,2004-03-28,88.0,59.0,0.0,3.8361204,74.52973,6.35533,17.64556,37.7812,11.0
PHX,2004-03-29,94.0,59.0,0.0,7.1075583,69.24807,5.13174,11.955028,24.1303,15.0
PHX,2004-03-30,97.0,66.0,0.0,7.6976743,88.20392,6.92662,12.823631,18.0751,15.0
PHX,2004-03-31,94.0,67.0,0.0001,8.449164,119.1854,10.8084,22.49269,37.2957,18.0
PHX,2004-04-01,87.0,63.0,0.16,9.394151,178.11487,18.8746,42.05681,77.4458,29.0
PHX,2004-04-02,65.0,54.0,0.68,9.608023,123.017395,64.2179,78.52229,93.6933,15.0
PHX,2004-04-03,69.0,54.0,0.0001,6.1643453,167.85573,35.9608,58.39436,80.2516,10.0
PHX,2004-04-04,72.0,55.0,0.0001,5.9027357,174.54611,32.2316,59.935253,83.0752,17.0
PHX,2004-04-05,73.0,58.0,0.0,6.1744184,105.28123,35.1853,54.348705,77.9194,15.0
PHX,2004-04-06,81.0,62.0,0.0,6.12766,117.05877,27.6999,46.208168,67.3393,10.0
PHX,2004-04-07,83.0,61.0,0.01,7.2785516,71.07771,21.4549,44.978085,65.1368,19.0
PHX,2004-04-08,81.0,58.0,0.0,4.9118543,203.40271,18.2202,40.241615,71.9038,10.0
PHX,2004-04-09,84.0,64.0,0.0001,7.1699166,285.604,12.9673,31.14119,52.0641,24.0
PHX,2004-04-10,86.0,63.0,0.05,9.293645,293.5856,10.5501,30.570837,51.9315,21.0
PHX,2004-04-11,81.0,58.0,0.0,7.397993,22.40841,10.5819,23.022808,47.3885,11.0
PHX,2004-04-12,83.0,58.0,0.0,5.5457745,94.62919,10.2752,25.56419,45.5967,10.0
PHX,2004-04-13,91.0,62.0,0.0,5.3280253,130.25795,8.29581,22.520657,40.7458,9.0
PHX,2004-04-14,91.0,61.0,0.0,7.5531917,153.13295,5.54035,18.827871,39.4739,14.0
PHX,2004-04-15,92.0,60.0,0.0,7.741279,166.48305,5.46925,13.961952,29.6926,12.0
PHX,2004-04-16,91.0,62.0,0.0,9.252786,169.79623,9.52395,17.761118,32.5508,15.0
PHX,2004-04-17,88.0,62.0,0.0,11.935933,206.12076,8.83299,22.636421,39.6473,21.0
PHX,2004-04-18,76.0,55.0,0.0,5.0955415,264.34805,10.5119,26.235294,45.2647,11.0
PHX,2004-04-19,80.0,57.0,0.0,5.9413095,269.4514,11.2629,20.261368,35.6913,16.0
PHX,2004-04-20,83.0,59.0,0.0,5.9044585,271.31998,10.0878,18.94209,36.0433,11.0
PHX,2004-04-21,86.0,58.0,0.0,7.156051,261.0403,11.6907,21.8777,39.1547,16.0
PHX,2004-04-22,84.0,63.0,0.0,11.2479105,259.201,7.50387,18.819445,36.5101,21.0
PHX,2004-04-23,83.0,60.0,0.0,6.4267516,234.98798,13.9653,20.460573,31.9974,12.0
PHX,2004-04-24,87.0,63.0,0.0,5.3152866,76.50142,11.2932,20.448627,33.9192,12.0
PHX,2004-04-25,95.0,64.0,0.0,4.8503184,59.836864,7.61292,17.28332,31.4843,10.0
PHX,2004-04-26,98.0,67.0,0.0,6.875,77.35431,4.57006,13.034396,30.6371,17.0
PHX,2004-04-27,97.0,69.0,0.0,5.4528875,104.622345,7.49386,12.008352,18.4865,9.0
PHX,2004-04-28,98.0,71.0,0.0,11.253482,211.64833,7.00219,17.23751,31.4324,19.0
PHX,2004-04-29,84.0,68.0,0.0,14.0584955,239.61299,6.78114,15.323393,30.1848,26.0
PHX,2004-04-30,84.0,60.0,0.0,6.866242,285.4891,7.8134,13.557005,22.7678,13.0
PHX,2004-05-01,92.0,67.0,0.0,6.869301,47.24557,6.91434,13.9643,22.2572,13.0
PHX,2004-05-02,96.0,67.0,0.0,5.56231,106.71423,6.66773,14.643438,25.8239,13.0
PHX,2004-05-03,100.0,69.0,0.0,6.0972643,112.36319,5.96162,13.085829,23.8496,11.0
PHX,2004-05-04,101.0,70.0,0.0,6.1528664,218.71046,4.76072,12.479569,27.9291,13.0
PHX,2004-05-05,100.0,71.0,0.0,6.8931684,290.56573,6.10683,12.32837,26.7627,13.0
PHX,2004-05-06,99.0,73.0,0.0,6.2272725,272.60574,7.41255,13.415581,28.2353,11.0
PHX,2004-05-07,102.0,72.0,0.0,5.504559,252.16216,7.75262,14.292681,26.1253,13.0
PHX,2004-05-08,101.0,74.0,0.0,4.2866244,269.33032,8.21953,14.105373,24.4392,12.0
PHX,2004-05-09,101.0,75.0,0.0,6.462006,296.82193,8.54854,15.85967,28.7075,12.0
PHX,2004-05-10,101.0,74.0,0.0,8.789809,215.97523,8.87513,15.178669,25.0342,18.0
PHX,2004-05-11,92.0,73.0,0.0,8.232558,254.23862,15.2786,20.438446,32.771,16.0
PHX,2004-05-12,88.0,71.0,0.0,8.253875,254.0837,8.54835,18.224718,28.9352,18.0
PHX,2004-05-13,91.0,63.0,0.0,5.048632,220.31679,7.16449,13.376414,31.1673,10.0
PHX,2004-05-14,97.0,68.0,0.0,5.53169,101.84181,5.37074,13.229916,25.0368,9.0
PHX,2004-05-15,100.0,70.0,0.0,6.2796354,178.98851,4.76072,11.333101,23.4302,11.0
PHX,2004-05-16,99.0,72.0,0.0,6.4597263,78.27768,6.48643,11.727992,23.4302,12.0
PHX,2004-05-17,99.0,71.0,0.0,9.013927,188.30699,7.41255,12.056724,18.8887,15.0
PHX,2004-05-18,97.0,70.0,0.0,5.147157,234.48082,8.83723,15.321289,26.6244,11.0
PHX,2004-05-19,99.0,72.0,0.0,7.2819767,242.93709,9.6903,17.183039,30.1424,15.0
PHX,2004-05-20,94.0,73.0,0.0,8.206687,211.9174,10.8084,16.72108,25.8038,14.0
PHX,2004-05-21,93.0,70.0,0.0,9.076433,243.38467,7.54566,15.024312,27.6222,17.0
PHX,2004-05-22,90.0,66.0,0.0,7.035032,238.51457,7.24553,13.1317625,22.1029,12.0
PHX,2004-05-23,93.0,66.0,0.0,7.8133707,220.1183,5.20459,12.953784,26.32,15.0
PHX,2004-05-24,95.0,68.0,0.0,7.616279,178.13896,7.61292,13.580698,23.0984,13.0
PHX,2004-05-25,92.0,71.0,0.0,6.5700636,79.86444,7.16449,14.443536,20.4308,12.0
PHX,2004-05-26,94.0,68.0,0.0,8.009118,239.17441,5.27814,15.806874,31.9723,16.0
PHX,2004-05-27,93.0,68.0,0.0,3.738602,121.51449,9.71681,17.58647,33.2963,9.0
PHX,2004-05-28,99.0,70.0,0.0,8.511705,231.71092,6.33521,15.619105,27.5924,16.0
PHX,2004-05-29,92.0,70.0,0.0,7.1142063,241.63954,15.0055,21.663876,28.1391,11.0
PHX,2004-05-30,98.0,73.0,0.0,5.91922,264.07895,8.01234,19.6827,38.1207,14.0
PHX,2004-05-31,104.0,72.0,0.0,4.576433,248.1217,5.64512,13.625456,26.4262,12.0
PHX,2004-06-01,105.0,76.0,0.0,5.0414014,271.60455,5.70651,12.848114,26.4048,12.0
PHX,2004-06-02,108.0,77.0,0.0,4.5986624,32.35933,5.63062,11.961744,24.7336,9.0
PHX,2004-06-03,110.0,78.0,0.0,4.996815,337.12515,4.85516,10.699537,24.8941,11.0
PHX,2004-06-04,110.0,79.0,0.0,5.4808917,280.6682,3.81928,9.792279,18.8775,13.0
PHX,2004-06-05,109.0,79.0,0.0,6.6413374,236.18854,6.42683,11.754746,21.1736,13.0
PHX,2004-06-06,107.0,79.0,0.0,6.8,32.665806,6.63452,13.364712,24.8941,12.0
PHX,2004-06-07,106.0,80.0,0.0,8.251593,224.93779,5.45269,11.65012,22.9516,21.0
PHX,2004-06-08,103.0,79.0,0.0,9.545961,205.75551,9.80674,14.900267,20.2679,18.0
PHX,2004-06-09,95.0,75.0,0.0,10.291086,256.8034,7.88958,16.300474,23.4302,24.0
PHX,2004-06-10,92.0,71.0,0.0,6.631799,262.42316,8.86728,15.315702,24.7359,13.0
PHX,2004-06-11,96.0,70.0,0.0,4.897887,118.23168,6.73546,13.241884,25.5027,8.0
PHX,2004-06-12,101.0,72.0,0.0,5.924791,206.08728,4.36666,12.537419,24.8986,14.0
PHX,2004-06-13,104.0,74.0,0.0,5.5726743,359.46667,6.69578,11.53332,20.6113,9.0
PHX,2004-06-14,106.0,78.0,0.0,6.2866244,255.80281,3.93723,7.9971156,18.2202,10.0
PHX,2004-06-15,105.0,75.0,0.0,7.347826,211.7265,5.45269,10.488674,20.0015,14.0
PHX,2004-06-16,103.0,78.0,0.0,8.090909,187.86914,7.46379,14.507304,23.0495,12.0
PHX,2004-06-17,104.0,78.0,0.0,6.8284883,212.40477,8.7685,16.249235,29.8853,11.0
PHX,2004-06-18,106.0,80.0,0.0,6.9469476,157.39978,4.60571,13.76261,25.202,12.0
PHX,2004-06-19,107.0,78.0,0.0,8.06686,163.20508,3.877937,11.499117,21.0457,19.0
PHX,2004-06-20,105.0,75.0,0.0,8.169916,173.36584,3.877937,10.38126,19.1473,14.0
PHX,2004-06-21,103.0,76.0,0.0,6.6421404,45.85072,5.8327303,10.737181,18.0751,10.0
PHX,2004-06-22,104.0,77.0,0.0,6.056856,275.2681,7.709882,11.046173,21.8113,12.0
PHX,2004-06-23,104.0,80.0,0.0,5.5585284,150.20747,13.045,20.777979,34.0124,16.0
PHX,2004-06-24,107.0,83.0,0.0,6.7203646,265.43237,9.52829,18.811811,30.6346,13.0
PHX,2004-06-25,108.0,82.0,0.0,7.4331393,257.63745,8.17473,14.82784,28.4403,15.0
PHX,2004-06-26,109.0,84.0,0.0,7.0950704,276.31555,5.92288,10.37035,20.2679,14.0
PHX,2004-06-27,107.0,84.0,0.0,7.0494184,283.3734,7.79427,11.48662,17.858719,13.0
PHX,2004-06-28,105.0,81.0,0.0,8.303621,202.58629,3.92336,9.260491,18.4865,17.0
PHX,2004-06-29,104.0,80.0,0.0,8.148936,219.74025,3.71255,9.773489,19.1479,16.0
PHX,2004-06-30,103.0,77.0,0.0,8.619186,169.96167,3.19313,8.952223,17.4458,17.0
PHX,2004-07-01,103.0,74.0,0.0,5.4753523,120.086235,4.45527,9.932962,21.3708,11.0
PHX,2004-07-02,105.0,75.0,0.0,5.8561873,333.24423,4.24975,9.658,20.889393,9.0
PHX,2004-07-03,105.0,75.0,0.0,7.0037174,223.38855,3.77048,8.030535,21.5262,14.0
PHX,2004-07-04,103.0,74.0,0.0,4.7887325,95.15644,4.45527,9.2627,16.2852,9.0
PHX,2004-07-05,107.0,76.0,0.0,6.163569,80.83315,3.54252,9.922699,16.444,12.0
PHX,2004-07-06,108.0,77.0,0.0,5.197452,224.45364,4.22789,11.425283,21.6084,11.0
PHX,2004-07-07,106.0,80.0,0.0,5.9617834,249.379,7.91216,13.451408,23.6319,12.0
PHX,2004-07-08,107.0,83.0,0.0,6.662207,280.6361,10.2979,15.203372,24.4639,18.0
PHX,2004-07-09,100.0,84.0,0.0,5.5774646,87.30519,19.045174,27.395214,41.1451,9.0
PHX,2004-07-10,109.0,83.0,0.0,6.5159235,148.8149,13.5182,24.022726,39.6666,13.0
PHX,2004-07-11,110.0,87.0,0.0,5.5015197,151.4987,13.2857,21.66417,33.7539,9.0
PHX,2004-07-12,112.0,91.0,0.0001,7.311873,125.28133,12.973,24.686768,38.4548,21.0
PHX,2004-07-13,106.0,78.0,0.26,6.2303777,228.55838,19.988314,31.118422,73.9652,26.0
PHX,2004-07-14,96.0,77.0,0.11,7.1337385,240.81639,34.8818,53.735306,84.5256,14.0
PHX,2004-07-15,102.0,85.0,0.0,8.426184,274.461,25.9477,36.624027,53.2115,11.0
PHX,2004-07-16,105.0,88.0,0.0,8.197568,298.35107,21.469,33.253258,48.2631,23.0
PHX,2004-07-17,107.0,83.0,0.0,6.4363055,267.14847,16.7285,31.279667,52.9345,14.0
PHX,2004-07-18,109.0,89.0,0.0,6.3503523,227.40907,16.8401,26.913406,37.9889,14.0
PHX,2004-07-19,110.0,88.0,0.0,6.866242,222.52382,15.3682,25.55429,40.604,14.0
PHX,2004-07-20,110.0,90.0,0.0,5.27707,259.40796,12.7569,22.231245,32.9224,9.0
PHX,2004-07-21,111.0,89.0,0.0,9.006079,263.47397,13.2857,22.240656,34.2222,15.0
PHX,2004-07-22,110.0,90.0,0.0001,9.289971,260.95682,10.6,27.829754,38.2907,18.0
PHX,2004-07-23,100.0,88.0,0.0,8.869301,282.97183,24.9621,32.64909,40.7407,20.0
PHX,2004-07-24,105.0,86.0,0.0001,6.85,81.37161,20.6291,31.68474,41.714317,23.0
PHX,2004-07-25,107.0,85.0,0.0,6.9405203,116.31606,17.2942,29.939241,43.0701,14.0
PHX,2004-07-26,102.0,79.0,0.08,7.4859157,22.530647,24.2938,39.038242,71.3899,14.0
PHX,2004-07-27,104.0,80.0,0.14,8.037811,77.52771,21.3145,36.069374,60.246395,24.0
PHX,2004-07-28,105.0,83.0,0.0,6.638298,233.47408,13.7003,27.113316,44.4503,11.0
PHX,2004-07-29,105.0,84.0,0.0,6.951368,263.21506,13.7292,26.858948,45.895,13.0
PHX,2004-07-30,108.0,85.0,0.0,6.7959867,261.86017,11.122,19.548073,33.4495,14.0
PHX,2004-07-31,108.0,86.0,0.0001,6.821727,286.8631,10.4931,16.44426,27.9262,14.0
PHX,2004-08-01,109.0,87.0,0.0,6.680851,141.28435,13.518155,22.66069,32.6203,17.0
PHX,2004-08-02,104.0,88.0,0.0,4.92887,164.1797,18.3253,25.320568,35.0982,9.0
PHX,2004-08-03,107.0,87.0,0.0,6.748408,264.06198,18.8376,24.426317,33.273,13.0
PHX,2004-08-04,107.0,88.0,0.0001,6.5523257,265.467,12.5105,17.639158,31.406563,11.0
PHX,2004-08-05,99.0,87.0,0.01,6.363057,322.05923,22.5317,27.113565,35.0982,14.0
PHX,2004-08-06,97.0,84.0,0.0001,4.962209,151.4977,28.4766,38.331207,53.2115,17.0
PHX,2004-08-07,107.0,83.0,0.0,4.9806337,292.2183,17.543,28.907887,47.5235,11.0
PHX,2004-08-08,112.0,87.0,0.0,6.662207,245.47191,12.0116,22.67619,35.4019,12.0
PHX,2004-08-09,109.0,89.0,0.0,8.433121,117.876,11.8354,25.006659,35.4019,22.0
PHX,2004-08-10,110.0,87.0,0.0,6.60828,81.89578,13.7411,21.567835,33.6156,23.0
PHX,2004-08-11,111.0,88.0,0.0,7.3427052,313.3885,14.8907,25.681715,36.0805,20.0
PHX,2004-08-12,105.0,87.0,0.0001,6.859873,315.43457,19.7129,27.846619,41.6121,14.0
PHX,2004-08-13,106.0,76.0,0.0001,10.729097,232.27666,18.9296,34.64273,83.3239,39.0
PHX,2004-08-14,89.0,76.0,0.0001,3.8535032,131.78026,36.4201,52.766403,68.8991,7.0
PHX,2004-08-15,101.0,78.0,0.08,6.1242037,111.20629,22.4931,42.23321,73.9485,21.0
PHX,2004-08-16,101.0,75.0,0.27,7.6727705,128.52527,25.9477,46.692978,83.4376,21.0
PHX,2004-08-17,101.0,78.0,0.0,7.0752506,327.38657,21.885397,44.9774,71.7228,14.0
PHX,2004-08-18,103.0,79.0,0.0001,9.6207695,83.86304,16.4613,41.989895,62.2913,27.0
PHX,2004-08-19,98.0,78.0,0.0,5.341137,78.19489,19.5775,37.367977,56.1834,9.0
PHX,2004-08-20,101.0,80.0,0.0,5.8280253,66.27191,16.2169,28.9736,43.5648,11.0
PHX,2004-08-21,102.0,81.0,0.0,4.808917,88.92481,9.05761,22.170813,36.9081,10.0
PHX,2004-08-22,105.0,76.0,0.0,7.2238374,158.05002,11.7872,19.985685,35.8111,10.0
PHX,2004-08-23,102.0,79.0,0.0,9.005571,216.32135,11.1054,22.508493,36.2913,16.0
PHX,2004-08-24,97.0,82.0,0.0001,7.4028664,148.57515,21.080591,31.75163,42.7696,16.0
PHX,2004-08-25,102.0,76.0,0.0,7.0030394,134.37206,13.2614,31.424269,53.7991,11.0
PHX,2004-08-26,102.0,77.0,0.0,5.3382897,97.55237,10.6103,19.817135,34.718,10.0
PHX,2004-08-27,104.0,77.0,0.0,6.0465117,108.82183,9.24147,17.475517,30.1912,11.0
PHX,2004-08-28,103.0,78.0,0.0,6.4589667,75.322845,9.49371,19.405695,29.5849,11.0
PHX,2004-08-29,105.0,79.0,0.0,5.2112675,108.29199,11.1054,19.636469,28.1391,9.0
PHX,2004-08-30,107.0,81.0,0.0,5.4984803,27.99264,8.14026,20.143858,33.1976,11.0
PHX,2004-08-31,111.0,82.0,0.0,6.1605353,109.73686,8.79064,17.676014,29.2823,12.0
PHX,2004-09-01,107.0,84.0,0.0,5.455414,117.11729,10.9531,19.527264,27.7884,12.0
PHX,2004-09-02,108.0,84.0,0.0,7.3704734,163.1065,10.7738,21.302155,32.1729,13.0
PHX,2004-09-03,105.0,85.0,0.0,10.263231,190.66348,14.7981,30.854816,43.0701,21.0
PHX,2004-09-04,93.0,81.0,0.0,8.148936,233.08047,10.4483,34.656055,60.2464,16.0
PHX,2004-09-05,97.0,74.0,0.0,3.8294315,287.14014,13.3162,28.23166,59.5826,10.0
PHX,2004-09-06,102.0,74.0,0.0,4.0027857,139.83295,8.875132,19.724062,36.9029,8.0
PHX,2004-09-07,107.0,79.0,0.0,8.041086,109.90624,14.331305,21.990389,39.0815,20.0
PHX,2004-09-08,106.0,84.0,0.0,6.6413374,126.437256,12.5121,27.914112,44.5858,15.0
PHX,2004-09-09,107.0,84.0,0.0,5.1699166,156.55783,9.37656,22.223913,40.604,9.0
PHX,2004-09-10,106.0,82.0,0.0,5.3252277,114.408264,11.1054,17.111298,24.6227,9.0
PHX,2004-09-11,108.0,83.0,0.0,4.4267516,163.8964,9.68197,20.767282,31.8934,8.0
PHX,2004-09-12,108.0,82.0,0.0,5.823708,229.76915,13.5182,21.274035,28.2491,11.0
PHX,2004-09-13,107.0,83.0,0.0,8.347826,223.5515,14.0742,24.535492,38.3073,16.0
PHX,2004-09-14,101.0,79.0,0.0,7.191083,130.72804,16.6631,23.894135,35.0277,11.0
PHX,2004-09-15,102.0,79.0,0.0,6.0610466,199.0865,11.7554,21.196795,33.6452,11.0
PHX,2004-09-16,103.0,78.0,0.0,5.522293,243.42267,15.0455,23.103512,32.3647,8.0
PHX,2004-09-17,103.0,78.0,0.0,3.2826748,46.90713,11.4716,21.889862,36.7684,8.0
PHX,2004-09-18,101.0,73.0,0.07,8.343315,113.10245,21.6958,43.186623,94.1002,24.0
PHX,2004-09-19,92.0,73.0,0.08,10.325988,161.45137,40.7407,64.904854,87.407265,24.0
PHX,2004-09-20,88.0,71.0,0.0,9.9651165,237.2694,18.2202,38.97882,73.4057,16.0
PHX,2004-09-21,86.0,64.0,0.0,5.2420382,259.4138,10.3999,22.690609,38.4198,10.0
PHX,2004-09-22,89.0,64.0,0.0,2.9140127,277.21918,10.6035,20.594378,35.8667,7.0
PHX,2004-09-23,95.0,67.0,0.0,3.1369426,116.22755,8.62132,20.099125,35.7883,6.0
PHX,2004-09-24,99.0,69.0,0.0,3.4302325,205.96326,9.88275,20.770195,39.224,8.0
PHX,2004-09-25,99.0,70.0,0.0,5.2929935,134.6185,13.0572,21.284235,36.2762,13.0
PHX,2004-09-26,95.0,74.0,0.0,6.030395,99.02674,18.5221,27.66561,39.8489,12.0
PHX,2004-09-27,99.0,75.0,0.0,5.364742,106.132935,12.8352,25.5109,39.7501,9.0
PHX,2004-09-28,100.0,74.0,0.0001,7.008721,113.64216,14.3333,27.119753,42.3021,11.0
PHX,2004-09-29,95.0,75.0,0.0001,8.749304,153.55518,9.39555,26.203394,55.765,14.0
PHX,2004-09-30,88.0,68.0,0.0,4.3485913,92.98556,17.0032,27.278528,37.4923,10.0
PHX,2004-10-01,91.0,68.0,0.0,4.146497,110.80447,14.8744,26.746094,38.815422,8.0
PHX,2004-10-02,97.0,68.0,0.0,3.75,124.59576,13.7466,24.279432,40.5926,9.0
PHX,2004-10-03,97.0,70.0,0.0,3.9544072,171.6833,13.1457,24.88811,39.1264,9.0
PHX,2004-10-04,96.0,69.0,0.0,3.7887323,99.07066,11.7516,23.236141,42.2905,8.0
PHX,2004-10-05,94.0,69.0,0.0,3.665605,129.40991,11.0146,21.306757,30.1424,9.0
PHX,2004-10-06,96.0,70.0,0.0,4.267606,129.14268,10.54,20.722025,32.2316,8.0
PHX,2004-10-07,97.0,69.0,0.0,4.045593,149.01097,8.51444,19.187784,34.8706,8.0
PHX,2004-10-08,98.0,69.0,0.0,2.644377,112.4624,7.84091,17.371756,30.9502,7.0
PHX,2004-10-09,99.0,70.0,0.0,7.5,113.36035,8.41225,16.639267,27.5924,16.0
PHX,2004-10-10,94.0,74.0,0.0,7.812898,154.83057,11.0468,19.502151,30.3299,15.0
PHX,2004-10-11,90.0,66.0,0.0,5.522293,161.80463,17.6157,27.69026,48.6042,10.0
PHX,2004-10-12,93.0,69.0,0.0,6.086351,105.04172,15.2463,26.698553,39.224,13.0
PHX,2004-10-13,92.0,71.0,0.0,6.476744,344.74396,10.1183405,28.469896,50.8914,15.0
PHX,2004-10-14,90.0,71.0,0.0,4.3949046,66.90245,11.505677,16.640358,24.7359,9.0
PHX,2004-10-15,91.0,66.0,0.0,4.6838903,116.24626,10.6035,19.15714,28.4858,9.0
PHX,2004-10-16,89.0,66.0,0.0,5.397993,80.246414,15.3022,23.427885,31.9178,8.0
PHX,2004-10-17,84.0,71.0,0.0,8.197568,243.50142,24.1725,33.109783,46.3372,15.0
PHX,2004-10-18,80.0,65.0,0.0,5.6802325,216.88106,29.0121,37.4153,50.3237,11.0
PHX,2004-10-19,81.0,62.0,0.0,5.243161,135.70027,29.3161,41.757225,55.6753,10.0
PHX,2004-10-20,86.0,63.0,0.0,9.136628,159.5615,22.9516,39.903324,57.8728,14.0
PHX,2004-10-21,80.0,57.0,0.33,9.7520895,156.3641,39.0526,70.42995,100.0,29.0
PHX,2004-10-22,71.0,54.0,0.0,3.9471831,144.63768,34.485,61.975735,93.0196,8.0
PHX,2004-10-23,78.0,54.0,0.0,3.6305733,120.75665,21.6558,48.136475,77.2303,8.0
PHX,2004-10-24,80.0,55.0,0.0,4.7781153,143.85654,26.5684,46.08147,69.5208,9.0
PHX,2004-10-25,81.0,62.0,0.0,4.9464884,197.00003,33.6452,46.09657,62.0449,9.0
PHX,2004-10-26,84.0,65.0,0.0,5.7660165,180.23161,21.7363,43.14365,62.9632,12.0
PHX,2004-10-27,80.0,66.0,0.0,12.440111,191.02695,30.9281,47.058853,62.9632,23.0
PHX,2004-10-28,68.0,54.0,0.45,7.182075,259.6745,48.7675,80.683975,100.0,18.0
PHX,2004-10-29,69.0,51.0,0.0,3.9748092,251.60841,37.1471,68.945435,92.9613,8.0
PHX,2004-10-30,72.0,52.0,0.0,3.901274,251.63599,35.0424,59.0162,86.3033,9.0
PHX,2004-10-31,72.0,52.0,0.0,7.968153,261.0503,17.509804,51.019463,80.2516,16.0
PHX,2004-11-01,70.0,54.0,0.0,11.837048,339.89383,8.04837,16.749817,32.7814,16.0
PHX,2004-11-02,70.0,48.0,0.0,4.247911,252.33578,13.5088,23.987165,38.1879,9.0
PHX,2004-11-03,75.0,49.0,0.0,4.208914,87.41809,12.9626,28.151741,45.96789,11.0
PHX,2004-11-04,83.0,51.0,0.0,3.8808138,104.85283,9.27161,27.283087,48.341717,8.0
PHX,2004-11-05,85.0,57.0,0.0,4.650456,92.705,12.4609,25.120926,42.1892,8.0
PHX,2004-11-06,87.0,61.0,0.0,6.5933146,101.868034,13.161804,26.464838,40.7458,13.0
PHX,2004-11-07,75.0,61.0,0.16,5.2325907,258.25778,32.9129,69.44826,96.8522,14.0
PHX,2004-11-08,70.0,59.0,0.02,4.5692677,276.96902,45.121,72.96363,96.8522,11.0
PHX,2004-11-09,70.0,54.0,0.0,4.2898088,274.0126,41.8617,66.81053,89.94654,8.0
PHX,2004-11-10,72.0,53.0,0.0,3.1050956,134.98283,33.9887,58.61753,77.2303,6.0
PHX,2004-11-11,76.0,53.0,0.0,4.2279634,99.77989,24.156,47.944885,71.395996,9.0
PHX,2004-11-12,72.0,57.0,0.0001,6.59157,122.462326,31.1206,50.071457,71.9038,19.0
PHX,2004-11-13,68.0,51.0,0.0,4.156051,104.721146,38.3238,57.98183,76.882,9.0
PHX,2004-11-14,73.0,53.0,0.0,9.598886,69.89047,25.8038,43.647236,74.4813,19.0
PHX,2004-11-15,70.0,53.0,0.04,5.0724235,81.39427,35.7883,62.594963,89.3961,19.0
PHX,2004-11-16,73.0,52.0,0.0,2.2340426,261.30313,36.2762,61.635235,89.9465,7.0
PHX,2004-11-17,72.0,53.0,0.0,4.2401214,223.04276,36.2762,56.777935,76.9778,10.0
PHX,2004-11-18,74.0,54.0,0.0,4.176292,99.369865,36.977394,56.04001,77.151794,8.0
PHX,2004-11-19,74.0,53.0,0.0,4.501393,134.47343,31.4324,54.465935,74.67078,8.0
PHX,2004-11-20,72.0,52.0,0.01,4.7643313,94.51114,32.2316,49.368195,68.85949,10.0
PHX,2004-11-21,69.0,59.0,0.01,7.6773257,165.12006,45.261,61.96266,77.4943,16.0
PHX,2004-11-22,62.0,48.0,0.28,7.4665737,254.8285,57.3265,71.02177,93.5484,13.0
PHX,2004-11-23,58.0,47.0,0.0,5.15407,256.56073,54.954,65.862045,79.7852,12.0
PHX,2004-11-24,64.0,51.0,0.0,3.0417826,258.09357,44.4739,62.02711,79.6399,7.0
PHX,2004-11-25,67.0,46.0,0.0,3.487261,108.81582,38.4198,64.95076,86.0182,7.0
PHX,2004-11-26,66.0,47.0,0.0,4.4484677,91.48129,42.8201,63.526783,86.01819,8.0
PHX,2004-11-27,70.0,47.0,0.0,3.8197675,119.03668,30.808,56.553402,79.78518,10.0
PHX,2004-11-28,63.0,44.0,0.0,10.186629,261.85043,16.9755,42.35197,71.6044,22.0
PHX,2004-11-29,57.0,39.0,0.0,5.8662615,250.36243,15.5229,33.211323,52.7928,10.0
PHX,2004-11-30,58.0,36.0,0.0,4.0127387,205.04617,13.2132,32.58682,51.94898,8.0
PHX,2004-12-01,62.0,37.0,0.0,2.1974523,239.31273,14.9556,36.435432,61.9385,6.0
PHX,2004-12-02,65.0,36.0,0.0,3.9490447,183.05748,16.7219,38.01807,59.2215,6.0
PHX,2004-12-03,70.0,39.0,0.0,3.3647416,237.02309,16.0044,37.207764,59.3743,6.0
PHX,2004-12-04,54.0,45.0,0.28,4.4905524,164.91913,37.6844,68.237526,100.0,16.0
PHX,2004-12-05,57.0,44.0,0.3,6.2630816,91.667366,68.7296,86.40589,96.62839,11.0
PHX,2004-12-06,55.0,47.0,0.14,4.667827,134.18411,66.4123,82.17484,96.6859,10.0
PHX,2004-12-07,59.0,46.0,0.0,2.9969604,152.51929,55.4673,73.78308,89.6486,7.0
PHX,2004-12-08,63.0,47.0,0.0,2.5700636,110.89631,49.5471,72.548134,89.17307,8.0
PHX,2004-12-09,65.0,46.0,0.0,3.5927052,157.14313,49.846504,70.379745,92.77664,7.0
PHX,2004-12-10,75.0,46.0,0.0,3.4986072,146.25201,35.4989,65.2779,89.7339,7.0
PHX,2004-12-11,80.0,48.0,0.0,3.0835655,100.56932,21.1736,51.041485,79.9424,9.0
PHX,2004-12-12,77.0,50.0,0.0,3.5174417,109.673195,27.3697,52.379887,73.693665,8.0
PHX,2004-12-13,75.0,49.0,0.0,2.8267477,83.38705,27.0664,51.440826,74.0964,8.0
PHX,2004-12-14,72.0,54.0,0.0,6.4534883,82.89471,19.8968,32.95727,63.9715,15.0
PHX,2004-12-15,70.0,48.0,0.0,3.702341,128.23773,24.125,39.971287,58.893,9.0
PHX,2004-12-16,69.0,44.0,0.0,7.478261,35.874744,18.0574,37.58873,70.9534,16.0
PHX,2004-12-17,69.0,50.0,0.0,5.4522295,29.218163,16.0044,26.783184,43.0386,13.0
PHX,2004-12-18,73.0,42.0,0.0,3.0417826,106.81407,15.7738,37.932796,67.8137,8.0
PHX,2004-12-19,77.0,48.0,0.0,4.9604864,101.94312,12.502,28.72231,58.0651,11.0
PHX,2004-12-20,71.0,49.0,0.0,4.395349,107.26671,16.2628,31.916706,46.5981,8.0
PHX,2004-12-21,66.0,48.0,0.0,4.5174417,84.46215,24.4327,43.35393,58.61,11.0
PHX,2004-12-22,62.0,42.0,0.0,3.4178274,239.55814,14.3728,38.5643,70.42166,8.0
PHX,2004-12-23,60.0,38.0,0.0,7.3708205,355.58527,11.2355,29.477453,59.2215,18.0
PHX,2004-12-24,57.0,37.0,0.0,4.409091,40.150826,8.96241,17.22749,35.8481,8.0
PHX,2004-12-25,61.0,35.0,0.0,3.2033427,111.946304,14.84,31.588516,49.8268,7.0
PHX,2004-12-26,66.0,40.0,0.0,3.2785516,104.48581,20.0772,34.174847,50.4163,8.0
PHX,2004-12-27,65.0,49.0,0.0,4.6976743,121.82853,22.5077,37.061073,47.6785,10.0
PHX,2004-12-28,69.0,50.0,0.09,5.793872,109.15227,33.9192,56.21319,93.0771,9.0
PHX,2004-12-29,68.0,55.0,0.45,8.237994,172.72726,67.7898,83.41173,93.07714,19.0
PHX,2004-12-30,65.0,54.0,0.3,2.0566862,60.444798,53.7274,79.77851,96.13738,7.0
PHX,2004-12-31,61.0,50.0,0.0,2.9582174,170.72427,57.8443,75.98447,86.412964,8.0
PHX,2005-01-01,63.0,47.0,0.0,2.3816156,99.2527,49.547104,75.74735,92.83717,6.0
PHX,2005-01-02,64.0,49.0,0.0,4.3370476,110.601326,48.0004,68.896194,86.1923,8.0
PHX,2005-01-03,58.0,52.0,0.82,6.9888887,94.57846,74.6708,86.36673,93.64554,20.0
PHX,2005-01-04,55.0,47.0,0.45,7.0,219.53172,63.334076,82.947235,100.0,25.0
PHX,2005-01-05,57.0,43.0,0.0,3.1793313,159.75261,48.6477,67.69487,85.96637,7.0
PHX,2005-01-06,56.0,41.0,0.0,3.5431755,226.4578,46.7686,67.274315,85.788086,8.0
PHX,2005-01-07,57.0,41.0,0.0001,5.334262,76.97535,40.2213,61.89768,82.2365,9.0
PHX,2005-01-08,62.0,50.0,0.0001,3.9693594,104.88889,49.245632,67.745514,82.9414,8.0
PHX,2005-01-09,69.0,51.0,0.0,4.331476,108.97144,37.3199,62.69541,79.481636,8.0
PHX,2005-01-10,68.0,52.0,0.0001,4.286908,102.2837,50.616203,69.04677,83.0024,9.0
PHX,2005-01-11,69.0,51.0,0.0001,9.101017,205.22565,28.451506,58.76209,86.412964,27.0
PHX,2005-01-12,60.0,45.0,0.0,5.0923567,276.03247,31.852055,55.351746,73.79336,12.0
PHX,2005-01-13,60.0,42.0,0.0,3.7296512,92.91974,33.037388,58.592888,79.53873,7.0
PHX,2005-01-14,65.0,47.0,0.0,2.7855153,221.12274,30.3701,57.52291,79.481636,7.0
PHX,2005-01-15,69.0,42.0,0.0,3.0872092,225.4426,25.8456,54.347485,82.314,8.0
PHX,2005-01-16,77.0,44.0,0.0,2.485465,171.52312,17.664865,50.743973,83.09279,7.0
PHX,2005-01-17,78.0,47.0,0.0,2.548495,109.97994,15.848689,49.028767,77.14099,7.0
PHX,2005-01-18,79.0,50.0,0.0,4.2618384,45.42844,17.184425,41.439106,82.8062,15.0
PHX,2005-01-19,81.0,52.0,0.0,3.5821726,48.49911,16.940113,38.52794,63.722855,13.0
PHX,2005-01-20,77.0,53.0,0.0,3.1643455,91.73465,19.2964,44.289352,71.49519,8.0
PHX,2005-01-21,70.0,57.0,0.0,4.9052925,272.24646,41.86172,56.421585,69.85507,10.0
PHX,2005-01-22,74.0,55.0,0.0,2.968663,93.602394,41.07401,64.928825,86.52137,6.0
PHX,2005-01-23,75.0,58.0,0.0,5.997093,80.985725,26.119171,39.251183,60.250732,10.0
PHX,2005-01-24,72.0,55.0,0.09,3.7203648,76.28472,43.753063,69.563,93.04584,10.0
PHX,2005-01-25,73.0,55.0,0.0,4.0027857,96.851295,33.92472,57.62398,77.23029,9.0
PHX,2005-01-26,62.0,56.0,0.41,4.857939,156.89066,61.789772,81.72481,100.0,12.0
PHX,2005-01-27,64.0,54.0,0.01,4.395543,244.87837,49.846504,74.08172,93.64554,14.0
PHX,2005-01-28,65.0,48.0,0.0,3.8718662,98.55966,43.2615,68.44189,89.73392,8.0
PHX,2005-01-29,58.0,47.0,0.07,5.928273,80.30015,58.89303,76.50898,86.08,18.0
PHX,2005-01-30,59.0,42.0,0.0,1.9098837,101.89961,53.2016,72.59448,92.65329,7.0
PHX,2005-01-31,67.0,46.0,0.0,4.520349,0.6077691,28.3519,63.42719,86.13121,10.0
PHX,2005-02-01,67.0,48.0,0.0,5.128134,68.72206,23.975422,48.28851,76.52618,12.0
PHX,2005-02-02,66.0,47.0,0.0,8.384401,80.61228,18.476614,39.18052,67.9225,18.0
PHX,2005-02-03,69.0,51.0,0.0,10.791086,72.85212,20.5166,30.167767,46.76862,17.0
PHX,2005-02-04,66.0,50.0,0.0,7.6796656,89.6079,26.502592,36.808308,63.2187,14.0
PHX,2005-02-05,68.0,48.0,0.0,3.7238371,226.59961,34.38183,52.45004,77.14099,9.0
PHX,2005-02-06,67.0,49.0,0.0001,4.8255816,89.38819,38.7369,59.965954,79.85685,8.0
PHX,2005-02-07,63.0,53.0,0.0,5.9738374,205.913,47.224556,59.142765,71.49519,11.0
PHX,2005-02-08,67.0,46.0,0.0,2.877907,222.37892,32.8691,58.341995,86.01819,6.0
PHX,2005-02-09,72.0,47.0,0.0,3.5933146,75.65694,22.548628,47.987385,79.78518,11.0
PHX,2005-02-10,70.0,55.0,0.18,7.206128,83.237114,26.32,58.714188,93.04584,18.0
PHX,2005-02-11,60.0,56.0,0.77,7.229805,100.052284,86.57997,92.22874,100.0,11.0
PHX,2005-02-12,62.0,56.0,0.33,5.6785965,209.76308,69.8551,85.99796,100.0,11.0
PHX,2005-02-13,67.0,51.0,0.0,3.3077993,83.23955,52.219696,76.62345,96.0715,8.0
PHX,2005-02-14,67.0,53.0,0.0,2.2980502,97.94873,50.14384,70.7273,89.94654,6.0
PHX,2005-02-15,66.0,55.0,0.0001,3.844011,96.57108,58.3854,73.61765,86.52137,8.0
PHX,2005-02-16,72.0,53.0,0.0,3.6685238,240.32031,39.224,67.44942,92.9879,6.0
PHX,2005-02-17,72.0,53.0,0.15,4.212936,81.10539,42.290535,66.607605,96.811195,8.0
PHX,2005-02-18,68.0,56.0,0.29,4.7158055,11.05908,56.50713,81.61926,96.78424,11.0
PHX,2005-02-19,59.0,53.0,0.93,6.4087744,113.709854,77.2303,88.27285,100.0,15.0
PHX,2005-02-20,65.0,52.0,0.15,4.183917,112.049194,53.72743,75.52428,92.961334,14.0
PHX,2005-02-21,68.0,54.0,0.08,7.9275765,150.98825,46.52177,71.16475,90.028305,15.0
PHX,2005-02-22,68.0,54.0,0.02,6.0654597,159.65553,50.439125,74.00433,93.64554,12.0
PHX,2005-02-23,66.0,51.0,0.09,6.8343024,153.99779,43.2615,64.66584,92.92925,19.0
PHX,2005-02-24,65.0,50.0,0.02,3.7325227,248.10503,44.6436,71.77767,96.0715,9.0
PHX,2005-02-25,69.0,49.0,0.0,2.3100305,196.5021,35.86348,61.45414,83.2272,6.0
PHX,2005-02-26,68.0,50.0,0.0,5.2144847,235.56284,35.470932,58.088795,80.097855,13.0
PHX,2005-02-27,69.0,49.0,0.0,3.2866242,226.35881,34.55467,57.467693,82.8062,9.0
PHX,2005-02-28,71.0,51.0,0.0,4.8206687,136.42883,32.286854,56.618523,79.481636,9.0
PHX,2005-03-01,72.0,51.0,0.0,3.8206687,143.1809,32.23163,56.852097,80.097855,8.0
PHX,2005-03-02,73.0,53.0,0.0,5.136778,135.18878,30.9502,54.656425,74.481316,10.0
PHX,2005-03-03,71.0,51.0,0.0,5.252907,98.82824,33.611053,56.51998,76.80183,9.0
PHX,2005-03-04,73.0,53.0,0.05,6.445566,290.31738,29.832249,53.52597,71.6984,17.0
PHX,2005-03-05,67.0,53.0,0.18,9.272981,74.48278,44.9532,69.71337,85.7845,21.0
PHX,2005-03-06,64.0,51.0,0.08,2.9513679,54.178524,47.86205,71.01165,92.92925,8.0
PHX,2005-03-07,71.0,49.0,0.0,4.373259,149.95027,40.76296,64.707146,89.73392,9.0
PHX,2005-03-08,76.0,53.0,0.0,5.9098835,161.11403,38.432755,60.61839,89.3093,11.0
PHX,2005-03-09,83.0,55.0,0.0,5.146497,114.875824,18.075111,49.610077,83.07516,7.0
PHX,2005-03-10,85.0,57.0,0.0,5.3488374,144.55243,19.428825,43.597454,66.753426,10.0
PHX,2005-03-11,88.0,58.0,0.0,4.0,124.75591,16.021357,40.283276,77.49433,7.0
PHX,2005-03-12,85.0,59.0,0.0,5.6239552,191.44868,19.687021,43.827095,69.292,11.0
PHX,2005-03-13,82.0,59.0,0.0,6.128134,162.40721,23.180487,44.356182,69.1726,12.0
PHX,2005-03-14,72.0,58.0,0.0,10.08721,349.8189,19.986956,35.351173,51.480362,18.0
PHX,2005-03-15,69.0,53.0,0.0,7.9452887,9.260697,5.66512,13.003089,22.478569,14.0
PHX,2005-03-16,72.0,46.0,0.0,4.604863,109.967224,10.128556,24.245205,45.4753,9.0
PHX,2005-03-17,74.0,49.0,0.0,6.2101912,109.61293,14.958663,29.425186,49.8057,10.0
PHX,2005-03-18,71.0,56.0,0.0,5.544073,86.017105,18.329182,33.917614,50.7183,9.0
PHX,2005-03-19,64.0,56.0,0.0001,5.455927,74.447914,45.73802,57.98806,69.292,10.0
PHX,2005-03-20,72.0,56.0,0.0001,7.086351,244.69293,26.32,50.665497,83.20737,14.0
PHX,2005-03-21,74.0,50.0,0.0,5.780255,190.9181,21.085913,40.483356,65.4756,10.0
PHX,2005-03-22,78.0,53.0,0.0,4.669145,97.033134,18.457582,36.80206,58.893,8.0
PHX,2005-03-23,74.0,60.0,0.0,10.67688,243.95767,21.085913,33.565533,53.15338,18.0
PHX,2005-03-24,69.0,53.0,0.0001,6.537994,268.61984,23.83948,39.66829,59.84349,12.0
PHX,2005-03-25,71.0,54.0,0.05,8.119777,263.1401,20.5166,49.35084,74.67078,17.0
PHX,2005-03-26,71.0,50.0,0.0,5.856688,278.6758,14.2636,31.33451,58.6194,15.0
PHX,2005-03-27,78.0,51.0,0.0,3.7659574,75.48737,11.262949,30.529219,58.4942,7.0
PHX,2005-03-28,76.0,56.0,0.0,7.5261626,223.43242,15.6904,32.00397,50.882122,16.0
PHX,2005-03-29,73.0,54.0,0.0,8.860465,249.49344,17.667112,29.521101,39.609016,13.0
PHX,2005-03-30,75.0,52.0,0.0,8.014535,275.24655,10.8351,27.022066,46.45562,15.0
PHX,2005-03-31,75.0,55.0,0.0,11.368541,7.9665017,6.6997437,13.63994,27.821062,17.0
PHX,2005-04-01,83.0,58.0,0.0,9.729651,82.23404,8.366096,13.903737,25.382587,16.0
PHX,2005-04-02,86.0,55.0,0.0,5.006079,90.01129,7.62326,18.934996,41.823204,14.0
PHX,2005-04-03,89.0,63.0,0.0,6.1091547,127.81057,9.019069,19.67348,37.002823,10.0
PHX,2005-04-04,79.0,58.0,0.0,11.318182,269.56677,12.8552065,20.410023,33.103733,25.0
PHX,2005-04-05,80.0,54.0,0.0,6.0936456,275.1462,9.976207,22.072084,43.530895,13.0
PHX,2005-04-06,89.0,56.0,0.0,5.9156976,64.72441,7.53223,18.628191,38.511723,12.0
PHX,2005-04-07,96.0,61.0,0.0,6.7973537,150.8276,5.81805,18.25966,42.5055,16.0
PHX,2005-04-08,80.0,63.0,0.0,9.107243,246.96738,9.1584,18.644003,33.91921,15.0
PHX,2005-04-09,72.0,57.0,0.0,11.58078,251.64204,13.1257,25.564386,45.578323,17.0
PHX,2005-04-10,78.0,53.0,0.0,7.3052325,268.56335,13.8097,24.697773,36.95987,17.0
PHX,2005-04-11,81.0,56.0,0.0,3.3110368,60.941887,10.963618,24.163578,47.079597,7.0
PHX,2005-04-12,89.0,59.0,0.0,4.863057,101.056984,8.436535,19.811016,34.3356,8.0
PHX,2005-04-13,94.0,61.0,0.0,5.02361,305.2779,8.239731,18.957588,37.692978,11.0
PHX,2005-04-14,92.0,63.0,0.0,5.5731974,300.17255,6.914341,17.402699,33.91921,9.0
PHX,2005-04-15,92.0,62.0,0.0,4.034422,21.668682,5.617116,16.114172,33.91921,10.0
PHX,2005-04-16,95.0,62.0,0.0,4.626991,286.9529,6.65026,15.095868,28.76573,8.0
PHX,2005-04-17,95.0,64.0,0.0,6.4369993,222.19292,7.403407,17.3902,31.484314,12.0
PHX,2005-04-18,90.0,66.0,0.0,8.386727,184.16386,6.914341,15.967355,30.684822,12.0
PHX,2005-04-19,81.0,61.0,0.0,10.014388,265.83835,17.184425,22.267855,30.9502,18.0
PHX,2005-04-20,79.0,57.0,0.0,6.25,274.6303,10.3435,22.118238,42.14278,11.0
PHX,2005-04-21,86.0,56.0,0.0,4.122302,95.97333,7.33042,16.262272,32.78137,9.0
PHX,2005-04-22,86.0,61.0,0.0,4.71223,152.02489,7.62326,16.248842,27.3846,8.0
PHX,2005-04-23,92.0,59.0,0.12,8.793287,193.81438,15.848689,33.007843,100.0,23.0
PHX,2005-04-24,75.0,60.0,0.0,10.113208,227.58904,25.803814,47.756752,100.0,17.0
PHX,2005-04-25,79.0,59.0,0.0,5.5034323,251.81305,19.2964,35.041622,59.7243,10.0
PHX,2005-04-26,85.0,60.0,0.0,3.713528,83.863785,16.35498,31.059544,55.521954,8.0
PHX,2005-04-27,86.0,62.0,0.0,7.7128463,232.36186,8.022178,21.642347,48.165874,16.0
PHX,2005-04-28,79.0,62.0,0.0,9.743982,267.88602,13.748385,25.971226,41.808468,21.0
PHX,2005-04-29,78.0,57.0,0.0,6.436451,262.10977,19.73102,32.220745,48.7756,12.0
PHX,2005-04-30,84.0,59.0,0.0,5.1596637,70.53402,15.206306,27.982256,49.0803,9.0
PHX,2005-05-01,88.0,65.0,0.0,5.620137,285.2306,7.54566,20.643158,38.419838,11.0
PHX,2005-05-02,89.0,62.0,0.0,6.1671085,43.53258,13.314818,20.117828,32.807682,10.0
PHX,2005-05-03,90.0,65.0,0.0,6.1390886,242.23183,12.697778,22.855139,38.90924,14.0
PHX,2005-05-04,93.0,67.0,0.0,5.4694963,49.66219,11.328838,20.320036,38.73692,9.0
PHX,2005-05-05,95.0,69.0,0.0,9.747629,197.25452,8.3045,16.76995,36.355637,19.0
PHX,2005-05-06,81.0,67.0,0.0,9.834381,245.56436,15.208656,25.767328,41.808468,16.0
PHX,2005-05-07,81.0,63.0,0.0,5.017804,286.99796,19.1479,28.012857,39.4739,10.0
PHX,2005-05-08,87.0,62.0,0.0,4.83151,274.6559,13.752112,22.777699,40.7458,9.0
PHX,2005-05-09,90.0,66.0,0.0,7.1830664,247.50371,12.056401,23.709932,40.386597,12.0
PHX,2005-05-10,83.0,66.0,0.0,10.060797,259.38342,10.8351,24.961039,40.386597,18.0
PHX,2005-05-11,84.0,60.0,0.0,4.0901465,257.5709,8.12554,15.229627,28.125458,11.0
PHX,2005-05-12,88.0,61.0,0.0,4.0950384,221.02815,6.4413967,13.954013,27.3846,9.0
PHX,2005-05-13,93.0,64.0,0.0,5.334096,131.73332,6.962531,14.70315,26.8106,9.0
PHX,2005-05-14,96.0,69.0,0.0,4.832285,106.291855,7.74804,16.238825,25.2013,10.0
PHX,2005-05-15,100.0,70.0,0.0,4.527578,142.237,8.046528,14.907623,24.73589,10.0
PHX,2005-05-16,102.0,72.0,0.0,8.900803,205.40471,4.70021,15.824625,28.23534,16.0
PHX,2005-05-17,90.0,72.0,0.0,8.792524,251.75526,9.432733,20.899858,39.537235,16.0
PHX,2005-05-18,93.0,68.0,0.0,4.7506633,100.62058,11.750427,19.819736,33.2963,8.0
PHX,2005-05-19,100.0,71.0,0.0,5.302267,236.01216,9.777615,18.705904,31.2624,8.0
PHX,2005-05-20,106.0,75.0,0.0,5.4050345,271.0484,8.170984,17.558672,31.019732,12.0
PHX,2005-05-21,109.0,77.0,0.0,5.0856423,261.752,7.2278066,15.36903,28.678143,10.0
PHX,2005-05-22,109.0,78.0,0.0,4.957429,259.58203,5.987238,14.304319,25.945312,11.0
PHX,2005-05-23,106.0,81.0,0.0,6.5645514,273.406,9.04764,16.496124,26.08925,12.0
PHX,2005-05-24,102.0,79.0,0.0,6.549199,274.47302,12.735212,20.647108,33.70366,13.0
PHX,2005-05-25,103.0,79.0,0.0,5.8765745,268.1071,8.53553,21.170115,36.460014,13.0
PHX,2005-05-26,105.0,77.0,0.0,5.5465994,267.177,7.4560075,15.925184,30.972393,11.0
PHX,2005-05-27,98.0,75.0,0.0001,8.892779,275.27786,15.522708,27.133064,57.95641,22.0
PHX,2005-05-28,97.0,75.0,0.0,7.822542,181.83768,18.783445,38.04865,59.840054,17.0
PHX,2005-05-29,98.0,76.0,0.0,6.7984886,232.99829,19.433031,35.688694,62.17132,14.0
PHX,2005-05-30,95.0,76.0,0.0,6.039387,260.96143,10.154443,18.833467,37.6928,14.0
PHX,2005-05-31,98.0,72.0,0.0,3.5543766,134.43,10.050916,17.413645,31.432367,7.0
PHX,2005-06-01,102.0,74.0,0.0,7.645084,226.31912,7.10533,16.527815,29.243343,16.0
PHX,2005-06-02,99.0,77.0,0.0,7.0897155,199.31372,11.1708,17.965805,26.4048,19.0
PHX,2005-06-03,91.0,71.0,0.0,5.685851,274.65735,17.11938,23.619904,33.988724,12.0
PHX,2005-06-04,97.0,73.0,0.0,6.0189276,248.9009,13.705532,25.405037,42.481915,14.0
PHX,2005-06-05,100.0,76.0,0.0,8.652174,237.62991,9.882753,23.621548,40.159134,17.0
PHX,2005-06-06,95.0,73.0,0.0,7.795756,248.0022,10.7659,17.880936,28.23534,17.0
PHX,2005-06-07,95.0,73.0,0.0,6.4962215,278.4591,8.917392,15.329322,25.494627,14.0
PHX,2005-06-08,96.0,71.0,0.0,6.4987407,265.58975,8.140951,15.394164,27.8985,11.0
PHX,2005-06-09,95.0,72.0,0.0,8.912473,255.77524,10.853893,17.87483,26.125256,15.0
PHX,2005-06-10,97.0,73.0,0.0,6.392573,254.93364,12.2991,23.83718,41.07401,13.0
PHX,2005-06-11,97.0,76.0,0.0,9.788969,240.61284,11.860339,23.256723,33.224365,18.0
PHX,2005-06-12,98.0,75.0,0.0,6.0959234,255.99237,14.615094,24.640326,38.432755,10.0
PHX,2005-06-13,102.0,77.0,0.0,6.148681,252.2615,11.967,24.772562,43.38113,12.0
PHX,2005-06-14,108.0,79.0,0.0,5.9256597,276.1414,10.297875,18.460777,36.460014,14.0
PHX,2005-06-15,103.0,81.0,0.0,5.528604,293.57983,10.038832,16.767141,27.489658,10.0
PHX,2005-06-16,104.0,79.0,0.0,4.62465,270.73123,6.94962,13.918787,33.70366,13.0
PHX,2005-06-17,102.0,76.0,0.0,7.2541966,272.01035,6.261183,11.492982,20.169147,16.0
PHX,2005-06-18,101.0,75.0,0.0,5.7002287,95.61977,8.909309,16.482271,27.3697,10.0
PHX,2005-06-19,108.0,76.0,0.0,4.4565825,59.231735,5.92288,13.034156,24.451351,10.0
PHX,2005-06-20,112.0,81.0,0.0,5.164114,263.21548,6.0476904,13.017484,23.337599,10.0
PHX,2005-06-21,114.0,89.0,0.0,6.8965516,84.16297,8.13061,13.635268,20.652987,19.0
PHX,2005-06-22,113.0,90.0,0.0001,9.443472,183.9149,7.6942773,14.630852,25.228785,23.0
PHX,2005-06-23,109.0,85.0,0.0001,6.64574,134.59761,13.03119,23.774317,46.18992,22.0
PHX,2005-06-24,108.0,81.0,0.0001,5.404814,113.61174,11.277233,27.765186,56.45147,12.0
PHX,2005-06-25,109.0,83.0,0.0,7.7190776,267.79575,7.8824844,18.422077,39.8331,19.0
PHX,2005-06-26,105.0,81.0,0.0,7.8421054,265.1115,2.83956,11.398693,27.190342,16.0
PHX,2005-06-27,108.0,77.0,0.0,5.720403,58.84709,5.9103975,10.371302,16.2166,9.0
PHX,2005-06-28,106.0,83.0,0.0,8.851204,262.73114,4.9764733,14.460679,28.604387,17.0
PHX,2005-06-29,108.0,77.0,0.0,5.039788,90.500916,4.094525,9.410985,21.327,11.0
PHX,2005-06-30,112.0,77.0,0.0,5.6086955,295.34457,3.7604277,8.927625,17.80952,10.0
PHX,2005-07-01,111.0,80.0,0.0,6.6630197,271.1809,5.0711575,11.440684,18.75324,13.0
PHX,2005-07-02,109.0,82.0,0.0,5.589421,248.39285,6.4268265,15.0585,31.893404,13.0
PHX,2005-07-03,108.0,83.0,0.0,5.0530505,280.8853,6.5172043,12.492824,22.666567,15.0
PHX,2005-07-04,109.0,79.0,0.0,4.9040766,357.8497,4.5493684,12.908942,27.190342,11.0
PHX,2005-07-05,112.0,82.0,0.0,7.209068,215.61526,4.4853654,10.9616165,21.619581,13.0
PHX,2005-07-06,112.0,82.0,0.0,6.5707436,259.79376,5.667122,11.4535885,20.987074,14.0
PHX,2005-07-07,109.0,85.0,0.0,7.251572,261.97794,9.562522,16.0248,26.84373,15.0
PHX,2005-07-08,110.0,83.0,0.0,7.166247,234.80481,8.81008,15.817879,24.0703,15.0
PHX,2005-07-09,109.0,82.0,0.0,6.616307,81.13665,7.7896705,14.41335,28.604387,9.0
PHX,2005-07-10,108.0,82.0,0.0,5.7322655,352.85675,7.622079,13.83228,22.17106,11.0
PHX,2005-07-11,111.0,82.0,0.0,5.7267904,315.28207,5.34415,13.31214,26.54766,9.0
PHX,2005-07-12,115.0,82.0,0.0,7.0356393,258.48056,3.906391,9.886333,20.1182,16.0
PHX,2005-07-13,114.0,85.0,0.0,6.792717,112.25944,5.33639,11.7745285,20.494839,12.0
PHX,2005-07-14,110.0,92.0,0.0,6.5171623,277.7873,12.3261595,18.322626,28.837196,15.0
PHX,2005-07-15,113.0,89.0,0.0,6.582057,266.22852,10.973226,19.753878,31.622568,12.0
PHX,2005-07-16,113.0,91.0,0.0,7.1366906,279.03326,11.342435,18.884232,30.6517,13.0
PHX,2005-07-17,116.0,93.0,0.0,10.498856,270.18826,10.389771,19.629744,30.0991,28.0
PHX,2005-07-18,113.0,89.0,0.14,7.071143,147.63791,13.9358,22.712507,46.1422,19.0
PHX,2005-07-19,111.0,91.0,0.0,7.463396,283.38342,16.257675,24.216722,40.904255,13.0
PHX,2005-07-20,109.0,89.0,0.0,6.992806,253.73808,18.804754,27.216839,41.918427,12.0
PHX,2005-07-21,111.0,91.0,0.0,7.839329,269.0822,17.464388,27.797155,41.0402,17.0
PHX,2005-07-22,110.0,82.0,0.02,10.927677,124.71473,15.772492,29.387455,65.74351,17.0
PHX,2005-07-23,102.0,80.0,0.0001,7.6554756,243.70085,29.860725,52.648785,74.114944,28.0
PHX,2005-07-24,102.0,80.0,0.0001,6.748111,239.86671,27.843819,44.657734,63.031284,10.0
PHX,2005-07-25,105.0,85.0,0.0,6.6604776,125.88206,22.160694,40.342117,59.135014,14.0
PHX,2005-07-26,108.0,87.0,0.0,7.7086196,6.2992826,18.854189,33.67197,53.181,26.0
PHX,2005-07-27,109.0,86.0,0.0,7.784897,126.19235,17.54807,32.12732,49.6625,20.0
PHX,2005-07-28,109.0,85.0,0.0,6.3775744,116.7329,13.518155,26.018412,43.182377,11.0
PHX,2005-07-29,109.0,88.0,0.0,7.7556677,172.1085,17.5227,32.3826,49.7919,19.0
PHX,2005-07-30,104.0,84.0,0.0001,8.057935,96.67746,23.7974,42.784164,63.269173,25.0
PHX,2005-07-31,103.0,83.0,0.0,9.380744,103.302315,25.253,46.000698,58.654602,31.0
PHX,2005-08-01,103.0,83.0,0.0001,8.491607,354.78143,24.4469,43.444363,56.7175,17.0
PHX,2005-08-02,104.0,72.0,0.59,7.4013433,238.66733,22.1634,45.931625,100.0,34.0
PHX,2005-08-03,93.0,73.0,0.16,5.175784,241.8511,38.4517,65.152275,100.0,11.0
PHX,2005-08-04,101.0,81.0,0.02,5.7254004,175.20209,24.9693,44.775913,69.3207,10.0
PHX,2005-08-05,106.0,82.0,0.11,6.891688,91.43798,19.3455,39.611137,60.2464,23.0
PHX,2005-08-06,103.0,83.0,0.0001,6.405276,43.27753,21.3145,38.38198,62.0291,15.0
PHX,2005-08-07,104.0,78.0,0.19,5.7783375,236.69772,25.253,46.155273,88.7482,18.0
PHX,2005-08-08,91.0,78.0,0.08,4.5185995,144.8437,49.9468,64.98345,87.1241,13.0
PHX,2005-08-09,96.0,78.0,0.03,5.1830664,208.8523,38.6761,64.1655,87.6951,16.0
PHX,2005-08-10,94.0,78.0,0.0,4.3429255,188.53682,41.0402,65.011314,82.0559,10.0
PHX,2005-08-11,98.0,81.0,0.0,6.181619,222.32071,35.1241,53.996593,74.148,13.0
PHX,2005-08-12,102.0,80.0,0.02,7.024409,121.68809,25.9477,51.63562,67.2191,16.0
PHX,2005-08-13,99.0,78.0,0.0,5.8235292,69.96655,24.6788,42.16261,69.1109,10.0
PHX,2005-08-14,90.0,82.0,0.0,7.2883296,127.14841,35.0982,48.412296,58.5141,17.0
PHX,2005-08-15,99.0,78.0,0.0,5.4774537,106.91083,26.5069,41.70457,59.7392,9.0
PHX,2005-08-16,101.0,82.0,0.0,5.302267,171.79616,24.0606,36.73362,54.6256,9.0
PHX,2005-08-17,104.0,83.0,0.0,6.208238,250.08658,16.6414,25.06222,38.391,11.0
PHX,2005-08-18,104.0,82.0,0.0,4.120907,284.17154,18.945,28.793516,46.0276,8.0
PHX,2005-08-19,102.0,83.0,0.0,8.519288,88.04813,23.2405,34.97783,54.6256,18.0
PHX,2005-08-20,107.0,81.0,0.0,5.2551928,209.74364,14.9254,27.582159,47.2297,9.0
PHX,2005-08-21,109.0,84.0,0.0,5.6091127,106.80529,13.5182,23.495573,37.3469,8.0
PHX,2005-08-22,110.0,87.0,0.01,8.370709,120.68495,13.2857,24.071573,33.9195,20.0
PHX,2005-08-23,98.0,84.0,0.0,8.666667,132.8752,28.4766,40.57782,51.4692,16.0
PHX,2005-08-24,101.0,80.0,0.0,4.7984886,150.55194,28.6363,41.64194,59.9939,10.0
PHX,2005-08-25,106.0,85.0,0.0,5.418136,156.92136,19.2041,33.5126,53.2115,8.0
PHX,2005-08-26,109.0,87.0,0.0,6.63789,260.5454,15.7794,27.59133,42.0151,15.0
PHX,2005-08-27,111.0,87.0,0.0,7.86398,269.55124,11.5293,23.830612,37.6857,15.0
PHX,2005-08-28,113.0,88.0,0.0,7.070938,264.82416,8.79064,19.00459,39.1666,14.0
PHX,2005-08-29,111.0,85.0,0.0,6.525164,258.07294,8.90371,17.423803,32.1986,11.0
PHX,2005-08-30,110.0,84.0,0.0,7.199041,241.40552,9.56252,17.618946,33.144,15.0
PHX,2005-08-31,107.0,84.0,0.0001,5.632342,132.6641,15.437,28.67398,43.1824,20.0
PHX,2005-09-01,108.0,84.0,0.0001,7.3226542,129.53795,15.1595,32.79849,42.7696,22.0
PHX,2005-09-02,104.0,82.0,0.0,5.929978,110.095,17.8384,27.433958,42.605,14.0
PHX,2005-09-03,103.0,78.0,0.13,7.7728863,98.92258,25.253,39.22113,73.9485,20.0
PHX,2005-09-04,102.0,82.0,0.0,3.647355,282.10883,20.923,36.959724,60.7359,9.0
PHX,2005-09-05,104.0,84.0,0.0,5.4382873,267.1902,17.2826,28.911736,46.3228,13.0
PHX,2005-09-06,107.0,87.0,0.0,4.8306637,260.28772,11.3099,20.922401,32.6203,10.0
PHX,2005-09-07,106.0,84.0,0.0,6.4135666,113.862976,14.3313,26.004236,38.1537,18.0
PHX,2005-09-08,106.0,87.0,0.0,9.411379,121.57583,17.9487,32.434845,47.8308,16.0
PHX,2005-09-09,103.0,82.0,0.03,8.886214,185.50737,10.6359,30.722784,65.7435,19.0
PHX,2005-09-10,99.0,74.0,0.0,7.192872,203.47005,16.0132,27.377047,39.4689,14.0
PHX,2005-09-11,99.0,73.0,0.0,8.42563,187.36707,9.6161,19.582281,34.3201,12.0
PHX,2005-09-12,98.0,73.0,0.0,6.1372995,195.66963,11.7202,19.383663,34.302,10.0
PHX,2005-09-13,95.0,72.0,0.0,5.9472423,92.304565,12.6846,21.706583,31.2624,9.0
PHX,2005-09-14,93.0,72.0,0.0,4.143236,52.557087,14.7654,24.80435,40.9045,7.0
PHX,2005-09-15,99.0,71.0,0.0,3.5031447,105.020325,7.87501,19.121014,35.1853,10.0
PHX,2005-09-16,99.0,72.0,0.0,6.206235,62.025063,9.42681,18.253075,30.1848,11.0
PHX,2005-09-17,98.0,70.0,0.0,4.520384,78.17354,9.23889,19.9048,35.3565,9.0
PHX,2005-09-18,100.0,70.0,0.0,5.0875273,101.20185,6.51985,15.939049,26.4585,8.0
PHX,2005-09-19,103.0,74.0,0.0,3.2042441,90.72243,8.54854,18.189173,27.4345,6.0
PHX,2005-09-20,105.0,81.0,0.0001,5.6445622,127.54133,15.9398,24.067513,36.768383,11.0
PHX,2005-09-21,103.0,84.0,0.0001,4.9040766,281.36914,17.8384,25.85958,35.09822,9.0
PHX,2005-09-22,105.0,82.0,0.0,5.3729978,266.3826,18.3253,26.962412,37.0755,11.0
PHX,2005-09-23,103.0,79.0,0.0,4.790932,303.8799,15.6993,25.05763,43.5648,9.0
PHX,2005-09-24,100.0,76.0,0.0,5.3,78.03268,10.042959,22.69561,35.9809,9.0
PHX,2005-09-25,103.0,73.0,0.0,5.3103447,77.10629,12.486151,19.716883,26.9284,7.0
PHX,2005-09-26,103.0,78.0,0.0,4.268585,291.21823,13.4751,22.170319,35.4033,9.0
PHX,2005-09-27,101.0,82.0,0.0,5.383693,278.7428,15.4347,22.910728,32.8376,11.0
PHX,2005-09-28,99.0,80.0,0.0,7.0,261.31494,6.19529,17.959715,32.1986,14.0
PHX,2005-09-29,97.0,72.0,0.0,4.172662,83.995766,10.8539,19.79798,29.1034,10.0
PHX,2005-09-30,99.0,73.0,0.0,4.906801,103.71324,10.9654,19.632858,29.2433,8.0
PHX,2005-10-01,99.0,72.0,0.0,5.417943,113.07377,9.460673,20.712132,37.38125,9.0
PHX,2005-10-02,101.0,72.0,0.0,5.450801,155.98976,15.459434,26.600594,39.220623,9.0
PHX,2005-10-03,101.0,74.0,0.0001,6.361556,131.94447,19.5194,29.718426,46.322838,12.0
PHX,2005-10-04,96.0,78.0,0.0,7.9545455,239.44205,24.172548,41.83801,62.0466,14.0
PHX,2005-10-05,96.0,74.0,0.0,6.737418,251.29262,17.445765,22.285467,30.357851,12.0
PHX,2005-10-06,99.0,71.0,0.0,4.474836,267.1162,16.443962,21.124718,31.587294,8.0
PHX,2005-10-07,100.0,76.0,0.0,5.5915117,91.97265,16.41616,28.495735,41.691277,11.0
PHX,2005-10-08,99.0,77.0,0.0,8.938731,189.60725,11.750427,25.555887,40.32768,19.0
PHX,2005-10-09,88.0,71.0,0.0,9.97065,261.82022,10.5251255,20.823479,41.80131,21.0
PHX,2005-10-10,84.0,65.0,0.0,3.0,234.37439,11.506047,17.841713,25.9874,8.0
PHX,2005-10-11,85.0,61.0,0.0,4.7002187,108.45664,12.0339,22.39067,39.154713,7.0
PHX,2005-10-12,88.0,61.0,0.0,3.627204,159.52469,9.175948,20.610392,30.849417,7.0
PHX,2005-10-13,95.0,64.0,0.0,3.760192,295.64957,9.822584,20.205559,31.80035,9.0
PHX,2005-10-14,93.0,71.0,0.0,8.867925,100.83763,18.3797,26.904594,36.2762,15.0
PHX,2005-10-15,90.0,70.0,0.0001,5.6226416,160.32327,18.640089,33.035015,57.0508,11.0
PHX,2005-10-16,88.0,72.0,0.0,7.0869565,111.97443,17.61575,25.667017,33.988724,14.0
PHX,2005-10-17,91.0,69.0,0.05,4.979577,249.35208,21.97442,42.500683,73.2676,17.0
PHX,2005-10-18,77.0,63.0,0.12,7.9748425,262.12927,42.9084,65.365295,90.31044,26.0
PHX,2005-10-19,77.0,58.0,0.0,2.5899282,269.2901,29.7565,51.867332,83.81911,8.0
PHX,2005-10-20,84.0,60.0,0.0,4.1918464,214.08177,26.386,47.21384,72.125435,10.0
PHX,2005-10-21,90.0,65.0,0.0,3.4381552,235.35318,18.496275,41.674065,62.963245,10.0
PHX,2005-10-22,88.0,63.0,0.0,4.320366,317.66736,20.6923,39.17271,65.1368,9.0
PHX,2005-10-23,87.0,63.0,0.0,4.2572947,89.41907,18.75324,37.81455,56.081078,8.0
PHX,2005-10-24,90.0,65.0,0.0,5.3717027,86.599144,17.875086,32.054718,50.619175,9.0
PHX,2005-10-25,90.0,66.0,0.0,7.948288,208.8184,17.875086,33.374428,45.42648,15.0
PHX,2005-10-26,83.0,63.0,0.0,4.383693,109.91704,22.6666,38.626827,60.1081,8.0
PHX,2005-10-27,85.0,63.0,0.0,5.209068,96.3792,20.991467,35.605488,53.93731,9.0
PHX,2005-10-28,82.0,63.0,0.0,6.409091,78.01093,25.478006,36.665073,48.6023,11.0
PHX,2005-10-29,83.0,62.0,0.0,4.3729978,75.817924,25.792122,40.29912,53.779995,9.0
PHX,2005-10-30,84.0,61.0,0.0,4.5932913,190.65729,22.379805,37.973278,55.521954,10.0
PHX,2005-10-31,85.0,60.0,0.0,3.5031447,29.01909,12.1339,28.229187,57.326477,10.0
PHX,2005-11-01,90.0,60.0,0.0,3.9359267,71.61897,7.624609,17.954514,32.869106,15.0
PHX,2005-11-02,88.0,63.0,0.0,4.8867927,106.284935,11.32457,20.573116,29.836212,7.0
PHX,2005-11-03,80.0,64.0,0.0,5.2814646,84.11703,21.810827,29.741053,44.95324,10.0
PHX,2005-11-04,83.0,57.0,0.0,3.895178,80.31563,16.940113,34.679638,54.953968,7.0
PHX,2005-11-05,82.0,55.0,0.0,4.877984,95.57932,14.849921,31.608294,50.7183,8.0
PHX,2005-11-06,83.0,56.0,0.0,3.380744,100.12832,15.094748,29.388052,43.35763,8.0
PHX,2005-11-07,86.0,57.0,0.0,4.1372995,88.58812,13.752112,28.10533,45.4267,7.0
PHX,2005-11-08,90.0,60.0,0.0,3.9431071,95.45833,10.2474,23.960909,36.192703,7.0
PHX,2005-11-09,88.0,63.0,0.0,4.431072,107.35691,17.970058,29.087189,42.6003,7.0
PHX,2005-11-10,77.0,63.0,0.0,3.5448577,117.60853,29.7565,43.694416,54.505486,10.0
PHX,2005-11-11,76.0,59.0,0.0,5.3089247,224.39883,26.119171,46.27218,69.1726,11.0
PHX,2005-11-12,76.0,53.0,0.0,4.2015114,87.83962,26.104504,43.891724,64.028885,7.0
PHX,2005-11-13,80.0,54.0,0.0,3.3203661,142.94922,19.57005,40.027596,61.413486,6.0
PHX,2005-11-14,81.0,54.0,0.0,3.9153318,122.33048,18.210943,35.999485,57.379826,9.0
PHX,2005-11-15,80.0,55.0,0.0,6.1215935,57.38579,9.076479,27.26614,52.6986,11.0
PHX,2005-11-16,80.0,51.0,0.0,6.0695443,48.746872,10.329579,15.437025,25.23734,16.0
PHX,2005-11-17,79.0,54.0,0.0,2.1582735,347.2109,11.824314,23.680191,42.975666,8.0
PHX,2005-11-18,79.0,56.0,0.0,7.478261,29.398968,6.9852376,14.28429,30.4796,18.0
PHX,2005-11-19,78.0,49.0,0.0,2.2319474,301.44778,9.38454,21.49349,38.958637,5.0
PHX,2005-11-20,78.0,54.0,0.0,9.098533,64.40034,11.704405,17.862452,26.902382,18.0
PHX,2005-11-21,80.0,51.0,0.0,3.680525,298.26453,10.581882,22.911701,40.8769,7.0
PHX,2005-11-22,80.0,51.0,0.0,1.356674,123.92355,9.976207,25.989376,50.11513,5.0
PHX,2005-11-23,73.0,54.0,0.0,3.4573305,19.301779,14.958663,23.948603,36.535843,7.0
PHX,2005-11-24,80.0,56.0,0.0,3.9562364,107.61302,13.557218,28.89567,43.7091,11.0
PHX,2005-11-25,76.0,51.0,0.0,3.5324948,118.90231,21.5262,36.30813,52.112114,7.0
PHX,2005-11-26,75.0,54.0,0.0,11.070022,238.07208,19.336704,32.26749,47.079597,18.0
PHX,2005-11-27,60.0,46.0,0.0,13.094339,273.77686,9.733189,15.494235,23.3684,22.0
PHX,2005-11-28,60.0,40.0,0.0,4.2540045,236.88078,7.922879,15.816603,27.481054,10.0
PHX,2005-11-29,65.0,40.0,0.0,4.023061,101.471016,8.398651,18.397936,31.938557,8.0
PHX,2005-11-30,70.0,43.0,0.0,3.9473684,103.22205,10.1845,23.631916,39.397198,7.0
PHX,2005-12-01,73.0,46.0,0.0,2.5812356,88.99307,19.446915,33.230133,47.542187,7.0
PHX,2005-12-02,71.0,50.0,0.0,4.3873086,95.11647,21.582449,34.929134,48.16,11.0
PHX,2005-12-03,72.0,52.0,0.0,6.238512,246.68872,19.797068,33.404648,46.598145,11.0
PHX,2005-12-04,66.0,45.0,0.0,4.438849,262.15152,8.013863,20.130362,32.8578,12.0
PHX,2005-12-05,64.0,40.0,0.0,2.659039,272.76895,7.042674,17.509415,32.6984,7.0
PHX,2005-12-06,63.0,37.0,0.0,2.7903564,113.42209,9.566441,22.031025,32.546124,7.0
PHX,2005-12-07,64.0,38.0,0.0,3.8489702,97.90765,11.294095,23.545433,37.382343,7.0
PHX,2005-12-08,66.0,41.0,0.0,4.628931,63.099445,8.780111,21.599998,39.47178,12.0
PHX,2005-12-09,72.0,49.0,0.0,2.9256594,102.36727,8.384361,17.862192,31.629732,11.0
PHX,2005-12-10,71.0,43.0,0.0,2.7308533,111.25674,10.2983465,22.49403,39.47178,5.0
PHX,2005-12-11,67.0,46.0,0.0,2.6367614,96.55381,12.14653,25.421959,38.562473,6.0
PHX,2005-12-12,64.0,50.0,0.0,2.7232704,101.30324,19.748632,29.887602,39.070534,7.0
PHX,2005-12-13,65.0,43.0,0.0,2.206235,132.75601,16.0854,34.991085,55.136906,7.0
PHX,2005-12-14,67.0,41.0,0.0,2.5054705,78.72856,18.476614,35.035152,52.729336,6.0
PHX,2005-12-15,61.0,44.0,0.0,4.356674,262.03235,9.395113,24.604153,49.02222,9.0
PHX,2005-12-16,61.0,37.0,0.0,3.501094,29.13312,12.306021,24.795366,44.177734,8.0
PHX,2005-12-17,60.0,35.0,0.0,3.9269521,84.81453,12.306021,27.688387,44.177734,9.0
PHX,2005-12-18,63.0,41.0,0.0,3.144654,146.79309,20.431007,32.195,48.558186,7.0
PHX,2005-12-19,70.0,43.0,0.0,2.0545073,122.105156,21.29438,38.91403,59.501858,7.0
PHX,2005-12-20,71.0,43.0,0.0,3.6037736,108.250084,21.582449,38.778625,59.928104,8.0
PHX,2005-12-21,76.0,46.0,0.0,1.2814646,9.05826,19.02034,41.004402,60.47223,5.0
PHX,2005-12-22,77.0,49.0,0.0,3.676149,95.97096,15.0021,32.668617,54.23788,7.0
PHX,2005-12-23,75.0,49.0,0.0,2.096436,92.41997,18.601465,33.62339,49.97615,6.0
PHX,2005-12-24,78.0,47.0,0.0,2.5899282,103.398346,15.848689,34.27206,52.316154,7.0
PHX,2005-12-25,76.0,47.0,0.0,3.7966456,91.39123,12.501967,29.097734,49.63451,9.0
PHX,2005-12-26,76.0,48.0,0.0,4.807128,100.88263,17.4001,32.812298,47.2246,9.0
PHX,2005-12-27,72.0,48.0,0.0,4.215103,213.93408,24.437313,44.102676,63.387947,10.0
PHX,2005-12-28,72.0,48.0,0.0,4.256293,82.0725,20.049805,38.644794,58.34339,9.0
PHX,2005-12-29,69.0,47.0,0.0,3.9937108,89.89022,23.6763,38.062344,53.62952,9.0
PHX,2005-12-30,67.0,46.0,0.0,3.7651992,102.28462,25.8456,43.557713,65.3153,9.0
PHX,2005-12-31,68.0,47.0,0.0,4.0175056,101.74638,25.051968,40.033867,56.296757,8.0
PHX,2006-01-01,70.0,48.0,0.0,3.02267,88.53457,30.637081,42.525684,56.14071,9.0
PHX,2006-01-02,79.0,51.0,0.0,5.697733,84.89541,19.4456,32.33197,50.7183,10.0
PHX,2006-01-03,70.0,52.0,0.0,4.7826085,263.39795,18.893621,35.308437,53.779995,12.0
PHX,2006-01-04,72.0,44.0,0.0,2.5148742,142.77705,18.329182,34.8634,55.5626,7.0
PHX,2006-01-05,80.0,46.0,0.0,3.5886214,59.362396,7.7723527,24.88575,51.85217,12.0
PHX,2006-01-06,81.0,58.0,0.0,8.531729,73.69657,8.185397,13.927587,22.0511,17.0
PHX,2006-01-07,77.0,51.0,0.0,4.556064,101.31389,9.222288,17.489569,25.097061,8.0
PHX,2006-01-08,73.0,46.0,0.0,3.125786,108.73685,12.048938,24.753149,37.458263,7.0
PHX,2006-01-09,71.0,44.0,0.0,3.3542976,7.0477767,7.278883,21.749619,36.72115,8.0
PHX,2006-01-10,74.0,43.0,0.0,3.60587,60.215523,6.219521,17.506044,30.97435,14.0
PHX,2006-01-11,72.0,43.0,0.0,4.026258,108.88844,8.08151,18.55831,31.123652,7.0
PHX,2006-01-12,71.0,43.0,0.0,4.69392,97.770584,9.45465,20.611023,34.72412,7.0
PHX,2006-01-13,78.0,43.0,0.0,2.8134172,104.88181,8.633952,21.885237,36.72115,6.0
PHX,2006-01-14,73.0,49.0,0.0,3.8993711,86.42099,11.58044,22.018166,37.387806,9.0
PHX,2006-01-15,65.0,49.0,0.0,8.176101,260.07922,18.201786,34.050888,56.3359,16.0
PHX,2006-01-16,60.0,42.0,0.0,8.480083,276.25385,14.123235,29.360985,53.0317,14.0
PHX,2006-01-17,62.0,37.0,0.0,2.9350104,81.32044,11.3662,24.401466,40.236553,7.0
PHX,2006-01-18,65.0,41.0,0.0,4.9874215,101.50991,9.88315,21.466894,34.8054,9.0
PHX,2006-01-19,64.0,47.0,0.0,9.180293,275.76468,21.253286,26.480263,33.103733,21.0
PHX,2006-01-20,62.0,38.0,0.0,3.3135011,264.54636,15.073339,29.074144,48.066723,8.0
PHX,2006-01-21,67.0,36.0,0.0,3.5886214,250.61993,9.60902,24.650528,46.07908,7.0
PHX,2006-01-22,68.0,37.0,0.0,3.3228512,187.18155,10.689367,22.814842,38.837437,7.0
PHX,2006-01-23,73.0,43.0,0.0,8.47046,63.0117,9.823995,16.818716,29.0528,17.0
PHX,2006-01-24,78.0,58.0,0.0,11.220126,75.78118,9.870728,14.187633,21.761772,16.0
PHX,2006-01-25,70.0,48.0,0.0,5.9454927,238.94286,11.236254,22.521826,40.632404,17.0
PHX,2006-01-26,65.0,42.0,0.0,4.4774537,88.306274,19.748632,32.40564,48.704906,7.0
PHX,2006-01-27,66.0,43.0,0.0,6.599562,169.2201,18.476614,33.898346,46.7295,11.0
PHX,2006-01-28,66.0,41.0,0.0,4.3908873,98.488,18.201786,34.485813,53.0317,8.0
PHX,2006-01-29,66.0,42.0,0.0,4.5683455,95.17719,18.201786,31.601429,48.704906,8.0
PHX,2006-01-30,75.0,44.0,0.0,3.4439359,94.87207,15.4384,29.694914,46.7295,7.0
PHX,2006-01-31,70.0,46.0,0.0,6.0838575,132.66855,20.8012,34.611904,47.5422,11.0
PHX,2006-02-01,71.0,46.0,0.0,5.2288327,107.273094,18.9022,35.2252,51.549072,8.0
PHX,2006-02-02,75.0,47.0,0.0,5.562363,115.76144,16.5043,31.969889,49.4971,10.0
PHX,2006-02-03,77.0,50.0,0.0,3.0846682,100.89814,16.7817,30.485708,43.9872,7.0
PHX,2006-02-04,80.0,48.0,0.0,3.077568,103.5532,10.3754,25.782305,45.9679,6.0
PHX,2006-02-05,74.0,54.0,0.0,4.0503283,105.35648,13.5718,25.159275,33.76858,7.0
PHX,2006-02-06,76.0,47.0,0.0,6.224181,63.044502,5.11553,14.496476,39.0705,18.0
PHX,2006-02-07,81.0,56.0,0.0,6.521739,79.48857,4.08619,8.362175,13.9455,14.0
PHX,2006-02-08,85.0,53.0,0.0,7.0457664,77.53177,3.64956,7.7710247,16.2923,14.0
PHX,2006-02-09,79.0,56.0,0.0,3.7254004,136.12135,7.20597,19.699095,40.8612,15.0
PHX,2006-02-10,75.0,49.0,0.0,5.1830664,93.78232,16.7645,42.15197,68.153,9.0
PHX,2006-02-11,75.0,48.0,0.0,4.3369803,58.205044,6.46164,20.976196,45.8055,14.0
PHX,2006-02-12,78.0,47.0,0.0,6.254408,52.13831,4.36228,9.124351,19.4133,16.0
PHX,2006-02-13,77.0,48.0,0.0,2.9350104,108.61885,5.72456,13.426221,26.3794,10.0
PHX,2006-02-14,76.0,51.0,0.0,4.556064,111.17869,6.58745,14.2327585,23.3596,7.0
PHX,2006-02-15,78.0,50.0,0.0,9.790357,216.75864,9.47202,19.44355,39.1547,18.0
PHX,2006-02-16,68.0,50.0,0.0,5.294964,268.83234,14.3035,26.01131,45.734486,10.0
PHX,2006-02-17,64.0,52.0,0.0,3.8512034,295.8049,13.1615,19.62145,27.688803,9.0
PHX,2006-02-18,65.0,42.0,0.0,5.8867927,259.94495,18.1918,27.745779,41.2355,11.0
PHX,2006-02-19,66.0,44.0,0.0,3.89016,270.9808,22.5077,33.897404,51.549072,11.0
PHX,2006-02-20,65.0,44.0,0.0,3.0389016,278.8048,24.4327,33.81442,49.02222,8.0
PHX,2006-02-21,64.0,43.0,0.0,5.3981695,271.62595,20.143612,32.620613,51.2437,10.0
PHX,2006-02-22,70.0,43.0,0.0,3.5743706,265.47968,10.8366,22.167055,42.8366,8.0
PHX,2006-02-23,75.0,43.0,0.0,3.0457666,107.07938,7.38437,20.237642,37.8992,7.0
PHX,2006-02-24,77.0,46.0,0.0,4.8878717,160.59737,8.41499,18.595629,31.302542,8.0
PHX,2006-02-25,78.0,47.0,0.0,4.679634,99.87088,7.23933,19.0225,35.80031,8.0
PHX,2006-02-26,84.0,53.0,0.0,4.784897,147.71487,6.25479,15.482806,29.7151,9.0
PHX,2006-02-27,80.0,51.0,0.0,4.911271,84.92241,6.78114,15.716344,30.486237,9.0
PHX,2006-02-28,81.0,59.0,0.0,7.096436,309.4365,10.747189,25.263447,47.1288,14.0
PHX,2006-03-01,75.0,61.0,0.0,5.6475973,268.5499,22.2622,42.918385,60.1081,10.0
PHX,2006-03-02,79.0,51.0,0.0,3.7439826,213.87198,13.8576,30.104357,66.0446,8.0
PHX,2006-03-03,80.0,51.0,0.0,7.6827135,188.02315,9.79383,22.70724,44.4811,12.0
PHX,2006-03-04,72.0,51.0,0.0,3.324937,59.64684,13.18658,26.512796,34.6855,6.0
PHX,2006-03-05,80.0,49.0,0.0,4.151079,124.295784,4.78919,18.42157,33.762,8.0
PHX,2006-03-06,77.0,51.0,0.0,4.943107,248.45174,7.87583,17.201382,30.5345,11.0
PHX,2006-03-07,78.0,53.0,0.0,7.2450767,264.55673,16.8723,25.733156,36.8293,17.0
PHX,2006-03-08,68.0,51.0,0.0,9.754924,258.19104,20.3614,34.07824,47.849,22.0
PHX,2006-03-09,69.0,47.0,0.0,7.5037785,203.3675,17.6383,33.493904,53.467407,11.0
PHX,2006-03-10,66.0,53.0,0.0,12.350105,254.3977,13.0112,34.242924,56.863,21.0
PHX,2006-03-11,53.0,42.0,1.4,7.649196,106.87481,50.2782,90.03348,100.0,16.0
PHX,2006-03-12,57.0,42.0,0.04,7.1160026,233.04758,26.2765,55.70397,100.0,13.0
PHX,2006-03-13,62.0,43.0,0.0,6.084668,84.25724,23.061253,44.04876,67.4548,12.0
PHX,2006-03-14,73.0,45.0,0.0,4.0356393,72.479256,16.240728,34.21102,55.8528,11.0
PHX,2006-03-15,73.0,52.0,0.0,5.12035,320.72174,15.7738,38.362106,64.2766,10.0
PHX,2006-03-16,75.0,50.0,0.0,4.212254,87.02922,11.8076,32.64272,58.3434,7.0
PHX,2006-03-17,79.0,54.0,0.0,6.3554378,120.614365,10.3435,32.904465,56.863,12.0
PHX,2006-03-18,68.0,55.0,0.0,8.207877,247.04066,18.778,30.560064,45.2647,17.0
PHX,2006-03-19,57.0,46.0,0.11,6.598183,83.7469,32.7814,64.62778,86.08,12.0
PHX,2006-03-20,63.0,47.0,0.0,5.8561153,119.5832,33.425,53.610325,79.78518,9.0
PHX,2006-03-21,65.0,48.0,0.01,9.15408,213.17773,27.0727,49.907112,66.0491,21.0
PHX,2006-03-22,68.0,43.0,0.0,3.627204,202.43832,21.8109,41.15113,70.42166,6.0
PHX,2006-03-23,79.0,48.0,0.0,4.5131893,81.781075,11.2936,32.61917,65.8038,12.0
PHX,2006-03-24,81.0,57.0,0.0,6.1121283,75.86387,10.2752,21.404844,38.9387,10.0
PHX,2006-03-25,87.0,56.0,0.0,6.89016,176.5411,8.48068,20.887733,41.6969,12.0
PHX,2006-03-26,83.0,59.0,0.0,6.199041,200.98312,12.8572,21.622625,30.8494,12.0
PHX,2006-03-27,79.0,65.0,0.0001,6.0809627,95.8686,23.881,32.5754,41.6659,11.0
PHX,2006-03-28,78.0,67.0,0.0001,7.712788,121.527725,26.4262,35.933502,52.3543,14.0
PHX,2006-03-29,78.0,61.0,0.0,11.899281,231.39577,25.3322,33.92054,44.1615,24.0
PHX,2006-03-30,73.0,57.0,0.0,3.3069544,324.05347,25.5027,31.68187,39.6473,7.0
PHX,2006-03-31,76.0,57.0,0.0,7.438155,231.0345,21.6558,33.39937,49.2596,12.0
PHX,2006-04-01,76.0,61.0,0.0,6.544858,239.85568,17.0254,26.649248,39.4739,14.0
PHX,2006-04-02,82.0,56.0,0.0,4.6235013,60.764015,12.0451,26.082893,47.0796,9.0
PHX,2006-04-03,88.0,63.0,0.0,4.6933637,264.56235,10.7172,19.588331,31.3403,10.0
PHX,2006-04-04,85.0,68.0,0.0,6.0875273,122.73842,15.3404,24.494606,37.31991,11.0
PHX,2006-04-05,75.0,57.0,0.0001,13.626834,240.96642,16.0291,32.95525,77.9194,24.0
PHX,2006-04-06,71.0,51.0,0.0,5.559194,257.61746,18.3292,31.176043,48.3386,11.0
PHX,2006-04-07,80.0,54.0,0.0,4.694362,92.12093,13.05755,26.714693,46.5981,10.0
PHX,2006-04-08,89.0,57.0,0.0,4.64988,76.00596,7.11482,20.650713,38.5117,9.0
PHX,2006-04-09,88.0,59.0,0.0,4.007194,189.91818,8.5841,17.425343,30.802467,8.0
PHX,2006-04-10,79.0,65.0,0.0,6.633124,261.1962,12.7022,21.0749,29.5624,13.0
PHX,2006-04-11,82.0,58.0,0.0,3.9663866,80.36418,15.6348,27.47103,45.4267,8.0
PHX,2006-04-12,93.0,62.0,0.0,5.6415095,129.54662,7.4453,19.219158,36.3645,10.0
PHX,2006-04-13,96.0,64.0,0.0,4.802935,151.46985,6.58353,14.543475,24.7524,12.0
PHX,2006-04-14,93.0,69.0,0.0,12.54088,190.84737,10.4483,20.372091,30.9502,28.0
PHX,2006-04-15,79.0,61.0,0.0,4.196643,254.78313,20.8894,31.467909,45.907,10.0
PHX,2006-04-16,86.0,60.0,0.0,6.28777,239.0474,14.2663,26.348598,47.2246,13.0
PHX,2006-04-17,84.0,61.0,0.0,7.5220127,242.54231,11.1757,21.812323,40.8612,16.0
PHX,2006-04-18,83.0,58.0,0.0,5.4534006,272.04382,9.92026,16.622614,30.9848,9.0
PHX,2006-04-19,87.0,60.0,0.0,5.8633094,276.18777,7.98841,13.303231,23.6763,13.0
PHX,2006-04-20,89.0,60.0,0.0,5.6086955,102.88423,6.22335,14.338278,29.3762,10.0
PHX,2006-04-21,93.0,63.0,0.0,5.2182255,104.36474,6.03768,13.200247,25.543194,8.0
PHX,2006-04-22,94.0,65.0,0.0,9.070022,176.79305,6.39713,14.639583,29.0793,17.0
PHX,2006-04-23,78.0,61.0,0.0,7.966457,229.51387,17.3998,23.214172,32.1716,16.0
PHX,2006-04-24,80.0,58.0,0.0,4.231738,280.92493,13.535867,23.73815,42.1428,10.0
PHX,2006-04-25,87.0,60.0,0.0,4.8968825,74.910774,9.46422,18.109724,29.5201,9.0
PHX,2006-04-26,92.0,62.0,0.0,8.340322,187.51614,6.27888,18.313046,32.1716,20.0
PHX,2006-04-27,77.0,60.0,0.0,9.247003,230.28941,17.3998,33.668644,47.2246,22.0
PHX,2006-04-28,76.0,56.0,0.0,5.9161425,185.1372,28.541,40.27455,52.6986,11.0
PHX,2006-04-29,88.0,60.0,0.0,5.7711673,135.92513,15.5643,31.273895,51.4774,12.0
PHX,2006-04-30,96.0,66.0,0.0,6.3592677,141.19139,9.55226,21.777454,38.7369,10.0
PHX,2006-05-01,99.0,69.0,0.0,5.967963,103.22575,8.23862,16.946873,31.9178,12.0
PHX,2006-05-02,96.0,69.0,0.0,7.808564,294.51703,7.16053,13.2361145,25.2013,18.0
PHX,2006-05-03,95.0,69.0,0.0,8.982494,204.30083,7.08121,14.344014,25.5027,16.0
PHX,2006-05-04,93.0,65.0,0.0,8.763676,205.46596,7.57966,14.027725,24.7349,13.0
PHX,2006-05-05,87.0,65.0,0.0,6.8,262.7345,13.1618,19.33245,25.8487,14.0
PHX,2006-05-06,91.0,67.0,0.0,5.767386,122.1366,11.94,20.078068,33.1863,10.0
PHX,2006-05-07,94.0,67.0,0.0,6.0,260.22076,9.05237,18.087233,35.8667,9.0
PHX,2006-05-08,95.0,69.0,0.0,6.6270022,262.46643,7.1267,17.144493,28.4858,15.0
PHX,2006-05-09,94.0,69.0,0.0,5.225383,286.80533,10.191519,16.34156,31.9178,10.0
PHX,2006-05-10,99.0,70.0,0.0,4.061008,109.62479,8.147733,16.271778,32.2316,8.0
PHX,2006-05-11,100.0,73.0,0.0,5.225383,174.87296,6.66773,15.237279,31.432367,10.0
PHX,2006-05-12,100.0,71.0,0.0,5.034325,301.40646,5.83273,12.902776,26.7627,10.0
PHX,2006-05-13,101.0,73.0,0.0,6.7439823,196.76544,6.98055,12.782438,19.7241,11.0
PHX,2006-05-14,105.0,74.0,0.0,6.209068,272.27106,4.91894,13.18711,30.53587,14.0
PHX,2006-05-15,101.0,74.0,0.0,6.2613907,217.26341,6.72327,12.346191,24.4392,9.0
PHX,2006-05-16,104.0,76.0,0.0001,8.725367,76.7082,12.3942,20.62,31.2691,22.0
PHX,2006-05-17,104.0,78.0,0.0,7.050378,82.76289,10.997,21.254457,36.5068,16.0
PHX,2006-05-18,104.0,77.0,0.0,7.7254004,260.91214,8.10844,16.829376,35.9809,12.0
PHX,2006-05-19,105.0,78.0,0.0,6.8938994,253.43733,7.99946,14.24474,26.8905,14.0
PHX,2006-05-20,105.0,78.0,0.0,5.512035,267.97345,7.26548,13.383366,27.8098,11.0
PHX,2006-05-21,105.0,78.0,0.0,8.721372,161.16261,6.79365,12.329406,22.0964,18.0
PHX,2006-05-22,84.0,73.0,0.0,10.640732,250.23885,10.4795,22.418055,38.1775,31.0
PHX,2006-05-23,92.0,66.0,0.0,3.7427056,263.7472,10.6035,21.402847,38.7369,9.0
PHX,2006-05-24,102.0,71.0,0.0,4.7556677,194.56572,7.41255,15.239536,30.4949,8.0
PHX,2006-05-25,103.0,74.0,0.0,7.231738,303.77853,6.05403,13.861136,25.1968,14.0
PHX,2006-05-26,103.0,76.0,0.0,8.446389,174.6395,4.86114,12.243883,22.6042,17.0
PHX,2006-05-27,96.0,72.0,0.0,10.450766,214.11432,9.36189,14.760857,19.4544,20.0
PHX,2006-05-28,88.0,70.0,0.0,9.294964,264.55762,4.44606,16.639812,42.1727,13.0
PHX,2006-05-29,92.0,65.0,0.0,5.763224,234.92715,5.35428,9.921896,25.6821,13.0
PHX,2006-05-30,97.0,68.0,0.0,4.239808,245.309,3.72393,10.282719,26.1538,8.0
PHX,2006-05-31,102.0,70.0,0.0,4.678657,248.66312,3.89145,10.551048,22.3195,8.0
PHX,2006-06-01,108.0,73.0,0.0,4.37931,113.52929,3.38774,9.219418,19.4544,10.0
PHX,2006-06-02,110.0,80.0,0.0,6.726619,128.3471,6.29269,11.956658,20.3893,16.0
PHX,2006-06-03,112.0,83.0,0.0,5.5541563,150.50282,6.12996,14.693716,26.5477,9.0
PHX,2006-06-04,112.0,83.0,0.0,8.6018305,264.808,5.78088,12.443477,22.8221,17.0
PHX,2006-06-05,108.0,84.0,0.0,9.549234,269.94028,8.81008,16.594883,26.6823,17.0
PHX,2006-06-06,105.0,86.0,0.0,8.91612,237.44128,12.7291,20.106462,27.8317,25.0
PHX,2006-06-07,106.0,82.0,0.0001,8.426859,117.79208,13.8523,25.380331,42.7959,17.0
PHX,2006-06-08,106.0,81.0,0.0,7.582057,196.36632,11.9083,23.252028,47.2297,12.0
PHX,2006-06-09,105.0,81.0,0.0,8.150985,243.24762,8.26515,14.778434,27.1903,17.0
PHX,2006-06-10,104.0,78.0,0.0,6.2691464,159.76645,6.40206,12.120264,24.1923,10.0
PHX,2006-06-11,107.0,76.0,0.0,6.5949655,210.29156,2.25253,8.759761,23.881,14.0
PHX,2006-06-12,107.0,74.0,0.0,7.6827135,181.13182,2.72211,8.593536,20.8894,14.0
PHX,2006-06-13,111.0,79.0,0.0,6.6120906,222.02838,6.48368,10.265654,16.9401,17.0
PHX,2006-06-14,106.0,84.0,0.0,7.8249454,269.48697,3.97703,9.877162,19.6898,14.0
PHX,2006-06-15,101.0,76.0,0.0,8.66302,242.07047,7.21255,12.473674,26.4048,19.0
PHX,2006-06-16,102.0,77.0,0.0,6.1132073,243.2048,6.79365,11.835316,21.0457,13.0
PHX,2006-06-17,106.0,77.0,0.0,5.3980813,278.72574,6.5172,13.066315,22.5449,11.0
PHX,2006-06-18,109.0,80.0,0.0,5.037783,237.2213,5.58933,13.425453,26.0893,12.0
PHX,2006-06-19,109.0,84.0,0.0,7.9040766,269.25537,8.26515,15.238999,25.7904,17.0
PHX,2006-06-20,108.0,83.0,0.0,6.4962215,274.63266,7.22781,14.185557,24.7549,11.0
PHX,2006-06-21,107.0,82.0,0.0,5.5034323,275.32687,5.78244,15.434387,25.4818,13.0
PHX,2006-06-22,108.0,83.0,0.0,6.221968,245.47809,8.84454,19.451075,33.1976,10.0
PHX,2006-06-23,110.0,86.0,0.0,8.656455,262.84528,8.71021,18.674707,32.6684,17.0
PHX,2006-06-24,108.0,87.0,0.0,5.204244,97.950645,11.5956,18.349623,25.9351,9.0
PHX,2006-06-25,113.0,89.0,0.0,7.104123,140.06122,9.59875,17.223951,28.2235,35.0
PHX,2006-06-26,107.0,86.0,0.0,8.15869,108.88112,12.5105,23.487804,37.3812,17.0
PHX,2006-06-27,107.0,84.0,0.0,9.236775,83.06108,15.4116,24.121595,35.6434,21.0
PHX,2006-06-28,106.0,84.0,0.0,5.6700253,178.59042,13.2961,26.434357,44.4503,11.0
PHX,2006-06-29,106.0,86.0,0.0,7.7963386,19.709068,16.5948,27.471025,43.2333,16.0
PHX,2006-06-30,108.0,87.0,0.0,8.474107,264.7913,14.5611,25.034494,37.3055,25.0
PHX,2006-07-01,110.0,87.0,0.0,6.1234255,238.8923,14.3057,23.079618,36.1159,14.0
PHX,2006-07-02,103.0,90.0,0.0001,9.27673,278.30588,20.3736,25.968801,33.564,15.0
PHX,2006-07-03,106.0,89.0,0.0,7.851153,251.53113,16.2893,26.107746,34.2222,15.0
PHX,2006-07-04,106.0,89.0,0.0001,9.196207,274.21133,18.8376,26.278088,34.1129,14.0
PHX,2006-07-05,96.0,76.0,0.04,8.577138,219.91904,27.1038,53.50438,79.3669,26.0
PHX,2006-07-06,104.0,81.0,0.0,5.5247903,106.39638,23.5183,37.94992,58.08,11.0
PHX,2006-07-07,99.0,85.0,0.0,10.08805,69.49887,21.6184,34.0507,44.5858,19.0
PHX,2006-07-08,105.0,83.0,0.0,4.9915967,89.554596,18.4416,32.75654,50.9659,8.0
PHX,2006-07-09,110.0,87.0,0.0,6.733813,183.6942,12.5105,23.13984,37.6857,11.0
PHX,2006-07-10,108.0,88.0,0.0,6.1061006,269.16534,12.8478,20.779774,30.388,10.0
PHX,2006-07-11,111.0,88.0,0.0,6.5864334,260.33566,10.1671,17.789864,27.4345,12.0
PHX,2006-07-12,110.0,91.0,0.0,7.726619,262.86948,14.8907,22.15337,32.0092,13.0
PHX,2006-07-13,113.0,93.0,0.0,8.6018305,259.7659,13.9358,21.80418,34.524,15.0
PHX,2006-07-14,114.0,92.0,0.0,6.138365,271.89044,9.49766,21.90323,35.704426,14.0
PHX,2006-07-15,113.0,94.0,0.0,8.191831,281.11798,12.6401,22.76289,31.2875,22.0
PHX,2006-07-16,109.0,87.0,0.0,5.8285923,289.03458,16.3129,30.066313,51.8344,15.0
PHX,2006-07-17,106.0,85.0,0.0,5.7639256,224.74095,19.988314,33.47279,55.0443,12.0
PHX,2006-07-18,113.0,92.0,0.0,7.4468427,185.63144,15.1228,25.858488,39.7697,20.0
PHX,2006-07-19,112.0,91.0,0.0,7.115869,101.06664,14.1817,21.799057,30.9885,12.0
PHX,2006-07-20,109.0,92.0,0.0001,10.737946,338.43433,15.8878,23.937922,35.7044,16.0
PHX,2006-07-21,118.0,89.0,0.0001,7.7665825,11.659882,9.10959,21.942581,35.4019,30.0
PHX,2006-07-22,116.0,95.0,0.0,8.371702,81.34566,10.198,15.840998,24.3952,15.0
PHX,2006-07-23,114.0,91.0,0.0001,5.190779,95.8751,11.3424,17.484472,38.4517,29.0
PHX,2006-07-24,114.0,90.0,0.0001,7.2985506,75.88916,13.6976,23.285587,38.1537,17.0
PHX,2006-07-25,108.0,77.0,1.04,8.836973,269.00452,20.5019,35.562153,100.0,36.0
PHX,2006-07-26,98.0,77.0,0.09,9.3981695,252.7667,35.1241,57.216072,97.0782,14.0
PHX,2006-07-27,95.0,77.0,0.02,10.83524,170.51295,44.9219,57.704834,87.1241,19.0
PHX,2006-07-28,97.0,82.0,0.0001,7.2056894,133.62852,38.7546,53.02216,67.05904,14.0
PHX,2006-07-29,97.0,82.0,0.0,7.463895,169.8914,32.661438,47.370613,69.4343,12.0
PHX,2006-07-30,94.0,76.0,0.1,7.0160184,97.130775,38.4548,60.50356,90.8013,18.0
PHX,2006-07-31,98.0,83.0,0.0,5.5395684,118.85263,31.7087,45.78924,63.0313,11.0
PHX,2006-08-01,100.0,82.0,0.0,8.372997,200.40865,22.7848,35.69648,50.9659,13.0
PHX,2006-08-02,102.0,85.0,0.0,4.397759,313.81943,20.0967,29.535887,40.442654,10.0
PHX,2006-08-03,103.0,85.0,0.0,9.467626,168.48216,24.4469,36.015854,47.974,17.0
PHX,2006-08-04,97.0,82.0,0.0001,6.6354914,104.67493,25.322868,42.417366,60.2464,11.0
PHX,2006-08-05,103.0,81.0,0.0,6.040767,256.11295,13.5042,24.17057,42.4675,12.0
PHX,2006-08-06,107.0,83.0,0.0,3.02267,180.89268,12.8388,23.48398,42.2477,9.0
PHX,2006-08-07,108.0,89.0,0.0,8.237987,124.93526,20.5019,30.1689,42.3142,14.0
PHX,2006-08-08,107.0,87.0,0.0,7.2644835,97.922035,21.8777,33.99009,46.4831,15.0
PHX,2006-08-09,102.0,82.0,0.0,8.190438,192.86493,24.9621,38.180233,58.08,19.0
PHX,2006-08-10,105.0,86.0,0.0,6.676558,172.00865,23.9491,39.82643,51.7246,17.0
PHX,2006-08-11,104.0,73.0,0.54,8.225781,244.69408,26.9674,43.2276,100.0,30.0
PHX,2006-08-12,98.0,74.0,0.53,5.12928,100.17604,27.3949,58.223026,96.4461,10.0
PHX,2006-08-13,102.0,83.0,0.0,7.15869,105.65553,25.3753,41.97046,62.0291,13.0
PHX,2006-08-14,103.0,83.0,0.0,7.7130294,121.67051,19.5194,41.733585,56.7175,21.0
PHX,2006-08-15,97.0,83.0,0.0,5.9304557,125.52375,30.4229,44.483067,54.6256,10.0
PHX,2006-08-16,101.0,84.0,0.0,7.2288327,148.18373,25.9477,39.8924,58.3156,12.0
PHX,2006-08-17,102.0,83.0,0.0,5.3304157,173.3475,14.8096,35.479496,54.7986,9.0
PHX,2006-08-18,105.0,85.0,0.0,4.725441,128.92625,14.5653,25.81476,39.9714,9.0
PHX,2006-08-19,108.0,83.0,0.0,4.8140044,104.944595,11.122,24.739952,42.7696,14.0
PHX,2006-08-20,105.0,85.0,0.0,7.141876,112.43052,18.3253,28.888636,41.7143,13.0
PHX,2006-08-21,108.0,81.0,0.01,10.168766,84.69805,17.5227,34.782703,71.9184,33.0
PHX,2006-08-22,97.0,78.0,0.17,5.7600293,90.37158,31.4116,49.220135,88.8267,13.0
PHX,2006-08-23,104.0,84.0,0.0,6.5163207,93.29443,24.7325,38.525013,53.2115,8.0
PHX,2006-08-24,93.0,76.0,0.01,7.8771,88.79979,32.0092,50.07803,83.3239,13.0
PHX,2006-08-25,99.0,79.0,0.0,6.450801,109.688484,30.4229,47.173244,69.7103,10.0
PHX,2006-08-26,103.0,81.0,0.0,5.8052516,151.08948,17.8384,36.779774,56.2428,11.0
PHX,2006-08-27,105.0,81.0,0.0,4.8992443,90.33763,9.15773,27.721184,52.6554,9.0
PHX,2006-08-28,108.0,78.0,0.0,4.9304557,110.71284,8.43891,19.379164,35.4033,8.0
PHX,2006-08-29,106.0,81.0,0.0,4.5225463,114.521286,14.1783,24.735151,34.1804,9.0
PHX,2006-08-30,105.0,84.0,0.0001,4.9133472,92.2514,22.1634,33.348904,49.6623,11.0
PHX,2006-08-31,105.0,84.0,0.0,5.8375287,109.131615,20.6291,34.49934,52.7537,13.0
PHX,2006-09-01,107.0,85.0,0.0,4.8060455,239.24663,14.9254,26.371685,44.748,9.0
PHX,2006-09-02,104.0,75.0,0.45,7.489867,128.84224,26.2453,43.734703,100.0,24.0
PHX,2006-09-03,95.0,74.0,0.0001,8.646834,114.63325,32.517,54.04698,84.8003,15.0
PHX,2006-09-04,97.0,79.0,0.0,8.405311,91.39808,29.2725,44.659462,62.1581,17.0
PHX,2006-09-05,99.0,82.0,0.0,7.7185354,109.79784,26.5069,41.540646,52.9345,14.0
PHX,2006-09-06,99.0,80.0,0.0,5.1962867,122.1915,26.0744,37.834717,56.2428,9.0
PHX,2006-09-07,91.0,75.0,0.0001,7.5639415,99.85202,30.3518,51.415558,75.9253,17.0
PHX,2006-09-08,93.0,73.0,0.01,5.599542,194.8424,29.9639,49.298786,75.7509,11.0
PHX,2006-09-09,88.0,71.0,0.32,5.7592998,68.44045,38.7784,54.910374,90.14,14.0
PHX,2006-09-10,96.0,75.0,0.0,4.7355165,353.75314,20.9324,42.736343,68.7828,10.0
PHX,2006-09-11,101.0,78.0,0.0,3.705036,132.41075,18.2505,32.5435,51.2122,9.0
PHX,2006-09-12,99.0,81.0,0.0,8.167715,133.283,19.8426,31.714493,47.3902,16.0
PHX,2006-09-13,97.0,79.0,0.0,6.950384,100.08411,25.219,35.817513,50.3941,15.0
PHX,2006-09-14,100.0,78.0,0.0001,9.457704,155.16231,18.5452,35.280685,53.9508,19.0
PHX,2006-09-15,94.0,76.0,0.0,8.814004,173.21764,17.2829,30.596367,51.9108,16.0
PHX,2006-09-16,90.0,71.0,0.0,5.29471,230.16139,17.955,28.65739,42.6003,11.0
PHX,2006-09-17,92.0,69.0,0.0,4.6338673,250.39586,12.5051,19.535612,28.6264,9.0
PHX,2006-09-18,94.0,72.0,0.0,5.2717085,99.02681,12.0519,19.796587,36.9837,10.0
PHX,2006-09-19,98.0,72.0,0.0,5.323741,146.70866,11.9647,20.96977,31.4324,9.0
PHX,2006-09-20,94.0,76.0,0.0,9.363238,236.52856,10.0478,23.478136,33.3361,19.0
PHX,2006-09-21,91.0,67.0,0.0,5.8633094,242.03957,7.92346,14.671267,24.125,11.0
PHX,2006-09-22,91.0,69.0,0.0,8.288111,224.51567,17.0254,28.379812,47.5926,15.0
PHX,2006-09-23,89.0,69.0,0.0,4.7851458,265.27,10.9109,24.537395,42.6003,12.0
PHX,2006-09-24,94.0,69.0,0.0,3.375315,323.07547,13.7813,21.352085,32.2316,11.0
PHX,2006-09-25,99.0,75.0,0.0,4.130435,86.73645,16.3941,26.37738,38.5741,13.0
PHX,2006-09-26,102.0,77.0,0.0,4.7194242,133.98029,17.9487,27.139399,37.3835,9.0
PHX,2006-09-27,101.0,76.0,0.0,4.588101,240.82596,10.4114,23.89248,46.4948,10.0
PHX,2006-09-28,102.0,73.0,0.0,4.2888403,101.44877,5.4939733,18.602262,34.302,9.0
PHX,2006-09-29,99.0,72.0,0.0,4.628931,116.69093,6.34394,16.36922,27.2319,7.0
PHX,2006-09-30,101.0,72.0,0.0,5.0,101.058556,8.185272,16.693039,28.2353,8.0
PHX,2006-10-01,101.0,73.0,0.0,5.392157,109.34645,12.1789,19.383194,26.9284,9.0
PHX,2006-10-02,100.0,75.0,0.0,6.340961,113.37798,15.1952,24.701641,32.1986,16.0
PHX,2006-10-03,99.0,76.0,0.0,5.7322655,105.107735,16.4162,27.75356,41.8013,9.0
PHX,2006-10-04,100.0,74.0,0.0,4.781182,96.646484,16.4162,27.235756,41.3834,10.0
PHX,2006-10-05,100.0,79.0,0.02,7.679944,109.87011,21.6184,38.853302,56.4515,17.0
PHX,2006-10-06,97.0,73.0,0.07,10.606061,181.95671,14.3671,40.294807,78.1907,22.0
PHX,2006-10-07,87.0,67.0,0.0,3.4796164,263.1637,13.7813,22.47466,45.0934,9.0
PHX,2006-10-08,90.0,65.0,0.02,6.66229,107.028984,19.5557,36.77053,65.4381,12.0
PHX,2006-10-09,85.0,66.0,0.0,6.4968553,160.17442,17.081,38.685146,67.6882,14.0
PHX,2006-10-10,87.0,64.0,0.0,5.5910363,100.83775,16.1354,31.055,51.9315,9.0
PHX,2006-10-11,90.0,66.0,0.0,3.1435769,86.02402,14.6349,26.299652,41.6659,8.0
PHX,2006-10-12,92.0,64.0,0.0,2.877698,102.410416,12.8195,25.372564,43.2615,9.0
PHX,2006-10-13,93.0,70.0,0.03,6.7002287,108.84603,15.7676,29.648962,63.9366,14.0
PHX,2006-10-14,80.0,64.0,0.08,8.044241,257.34326,27.3697,50.513012,78.4937,15.0
PHX,2006-10-15,78.0,62.0,0.0,4.581236,278.93488,27.3697,39.787094,55.6753,10.0
PHX,2006-10-16,83.0,59.0,0.0,5.471396,96.88413,21.6084,37.393997,57.8443,8.0
PHX,2006-10-17,80.0,64.0,0.0,9.41247,227.13887,21.1736,37.02154,55.2162,18.0
PHX,2006-10-18,79.0,60.0,0.0,5.1441646,139.01163,15.7111,32.012363,53.1504,12.0
PHX,2006-10-19,80.0,58.0,0.0,4.2016807,47.179638,10.5501,22.192286,41.1786,11.0
PHX,2006-10-20,85.0,57.0,0.0,4.1435766,110.163795,11.506,23.258879,40.2213,7.0
PHX,2006-10-21,87.0,59.0,0.0,4.1962867,106.202,13.2869,24.824911,36.0433,7.0
PHX,2006-10-22,88.0,61.0,0.0,2.1684902,16.94407,8.91739,22.06525,42.6487,7.0
PHX,2006-10-23,89.0,63.0,0.0,3.6864989,201.62778,16.2166,26.33877,39.7501,12.0
PHX,2006-10-24,82.0,71.0,0.0001,5.9080963,261.2982,34.302,49.80466,68.2518,14.0
PHX,2006-10-25,83.0,66.0,0.0,4.6933637,268.19135,26.7627,54.925694,78.0839,12.0
PHX,2006-10-26,78.0,60.0,0.0,6.2951946,333.88895,8.3,14.33097,23.3936,10.0
PHX,2006-10-27,82.0,56.0,0.0,4.2885156,357.61395,10.8676,20.693542,34.4108,9.0
PHX,2006-10-28,89.0,59.0,0.0,5.2173915,82.38593,9.60309,21.509953,37.4597,17.0
PHX,2006-10-29,80.0,62.0,0.0,4.2288327,105.99713,14.7167,24.899757,35.5486,8.0
PHX,2006-10-30,82.0,56.0,0.0,4.186398,87.70314,18.8887,31.446848,42.1428,10.0
PHX,2006-10-31,83.0,58.0,0.0,4.7643023,103.17796,11.8342,28.212032,42.1428,8.0
PHX,2006-11-01,82.0,56.0,0.0,3.8443935,80.57684,12.7059,24.375336,40.7458,8.0
PHX,2006-11-02,84.0,56.0,0.0,3.4192872,67.98933,11.4752,24.336458,37.2837,6.0
PHX,2006-11-03,86.0,56.0,0.0,3.0196936,106.67765,13.0578,24.742168,37.28366,6.0
PHX,2006-11-04,85.0,58.0,0.0,4.5034323,106.958115,12.9333,27.011183,43.6749,8.0
PHX,2006-11-05,85.0,57.0,0.0,2.8297362,250.49811,12.4901,26.967833,42.1428,7.0
PHX,2006-11-06,87.0,58.0,0.0,3.0196936,338.49515,10.7978,22.39184,38.0059,7.0
PHX,2006-11-07,90.0,61.0,0.0,2.8197064,161.97343,14.7654,25.763784,36.3556,6.0
PHX,2006-11-08,88.0,61.0,0.0,4.6226416,99.672485,14.5263,28.919796,42.8201,10.0
PHX,2006-11-09,85.0,60.0,0.0,5.484277,88.45147,14.6852,27.880787,42.3332,10.0
PHX,2006-11-10,84.0,58.0,0.0,3.8790932,90.793755,10.0878,25.68726,46.368,9.0
PHX,2006-11-11,80.0,57.0,0.0,3.7484276,208.96283,14.9587,21.141815,31.9974,8.0
PHX,2006-11-12,77.0,60.0,0.0001,4.9934354,255.36311,16.4252,25.0146,38.419838,9.0
PHX,2006-11-13,75.0,54.0,0.0,3.4324942,98.023384,18.1909,32.206173,48.6477,8.0
PHX,2006-11-14,76.0,53.0,0.0,5.050378,74.33058,17.6649,30.475319,41.2004,9.0
PHX,2006-11-15,80.0,52.0,0.0,5.787746,44.165337,4.9930887,18.068697,38.9387,13.0
PHX,2006-11-16,82.0,52.0,0.0,2.3981693,72.8288,6.54504,16.711273,30.7111,10.0
PHX,2006-11-17,82.0,53.0,0.0,3.6978416,99.83112,6.67036,18.811876,31.3562,7.0
PHX,2006-11-18,83.0,53.0,0.0,3.737418,111.47353,8.76682,20.77033,34.0126,6.0
PHX,2006-11-19,88.0,54.0,0.0,4.1509433,66.91096,8.69849,21.330029,38.5117,13.0
PHX,2006-11-20,89.0,55.0,0.0,5.1320753,104.70998,10.6035,23.254375,41.6969,11.0
PHX,2006-11-21,87.0,61.0,0.0,4.3135014,118.06043,13.7813,25.91317,38.4198,8.0
PHX,2006-11-22,83.0,58.0,0.0,3.501094,101.02319,17.081,30.548052,42.1428,8.0
PHX,2006-11-23,79.0,55.0,0.0,3.1970649,100.77051,17.80952,32.307472,44.7982,8.0
PHX,2006-11-24,77.0,54.0,0.0,3.5639412,90.80068,18.4603,33.561703,48.9547,9.0
PHX,2006-11-25,75.0,51.0,0.0,4.3069544,85.70865,25.5221,39.68249,52.4035,9.0
PHX,2006-11-26,72.0,52.0,0.0,4.5059953,82.20456,25.5027,40.780506,56.863018,9.0
PHX,2006-11-27,69.0,50.0,0.0,5.306346,140.98895,28.3169,41.100163,52.4035,10.0
PHX,2006-11-28,65.0,53.0,0.0,5.767386,217.4241,37.6865,46.20788,61.4135,9.0
PHX,2006-11-29,58.0,45.0,0.0,10.5702305,322.62128,8.68881,25.3329,54.08512,18.0
PHX,2006-11-30,55.0,36.0,0.0,4.5185995,312.5462,8.85417,14.464994,22.598,9.0
PHX,2006-12-01,65.0,38.0,0.0,1.9928057,259.86548,9.11634,19.853498,32.6984,6.0
PHX,2006-12-02,68.0,40.0,0.0,4.0,40.322254,11.6732,24.152803,42.5076,12.0
PHX,2006-12-03,68.0,40.0,0.0,7.9643607,42.14715,6.45837,14.137806,30.645182,14.0
PHX,2006-12-04,71.0,51.0,0.0,9.155136,70.63524,7.02722,13.803819,22.7535,17.0
PHX,2006-12-05,74.0,44.0,0.0,3.7735848,100.68435,9.18951,19.53624,37.0274,12.0
PHX,2006-12-06,74.0,43.0,0.0,2.4244604,253.04141,9.47202,22.88468,36.8472,7.0
PHX,2006-12-07,79.0,46.0,0.0,8.217391,68.48764,8.73593,21.041426,40.5517,16.0
PHX,2006-12-08,73.0,52.0,0.0,7.0649896,92.81273,16.625828,24.89367,38.5117,13.0
PHX,2006-12-09,74.0,51.0,0.0,3.9098532,112.26069,23.8496,38.26763,48.9547,9.0
PHX,2006-12-10,69.0,46.0,0.0,7.419287,210.66548,22.2622,41.67743,55.8528,16.0
PHX,2006-12-11,66.0,44.0,0.0,3.8896883,107.95392,21.9702,43.33012,62.8737,8.0
PHX,2006-12-12,67.0,42.0,0.0,2.5812356,115.01485,18.4766,36.681858,57.3458,6.0
PHX,2006-12-13,68.0,41.0,0.0,3.7529976,85.17566,16.6093,33.241966,53.0317,8.0
PHX,2006-12-14,71.0,46.0,0.0,3.659039,98.702515,18.3292,33.748226,47.3643,8.0
PHX,2006-12-15,73.0,48.0,0.0,4.371069,99.86453,19.1781,35.49063,49.6376,9.0
PHX,2006-12-16,73.0,49.0,0.0,5.3304157,91.816574,19.4469,36.779106,49.8057,8.0
PHX,2006-12-17,61.0,51.0,0.0001,6.249453,266.04294,21.7618,39.05528,66.753426,11.0
PHX,2006-12-18,60.0,49.0,0.0,5.119497,269.26605,22.778122,29.094559,34.7153,9.0
PHX,2006-12-19,56.0,41.0,0.0,5.251572,232.63225,27.0151,43.661438,62.038,12.0
PHX,2006-12-20,54.0,36.0,0.0,4.4050345,114.84979,29.7151,47.73042,67.2085,8.0
PHX,2006-12-21,56.0,36.0,0.0,4.071279,93.27295,28.3934,45.62923,66.9665,7.0
PHX,2006-12-22,50.0,40.0,0.26,4.3873086,106.35039,37.3567,66.94847,95.8959,11.0
PHX,2006-12-23,57.0,35.0,0.0,4.2243185,103.10686,50.8821,82.71174,100.0,8.0
PHX,2006-12-24,63.0,39.0,0.0,3.4842768,80.1256,30.7976,64.571594,89.3374,7.0
PHX,2006-12-25,68.0,38.0,0.0,1.8448638,220.6045,10.1845,48.78886,85.67097,5.0
PHX,2006-12-26,70.0,42.0,0.0,4.1830664,99.077644,11.2462,33.18308,54.7283,8.0
PHX,2006-12-27,63.0,48.0,0.0001,6.784067,123.35721,18.6259,41.609364,58.4942,13.0
PHX,2006-12-28,53.0,46.0,0.03,4.9313307,145.16995,63.2187,71.307434,89.6486,8.0
PHX,2006-12-29,56.0,44.0,0.05,2.4439359,229.90558,52.9087,76.42863,93.3985,6.0
PHX,2006-12-30,59.0,40.0,0.0,4.1007557,96.68175,42.1428,68.856705,92.5558,7.0
PHX,2006-12-31,62.0,40.0,0.0,2.9084668,97.59498,31.9974,60.09582,85.67097,6.0
PHX,2007-01-01,63.0,42.0,0.0,1.9862701,135.13179,29.69264,55.91725,79.37697,7.0
PHX,2007-01-02,73.0,42.0,0.0,3.5886214,302.5323,20.802872,45.16508,76.2459,9.0
PHX,2007-01-03,69.0,45.0,0.0,4.1441646,103.61607,23.107508,41.96387,62.87371,8.0
PHX,2007-01-04,70.0,44.0,0.0,4.2677345,100.31562,21.451498,42.948063,58.33212,9.0
PHX,2007-01-05,63.0,46.0,0.0001,7.6849017,272.61484,24.9312,47.602043,63.4719,18.0
PHX,2007-01-06,62.0,41.0,0.0,5.802935,293.3546,9.87736,20.709003,44.13682,9.0
PHX,2007-01-07,67.0,39.0,0.0,3.4724221,9.294255,13.140514,27.74727,45.9093,8.0
PHX,2007-01-08,75.0,43.0,0.0,2.8169336,4.0089664,10.024072,23.558495,43.0152,8.0
PHX,2007-01-09,78.0,52.0,0.0,7.821803,75.619736,10.375397,18.870054,35.04853,14.0
PHX,2007-01-10,70.0,51.0,0.0,4.1090145,105.1441,16.625828,27.648912,44.4811,8.0
PHX,2007-01-11,75.0,49.0,0.0,6.1378555,119.04991,18.185493,35.41668,50.278248,9.0
PHX,2007-01-12,58.0,47.0,0.0001,8.685631,257.31287,25.5639,46.610703,65.4756,16.0
PHX,2007-01-13,49.0,35.0,0.0,9.5450735,275.94302,13.3103485,22.000978,32.199997,15.0
PHX,2007-01-14,46.0,29.0,0.0,3.5131896,54.931686,16.96063,28.466778,44.584694,7.0
PHX,2007-01-15,56.0,29.0,0.0,3.7735848,359.4714,10.449847,27.487501,53.12543,13.0
PHX,2007-01-16,59.0,34.0,0.0,6.8155136,58.02829,13.9875,24.367386,37.8572,19.0
PHX,2007-01-17,62.0,38.0,0.0,6.0743403,75.8013,22.051134,32.413494,48.066723,12.0
PHX,2007-01-18,70.0,41.0,0.0,6.5828094,75.4826,17.254177,34.18036,52.563404,17.0
PHX,2007-01-19,52.0,44.0,0.25,4.9308176,263.65872,30.210068,68.876724,92.74888,12.0
PHX,2007-01-20,52.0,42.0,0.0001,3.9431071,102.71364,56.051353,77.35389,92.68724,7.0
PHX,2007-01-21,49.0,38.0,0.21,5.8446603,66.74544,56.74297,79.995964,89.24721,21.0
PHX,2007-01-22,57.0,38.0,0.0,3.6613271,141.63045,38.335285,66.97693,89.24721,8.0
PHX,2007-01-23,62.0,36.0,0.0,2.6544623,104.4377,20.274216,54.10649,85.60648,9.0
PHX,2007-01-24,68.0,40.0,0.0,4.0579343,95.79664,19.616613,46.747337,75.876076,7.0
PHX,2007-01-25,72.0,42.0,0.0,6.0457664,102.98015,16.625828,39.0481,75.97773,11.0
PHX,2007-01-26,65.0,44.0,0.0,4.2288327,94.52639,30.0083,49.748596,68.278625,7.0
PHX,2007-01-27,68.0,45.0,0.0,5.2295957,97.83103,24.1385,46.15785,68.04732,8.0
PHX,2007-01-28,71.0,46.0,0.0,3.7122302,100.39747,19.896837,39.90963,70.7384,9.0
PHX,2007-01-29,74.0,47.0,0.0,2.4244604,117.748215,18.601465,39.584095,66.0446,7.0
PHX,2007-01-30,60.0,52.0,0.03,7.1257863,104.19967,44.481102,65.35314,89.2615,14.0
PHX,2007-01-31,57.0,48.0,0.0001,7.013976,122.60215,63.722855,79.03946,89.22145,21.0
PHX,2007-02-01,61.0,45.0,0.0,5.9161425,231.76135,40.542057,62.310467,86.01819,13.0
PHX,2007-02-02,62.0,43.0,0.0,3.919037,88.225876,29.520138,52.04497,79.37697,8.0
PHX,2007-02-03,66.0,42.0,0.0,2.02407,77.92712,17.638279,44.25414,75.97773,6.0
PHX,2007-02-04,74.0,44.0,0.0,3.107221,89.006584,5.257496,36.655968,62.87371,8.0
PHX,2007-02-05,82.0,48.0,0.0,1.8764302,86.8761,13.288835,32.3616,58.34339,7.0
PHX,2007-02-06,83.0,53.0,0.0,4.0454545,100.67726,12.237622,28.498285,48.7756,10.0
PHX,2007-02-07,80.0,52.0,0.0,4.0293503,113.747,10.867632,29.482805,48.16,9.0
PHX,2007-02-08,79.0,50.0,0.0,3.2809224,109.7101,10.072249,27.612019,44.4811,9.0
PHX,2007-02-09,79.0,53.0,0.0,4.2745996,92.490036,14.605949,28.119371,43.03855,9.0
PHX,2007-02-10,78.0,54.0,0.0,4.693654,95.66151,20.889393,32.906826,52.4035,8.0
PHX,2007-02-11,74.0,56.0,0.02,5.6258206,99.917244,28.23534,53.73449,80.48589,15.0
PHX,2007-02-12,72.0,50.0,0.0,5.535469,82.365585,26.624449,56.2386,89.3093,8.0
PHX,2007-02-13,67.0,52.0,0.02,7.423778,233.53917,27.526237,49.391518,80.097855,15.0
PHX,2007-02-14,64.0,50.0,0.05,5.596977,308.5369,33.745087,51.00973,79.94239,27.0
PHX,2007-02-15,67.0,45.0,0.0,3.215103,120.909256,19.057146,48.36102,82.45489,6.0
PHX,2007-02-16,73.0,45.0,0.0,3.8369305,78.0969,18.601465,36.78321,60.47223,8.0
PHX,2007-02-17,82.0,49.0,0.0,7.754717,63.52862,8.044714,28.48976,60.88615,18.0
PHX,2007-02-18,77.0,60.0,0.0,5.474836,112.96797,13.19541,21.276533,29.8362,12.0
PHX,2007-02-19,64.0,48.0,0.31,8.253669,215.69112,23.377022,57.22982,92.83717,25.0
PHX,2007-02-20,64.0,48.0,0.0001,4.3291407,116.247215,45.73802,70.713356,89.73392,8.0
PHX,2007-02-21,70.0,46.0,0.0,3.4310722,91.92353,24.125013,55.568657,83.09279,9.0
PHX,2007-02-22,77.0,49.0,0.0,4.367575,150.21284,17.042122,44.052197,77.14099,9.0
PHX,2007-02-23,64.0,48.0,0.0,10.853392,253.78847,18.499226,33.582447,50.58127,19.0
PHX,2007-02-24,63.0,42.0,0.0,3.616307,269.74368,11.4679985,30.65474,52.729336,8.0
PHX,2007-02-25,67.0,42.0,0.0,5.1693363,92.478645,11.479468,26.39206,45.00724,11.0
PHX,2007-02-26,72.0,46.0,0.0,5.0547047,66.72431,22.548628,34.819828,47.38855,10.0
PHX,2007-02-27,74.0,48.0,0.0,9.97593,255.49252,12.893647,34.29302,58.609974,31.0
PHX,2007-02-28,62.0,48.0,0.0,9.905661,254.02672,11.540181,26.511608,42.015938,23.0
PHX,2007-03-01,64.0,40.0,0.0,4.768607,255.5027,12.069658,23.65704,42.8366,10.0
PHX,2007-03-02,66.0,41.0,0.0,4.928721,265.51508,10.8111,22.489197,44.3447,12.0
PHX,2007-03-03,67.0,48.0,0.0,7.3194747,60.051407,4.4830837,10.678441,28.894318,15.0
PHX,2007-03-04,74.0,50.0,0.0,10.434783,66.73444,5.24052,8.878376,17.493162,16.0
PHX,2007-03-05,76.0,51.0,0.0,4.5557985,88.913666,6.119021,12.924165,25.9628,9.0
PHX,2007-03-06,80.0,51.0,0.0,3.5450733,108.42369,6.5450354,15.460479,27.01512,9.0
PHX,2007-03-07,87.0,56.0,0.0,4.706499,78.8088,9.49744,18.030188,27.964571,9.0
PHX,2007-03-08,87.0,64.0,0.0,4.402516,244.81618,11.6907,20.519598,33.186295,10.0
PHX,2007-03-09,87.0,58.0,0.0,4.4965677,103.17216,9.54215,20.470758,37.28366,7.0
PHX,2007-03-10,86.0,58.0,0.0,4.556064,185.71962,9.029824,18.894484,31.6773,10.0
PHX,2007-03-11,87.0,56.0,0.0,3.4113786,70.55718,7.45561,18.288631,35.6913,9.0
PHX,2007-03-12,89.0,59.0,0.0,3.4324942,104.20271,8.40277,15.341243,26.200342,8.0
PHX,2007-03-13,91.0,60.0,0.0,6.275711,169.38582,7.701949,17.42373,31.8521,11.0
PHX,2007-03-14,91.0,59.0,0.0,5.245283,106.61532,7.411454,16.843245,34.3356,8.0
PHX,2007-03-15,92.0,61.0,0.0,4.9190373,123.66618,6.2788815,16.444979,34.908714,9.0
PHX,2007-03-16,99.0,63.0,0.0,4.4245076,96.1149,5.055344,14.722067,28.726662,8.0
PHX,2007-03-17,99.0,66.0,0.0,4.3828716,101.704575,6.583525,15.441597,26.624449,14.0
PHX,2007-03-18,94.0,65.0,0.0,6.6091127,122.03684,4.538562,14.174372,26.838552,11.0
PHX,2007-03-19,89.0,62.0,0.0,5.9124727,123.61916,7.53223,14.98105,22.515434,9.0
PHX,2007-03-20,88.0,60.0,0.0,6.1378555,117.186104,9.46227,18.515903,30.4796,13.0
PHX,2007-03-21,84.0,65.0,0.0,6.8369303,195.58931,13.916665,23.702028,54.0127,14.0
PHX,2007-03-22,75.0,54.0,0.8,10.878191,52.49068,35.94148,63.697662,93.59724,15.0
PHX,2007-03-23,68.0,54.0,0.03,4.692925,247.94048,48.6042,71.942314,93.64554,13.0
PHX,2007-03-24,72.0,56.0,0.0001,5.5313883,81.77381,37.8072,59.69238,83.69151,8.0
PHX,2007-03-25,82.0,56.0,0.0,4.1813602,263.0436,17.445765,46.090504,83.69151,10.0
PHX,2007-03-26,84.0,59.0,0.0,4.616307,107.78319,20.118223,37.98814,64.25731,9.0
PHX,2007-03-27,78.0,54.0,0.0,14.296995,248.57048,12.891285,33.418713,59.9887,31.0
PHX,2007-03-28,66.0,49.0,0.0,7.4965677,247.2005,13.011175,26.707636,47.849,16.0
PHX,2007-03-29,71.0,49.0,0.0,5.678657,88.878136,14.822669,28.449509,45.79459,10.0
PHX,2007-03-30,75.0,52.0,0.0,5.67374,250.3632,16.0291,34.886093,58.7689,13.0
PHX,2007-03-31,82.0,54.0,0.0,5.093199,111.435974,10.5819,25.878994,46.76862,9.0
PHX,2007-04-01,89.0,59.0,0.0,4.2929063,112.28383,8.198813,22.466578,40.42728,9.0
PHX,2007-04-02,90.0,60.0,0.0,7.006865,159.13222,7.624609,18.89952,36.516518,13.0
PHX,2007-04-03,92.0,62.0,0.0,4.6630197,88.21239,6.839984,17.70806,33.599724,8.0
PHX,2007-04-04,92.0,65.0,0.0,4.463895,139.64133,5.322444,17.044458,31.972324,10.0
PHX,2007-04-05,93.0,65.0,0.0,3.2056892,93.18563,7.795183,16.262526,26.624449,8.0
PHX,2007-04-06,94.0,65.0,0.0,5.215933,205.57552,5.4921556,16.436298,33.6111,14.0
PHX,2007-04-07,90.0,63.0,0.0,7.400438,186.37546,12.939638,19.663492,31.340347,12.0
PHX,2007-04-08,87.0,66.0,0.0,7.688787,250.62447,16.1354,27.315311,44.0605,19.0
PHX,2007-04-09,84.0,64.0,0.0,5.3676147,267.7992,26.2512,38.525974,53.7274,14.0
PHX,2007-04-10,85.0,64.0,0.0,7.343545,258.4981,18.01014,30.644167,48.165874,13.0
PHX,2007-04-11,87.0,64.0,0.0,9.201313,242.75385,10.797827,29.318832,54.222477,18.0
PHX,2007-04-12,79.0,54.0,0.07,11.905661,255.9637,14.605949,34.62374,74.0807,34.0
PHX,2007-04-13,78.0,49.0,0.08,5.147979,167.75523,17.795034,47.17372,87.3739,12.0
PHX,2007-04-14,85.0,58.0,0.0,4.461216,125.63091,8.548346,30.522375,61.931583,8.0
PHX,2007-04-15,78.0,59.0,0.0,10.526904,247.6684,10.128556,20.914547,36.18946,19.0
PHX,2007-04-16,71.0,56.0,0.01,6.5450735,269.9885,18.902231,31.429098,40.86118,20.0
PHX,2007-04-17,81.0,54.0,0.0,4.800959,184.2281,17.683199,35.730305,64.028885,8.0
PHX,2007-04-18,87.0,60.0,0.0,11.157895,240.09581,5.0538683,21.531412,49.2456,20.0
PHX,2007-04-19,80.0,55.0,0.0,5.1614256,281.21695,4.979759,11.315386,27.69599,12.0
PHX,2007-04-20,78.0,55.0,0.0,7.0482183,170.69627,12.254432,18.856953,27.964571,13.0
PHX,2007-04-21,69.0,51.0,0.05,5.8081536,250.7666,28.726662,51.093037,86.303276,14.0
PHX,2007-04-22,81.0,55.0,0.0,6.2997904,202.88148,12.283411,32.837753,63.722855,18.0
PHX,2007-04-23,76.0,63.0,0.0,8.075472,256.78888,18.902231,28.687675,39.4739,17.0
PHX,2007-04-24,86.0,57.0,0.0,5.3135014,197.76395,13.781322,28.08761,50.882122,12.0
PHX,2007-04-25,90.0,62.0,0.0,4.620137,116.64047,10.905151,22.926653,45.907,10.0
PHX,2007-04-26,92.0,65.0,0.0,4.1844864,85.480576,10.338518,20.736877,35.548645,9.0
PHX,2007-04-27,97.0,68.0,0.0,4.7529974,152.17311,9.238888,16.743105,30.808,8.0
PHX,2007-04-28,101.0,72.0,0.0001,7.236324,121.821045,9.71992,22.632107,45.87096,30.0
PHX,2007-04-29,95.0,71.0,0.0,4.8609114,122.03286,17.1676,27.055021,42.481915,11.0
PHX,2007-04-30,98.0,74.0,0.0,6.9824944,279.18774,11.335698,17.928585,34.237267,12.0
PHX,2007-05-01,90.0,75.0,0.0001,6.7679944,324.01953,15.834012,23.35068,34.5487,21.0
PHX,2007-05-02,94.0,70.0,0.0,5.2173915,234.45923,10.648389,26.20361,51.071697,14.0
PHX,2007-05-03,89.0,73.0,0.0,7.4691076,257.62793,8.94945,14.448923,22.8924,12.0
PHX,2007-05-04,86.0,67.0,0.0,9.773585,246.18332,9.83838,17.191628,24.1385,21.0
PHX,2007-05-05,81.0,63.0,0.0,12.532495,281.0151,7.88102,20.553705,38.10126,20.0
PHX,2007-05-06,83.0,59.0,0.0,3.7185354,265.43365,10.182765,16.625776,26.220545,8.0
PHX,2007-05-07,92.0,63.0,0.0,3.911271,52.56855,7.0757623,15.229374,28.76573,12.0
PHX,2007-05-08,96.0,69.0,0.0,6.131291,143.40933,9.542487,19.10622,34.485,18.0
PHX,2007-05-09,98.0,70.0,0.0,4.7254004,119.526535,6.6677346,18.488539,35.04244,9.0
PHX,2007-05-10,103.0,71.0,0.0,4.6708593,165.31277,5.2867565,14.139897,27.929062,9.0
PHX,2007-05-11,106.0,72.0,0.0,5.0765862,222.24059,4.9764733,12.513837,27.0664,10.0
PHX,2007-05-12,106.0,76.0,0.0,6.962801,263.33548,6.2536483,11.561749,21.810827,16.0
PHX,2007-05-13,102.0,74.0,0.0,5.692695,280.0377,5.975488,11.628998,23.297539,14.0
PHX,2007-05-14,102.0,74.0,0.0,6.1635222,278.39014,6.6677346,11.898395,24.451351,13.0
PHX,2007-05-15,101.0,74.0,0.0,6.2470026,193.56114,6.3439355,15.248371,23.4302,11.0
PHX,2007-05-16,99.0,76.0,0.0,6.9269524,83.89277,11.2645,20.832739,36.768383,19.0
PHX,2007-05-17,101.0,77.0,0.0,7.04814,313.9771,9.206597,22.143063,38.7434,12.0
PHX,2007-05-18,101.0,77.0,0.0,5.6980305,273.80133,6.42569,11.245287,19.296404,12.0
PHX,2007-05-19,101.0,76.0,0.0,5.033573,40.100304,8.8329935,15.785065,26.890524,12.0
PHX,2007-05-20,102.0,79.0,0.0,6.4897027,267.81726,5.552113,11.123002,16.682333,13.0
PHX,2007-05-21,96.0,74.0,0.0,9.013129,224.48811,6.39713,17.485958,29.012112,19.0
PHX,2007-05-22,93.0,71.0,0.0,8.402626,255.89822,12.0519,23.070463,34.54867,19.0
PHX,2007-05-23,89.0,70.0,0.0,4.1899314,263.49463,19.433908,27.442375,38.432755,8.0
PHX,2007-05-24,98.0,75.0,0.0,7.509284,64.798225,9.238888,16.48067,27.190342,13.0
PHX,2007-05-25,100.0,75.0,0.0,5.538784,264.70505,8.2363,16.17404,30.804089,14.0
PHX,2007-05-26,99.0,74.0,0.0,4.5185995,328.14893,8.80324,15.144144,28.23534,10.0
PHX,2007-05-27,100.0,74.0,0.0,4.512605,288.40103,7.75262,14.140917,27.231884,12.0
PHX,2007-05-28,100.0,72.0,0.0,6.35012,203.4356,6.75455,11.361422,22.027794,12.0
PHX,2007-05-29,99.0,72.0,0.0,4.6864986,265.84146,4.18647,9.319024,22.027794,11.0
PHX,2007-05-30,100.0,73.0,0.0,5.8992443,151.09964,4.6369,10.335591,22.31945,9.0
PHX,2007-05-31,101.0,73.0,0.0,5.215103,279.76138,5.8157315,11.0860405,23.005608,11.0
PHX,2007-06-01,104.0,75.0,0.0,6.628009,255.366,5.419236,11.59258,26.426239,12.0
PHX,2007-06-02,102.0,77.0,0.0,6.5828094,294.7389,7.9185495,12.823574,21.810827,12.0
PHX,2007-06-03,103.0,77.0,0.0,6.5059953,257.75528,6.79365,13.099937,25.494627,14.0
PHX,2007-06-04,108.0,78.0,0.0,5.8385744,249.98694,6.4268265,13.696195,23.881039,14.0
PHX,2007-06-05,108.0,80.0,0.0,8.413567,223.23825,5.663071,12.814228,24.172548,16.0
PHX,2007-06-06,91.0,77.0,0.0,12.800838,244.4694,4.57464,11.6293955,20.441935,19.0
PHX,2007-06-07,90.0,71.0,0.0,5.084668,273.63156,7.002188,13.855911,25.5027,9.0
PHX,2007-06-08,98.0,70.0,0.0,6.6544623,195.96042,8.198813,12.984606,22.554296,12.0
PHX,2007-06-09,102.0,75.0,0.0,5.8237987,269.89337,8.219534,14.046974,25.33221,13.0
PHX,2007-06-10,103.0,76.0,0.0,6.760192,269.30127,7.5775795,13.465148,25.33221,15.0
PHX,2007-06-11,96.0,79.0,0.0,9.218819,121.4522,13.8744,21.319687,32.362,17.0
PHX,2007-06-12,98.0,73.0,0.0,4.320366,138.65225,11.367698,24.756178,42.90837,9.0
PHX,2007-06-13,106.0,77.0,0.0,5.5919394,274.75272,7.912161,15.239663,28.707455,13.0
PHX,2007-06-14,110.0,80.0,0.0,5.6933637,259.7156,6.34609,12.241671,23.337599,14.0
PHX,2007-06-15,110.0,83.0,0.0,7.037199,277.96527,6.259362,11.482464,25.49635,13.0
PHX,2007-06-16,109.0,82.0,0.0,7.020595,250.17548,2.97769,10.9821205,23.337599,14.0
PHX,2007-06-17,108.0,80.0,0.0,6.7459955,213.59389,5.78244,10.467134,21.327,14.0
PHX,2007-06-18,108.0,79.0,0.0,7.480084,239.9762,5.2129345,11.1239,23.0495,17.0
PHX,2007-06-19,107.0,81.0,0.0,5.4737945,10.043474,7.0693264,13.745192,21.889843,11.0
PHX,2007-06-20,110.0,84.0,0.0,6.544858,269.7229,6.644381,11.21255,20.5425,14.0
PHX,2007-06-21,111.0,83.0,0.0,4.521739,286.3915,4.4853654,8.152599,15.721564,8.0
PHX,2007-06-22,111.0,81.0,0.0,4.7190776,259.96048,3.25657,9.60932,23.337599,11.0
PHX,2007-06-23,109.0,85.0,0.0,4.575668,284.59665,7.4125485,15.968871,28.9047,10.0
PHX,2007-06-24,109.0,82.0,0.0,4.7108755,258.71634,4.0472,9.670272,19.68976,9.0
PHX,2007-06-25,109.0,82.0,0.0,3.3203661,118.07168,5.78244,10.052952,21.608385,8.0
PHX,2007-06-26,112.0,84.0,0.0,4.9895177,266.08688,5.2769012,10.8946905,20.5425,12.0
PHX,2007-06-27,110.0,86.0,0.0,6.318302,290.7297,7.912161,12.952616,22.3249,16.0
PHX,2007-06-28,111.0,85.0,0.0,5.6338673,293.5518,7.24892,14.072144,26.84373,13.0
PHX,2007-06-29,110.0,84.0,0.0,5.1798563,262.14886,5.8012238,11.977599,23.920296,13.0
PHX,2007-06-30,111.0,84.0,0.0,6.105263,282.6828,2.731317,8.897122,20.3927,13.0
PHX,2007-07-01,113.0,83.0,0.0,6.174004,264.217,3.7604277,9.79233,21.265436,14.0
PHX,2007-07-02,112.0,85.0,0.0,6.4244604,274.2656,5.0454273,14.619049,27.788446,13.0
PHX,2007-07-03,113.0,85.0,0.0,5.1750546,258.50522,5.5729866,15.186908,27.7639,11.0
PHX,2007-07-04,116.0,83.0,0.0,6.1784897,278.23843,4.03492,12.55734,26.682293,15.0
PHX,2007-07-05,115.0,88.0,0.0,6.5408807,130.10965,5.2433624,12.329719,18.4963,13.0
PHX,2007-07-06,113.0,93.0,0.0001,8.893974,120.611176,10.3259,16.367638,33.57382,28.0
PHX,2007-07-07,112.0,91.0,0.0,7.088257,273.05603,12.426974,20.514275,33.437206,17.0
PHX,2007-07-08,107.0,89.0,0.0,9.784067,259.90796,17.294163,25.687408,36.793076,14.0
PHX,2007-07-09,106.0,88.0,0.0,8.405034,273.29327,17.2734,24.850706,35.09822,16.0
PHX,2007-07-10,103.0,89.0,0.0,6.203837,278.68668,18.79821,25.463835,32.6203,13.0
PHX,2007-07-11,108.0,89.0,0.0001,6.993605,236.06955,16.7285,22.679749,35.0367,12.0
PHX,2007-07-12,111.0,91.0,0.0,7.881838,239.06885,10.3259,15.747297,33.273003,13.0
PHX,2007-07-13,107.0,88.0,0.0,9.073376,271.12,11.545,21.512564,33.9195,17.0
PHX,2007-07-14,107.0,90.0,0.0001,10.417191,266.9127,16.071337,24.809975,37.988888,17.0
PHX,2007-07-15,110.0,92.0,0.0,6.0982366,273.6999,15.880946,21.70032,28.843185,14.0
PHX,2007-07-16,114.0,84.0,0.02,6.720061,108.76057,12.540935,24.13029,57.12462,25.0
PHX,2007-07-17,112.0,89.0,0.0001,4.8345323,260.0469,13.506089,26.472282,46.7745,9.0
PHX,2007-07-18,113.0,92.0,0.0,7.3676147,261.07303,10.553871,19.303003,32.009186,15.0
PHX,2007-07-19,109.0,80.0,0.0001,9.961057,246.10439,15.880946,25.545788,62.4018,32.0
PHX,2007-07-20,103.0,78.0,0.0001,7.7293944,254.32535,22.893475,37.974777,62.533913,19.0
PHX,2007-07-21,102.0,79.0,0.03,10.126621,172.54848,27.0983,45.541668,83.5503,22.0
PHX,2007-07-22,101.0,79.0,0.0001,6.403023,173.84048,26.9674,45.49084,71.72285,15.0
PHX,2007-07-23,104.0,85.0,0.0001,6.3752623,85.63323,25.6908,42.773712,56.98148,24.0
PHX,2007-07-24,95.0,81.0,0.0001,4.1575494,234.48276,38.4548,53.166714,74.247025,10.0
PHX,2007-07-25,98.0,82.0,0.01,6.3453236,197.69788,39.98219,56.24278,66.92626,24.0
PHX,2007-07-26,98.0,80.0,0.0,5.959233,246.19252,32.63537,54.57871,74.06516,16.0
PHX,2007-07-27,101.0,82.0,0.0,6.249453,282.60086,29.56697,44.31102,60.87137,13.0
PHX,2007-07-28,102.0,80.0,0.0001,6.5499635,143.8145,27.0983,48.871216,76.90336,23.0
PHX,2007-07-29,101.0,79.0,0.0,4.882494,119.53575,28.9286,47.380836,73.967064,8.0
PHX,2007-07-30,106.0,77.0,0.08,7.852662,102.80221,26.1847,47.22368,74.151726,21.0
PHX,2007-07-31,100.0,78.0,0.22,6.5125856,130.93436,30.7189,56.102833,87.2222,18.0
PHX,2007-08-01,98.0,80.0,0.0001,5.5141115,262.62332,37.32521,58.6799,74.151726,21.0
PHX,2007-08-02,102.0,81.0,0.0,3.938992,246.7354,28.154,46.16471,74.151726,10.0
PHX,2007-08-03,105.0,87.0,0.0001,6.521739,330.496,22.168303,33.763615,48.263123,12.0
PHX,2007-08-04,104.0,87.0,0.0001,7.6258206,141.56807,22.160694,36.89786,48.263123,20.0
PHX,2007-08-05,96.0,80.0,0.02,6.0649896,143.1542,34.824585,55.12045,76.90336,13.0
PHX,2007-08-06,90.0,80.0,0.01,4.479616,159.53569,46.642223,58.10813,66.92626,9.0
PHX,2007-08-07,101.0,80.0,0.0,4.2594457,249.75652,19.045174,39.829315,64.77119,9.0
PHX,2007-08-08,106.0,82.0,0.0,3.606127,62.458996,15.174514,25.31859,39.6666,8.0
PHX,2007-08-09,108.0,85.0,0.0,6.0,302.17682,14.078569,21.14048,35.9494,13.0
PHX,2007-08-10,104.0,87.0,0.0,5.4096107,269.82202,20.639368,30.035583,42.314247,12.0
PHX,2007-08-11,109.0,87.0,0.0,4.320366,160.50655,20.905321,34.32598,51.68251,7.0
PHX,2007-08-12,114.0,92.0,0.0,4.748111,281.40823,13.385775,24.436104,37.024742,11.0
PHX,2007-08-13,112.0,92.0,0.0001,6.935927,206.2212,16.0182,24.13358,38.7251,14.0
PHX,2007-08-14,108.0,79.0,0.04,5.9554996,231.21262,17.99514,36.80006,79.11601,19.0
PHX,2007-08-15,107.0,87.0,0.0,7.4911838,257.46127,19.34554,29.725132,46.6422,15.0
PHX,2007-08-16,110.0,88.0,0.0,6.1633844,92.993164,14.5057,27.511408,40.604004,25.0
PHX,2007-08-17,109.0,89.0,0.0,4.6475973,100.967705,14.533543,27.14628,41.918427,8.0
PHX,2007-08-18,111.0,89.0,0.0,4.6642685,255.11208,16.555084,24.606373,38.15369,9.0
PHX,2007-08-19,107.0,90.0,0.0,5.9134235,265.5979,21.352404,27.954042,41.3383,16.0
PHX,2007-08-20,106.0,88.0,0.0,6.957179,268.51718,20.639368,35.22865,51.83444,12.0
PHX,2007-08-21,110.0,91.0,0.0,7.052411,270.30176,15.880946,26.840475,42.2111,12.0
PHX,2007-08-22,109.0,88.0,0.0,5.2173915,255.86038,18.598293,25.983597,37.685726,11.0
PHX,2007-08-23,109.0,89.0,0.0,6.2268906,183.12949,19.605118,29.646738,40.74673,14.0
PHX,2007-08-24,108.0,90.0,0.0,5.8138824,187.74443,19.094267,31.052372,43.6661,13.0
PHX,2007-08-25,94.0,75.0,0.24,3.780176,158.48952,33.4372,51.376408,97.041534,13.0
PHX,2007-08-26,103.0,82.0,0.0,3.4782608,232.53658,24.446907,39.817955,60.73586,8.0
PHX,2007-08-27,108.0,87.0,0.0,5.013129,175.47551,17.522654,30.487999,48.263123,9.0
PHX,2007-08-28,111.0,87.0,0.0,5.2589927,128.5629,14.764447,27.411127,46.4831,10.0
PHX,2007-08-29,113.0,89.0,0.0001,6.596977,104.80467,13.6976,25.15527,41.918427,16.0
PHX,2007-08-30,111.0,91.0,0.0,7.019832,119.29663,14.8907,26.632442,74.05962,20.0
PHX,2007-08-31,111.0,91.0,0.0,7.0321455,84.851585,14.533732,23.545208,37.09541,15.0
PHX,2007-09-01,111.0,90.0,0.0,6.250182,94.91081,16.312902,26.340544,40.68604,22.0
PHX,2007-09-02,109.0,87.0,0.0,6.8742137,125.46147,14.181725,26.774612,47.8308,12.0
PHX,2007-09-03,109.0,88.0,0.0,7.525164,104.98223,9.130368,18.396423,31.5713,17.0
PHX,2007-09-04,107.0,86.0,0.0,4.5949655,278.74048,16.840082,25.662498,37.305477,12.0
PHX,2007-09-05,102.0,85.0,0.0,6.601119,189.7069,25.947695,35.880486,46.322838,21.0
PHX,2007-09-06,101.0,83.0,0.0,7.9615655,150.91704,25.791727,41.39873,56.71749,13.0
PHX,2007-09-07,101.0,84.0,0.0,6.869565,266.94113,21.080591,34.625103,58.654602,13.0
PHX,2007-09-08,106.0,82.0,0.0,3.8081534,103.06129,13.750081,27.46403,44.58585,7.0
PHX,2007-09-09,106.0,84.0,0.0,5.2997904,253.25494,16.7285,26.16678,38.696815,10.0
PHX,2007-09-10,107.0,86.0,0.0,5.7665906,134.41379,16.5948,26.146338,38.6125,11.0
PHX,2007-09-11,107.0,87.0,0.0,5.8385744,114.39545,16.7285,23.253422,30.38803,17.0
PHX,2007-09-12,108.0,86.0,0.0,5.31291,151.92654,12.838842,22.372519,33.6156,12.0
PHX,2007-09-13,108.0,83.0,0.0,4.1309824,182.45305,7.8824844,22.947939,39.833054,9.0
PHX,2007-09-14,108.0,84.0,0.0,4.262582,151.28415,15.031713,22.72943,30.351784,10.0
PHX,2007-09-15,103.0,86.0,0.0001,5.2278175,173.98528,19.8323,29.88437,43.233276,12.0
PHX,2007-09-16,103.0,83.0,0.0001,6.696415,140.7393,26.2453,38.61384,49.219475,14.0
PHX,2007-09-17,96.0,80.0,0.0001,8.70021,219.8923,5.2181087,34.556652,56.45147,14.0
PHX,2007-09-18,97.0,71.0,0.0,5.6306953,142.00148,12.596943,24.729902,33.988724,10.0
PHX,2007-09-19,99.0,74.0,0.0,7.438155,171.91158,9.121238,20.004251,35.49886,14.0
PHX,2007-09-20,98.0,73.0,0.0,7.30608,169.46292,17.4214,22.299892,28.23534,15.0
PHX,2007-09-21,101.0,77.0,0.0001,7.377826,140.03123,14.299633,31.741423,49.9391,23.0
PHX,2007-09-22,95.0,80.0,0.07,8.5576515,214.5985,27.1903,37.33841,48.706406,19.0
PHX,2007-09-23,87.0,74.0,0.0,7.9387307,281.39236,16.443962,26.70552,38.2627,14.0
PHX,2007-09-24,89.0,66.0,0.0,3.3203661,258.30316,13.05782,22.641426,37.147125,8.0
PHX,2007-09-25,94.0,68.0,0.0,3.302267,101.513725,10.635856,20.560099,34.55467,8.0
PHX,2007-09-26,97.0,69.0,0.0,2.5157232,283.38583,9.62898,18.15723,28.7949,7.0
PHX,2007-09-27,98.0,69.0,0.0,3.5220125,121.95165,8.51444,17.98312,33.2963,7.0
PHX,2007-09-28,97.0,75.0,0.0,6.1467505,167.83041,14.367056,22.408417,29.718143,11.0
PHX,2007-09-29,93.0,75.0,0.0,4.8249454,277.9077,17.0294,29.499495,40.159134,10.0
PHX,2007-09-30,98.0,71.0,0.0,4.5076585,92.79604,19.059479,28.05325,43.921,8.0
PHX,2007-10-01,91.0,80.0,0.0,3.7903564,194.07312,24.357794,35.233173,48.930416,7.0
PHX,2007-10-02,95.0,80.0,0.0,3.018868,138.28952,32.009186,43.389435,54.227177,7.0
PHX,2007-10-03,98.0,77.0,0.0,3.6338673,78.00134,26.218447,39.525074,57.73049,8.0
PHX,2007-10-04,96.0,79.0,0.04,5.6568832,155.1666,28.02317,42.85885,74.2799,11.0
PHX,2007-10-05,95.0,73.0,0.0,13.751223,225.19046,12.1502,27.611557,48.30257,90.0
PHX,2007-10-06,78.0,63.0,0.0,6.746331,259.51047,7.8670006,16.963959,27.442625,14.0
PHX,2007-10-07,84.0,58.0,0.0,3.1693363,289.30426,6.2877564,15.416241,29.203285,9.0
PHX,2007-10-08,96.0,60.0,0.0,2.8092244,73.6339,7.750624,16.345339,27.5262,13.0
PHX,2007-10-09,95.0,69.0,0.0,5.12035,262.23224,9.994018,17.71164,30.9502,11.0
PHX,2007-10-10,94.0,65.0,0.0,2.868709,306.18698,7.3267236,17.512676,35.4709,10.0
PHX,2007-10-11,95.0,64.0,0.0,3.2297592,116.17891,7.6129227,16.921757,26.8106,8.0
PHX,2007-10-12,94.0,65.0,0.0,7.174004,254.82928,7.3267236,16.724695,32.286854,13.0
PHX,2007-10-13,82.0,66.0,0.0,4.609572,266.88528,15.1372,27.025633,33.988724,11.0
PHX,2007-10-14,86.0,63.0,0.0,3.9808154,105.76672,17.4575,31.727648,46.36795,7.0
PHX,2007-10-15,90.0,64.0,0.0,2.9124727,130.25938,12.505065,25.485638,41.062683,6.0
PHX,2007-10-16,87.0,63.0,0.0,8.366877,228.45734,15.963505,26.858929,39.647274,18.0
PHX,2007-10-17,82.0,61.0,0.0,5.3249474,245.35036,19.1479,32.81903,49.726677,13.0
PHX,2007-10-18,86.0,61.0,0.0,4.0670857,91.69078,14.685226,31.214434,51.77772,9.0
PHX,2007-10-19,91.0,62.0,0.0,3.093199,62.28364,10.808411,22.713896,39.329,8.0
PHX,2007-10-20,94.0,63.0,0.0,5.0809627,119.94088,10.191519,21.437634,37.1471,10.0
PHX,2007-10-21,79.0,67.0,0.0,12.677848,9.605951,3.4825466,9.296132,24.89864,19.0
PHX,2007-10-22,82.0,59.0,0.0,7.179431,43.44043,7.501732,10.169639,13.886466,16.0
PHX,2007-10-23,90.0,58.0,0.0,3.7070937,110.43509,7.624609,12.928203,20.5617,9.0
PHX,2007-10-24,96.0,73.0,0.0,10.4549265,85.69797,8.140951,12.333005,19.023098,19.0
PHX,2007-10-25,94.0,65.0,0.0,4.215933,116.42241,8.655282,18.190754,28.485779,10.0
PHX,2007-10-26,93.0,63.0,0.0,3.1970649,113.69107,9.71681,19.18334,29.8362,8.0
PHX,2007-10-27,94.0,64.0,0.0,3.2704403,116.85706,9.71681,19.388042,29.873991,8.0
PHX,2007-10-28,97.0,65.0,0.0,3.3260393,110.51352,8.694066,19.05455,30.637081,7.0
PHX,2007-10-29,95.0,70.0,0.0,5.2327046,103.571175,6.9994607,17.201866,27.622189,10.0
PHX,2007-10-30,89.0,64.0,0.0,5.883295,249.59212,11.5369005,23.163757,86.4905,11.0
PHX,2007-10-31,85.0,62.0,0.0,2.7459955,101.218956,12.490134,24.836529,36.829285,6.0
PHX,2007-11-01,86.0,59.0,0.0,2.8616352,120.199356,12.1339,23.017853,39.00913,6.0
PHX,2007-11-02,85.0,60.0,0.0,3.6457024,118.53682,12.490134,24.279867,39.154713,7.0
PHX,2007-11-03,92.0,58.0,0.0,2.6582808,132.02094,9.519907,21.951632,36.04328,6.0
PHX,2007-11-04,94.0,64.0,0.0,2.1052632,111.11553,10.650437,19.924593,30.807981,6.0
PHX,2007-11-05,93.0,64.0,0.0,2.643326,124.88595,10.154443,21.29112,34.870613,7.0
PHX,2007-11-06,94.0,64.0,0.0,3.1677148,109.67854,10.648389,21.099495,34.48496,7.0
PHX,2007-11-07,92.0,67.0,0.0,3.0306346,122.97368,11.937828,20.855955,30.184837,7.0
PHX,2007-11-08,91.0,66.0,0.0,3.3867276,103.86397,14.143368,25.511452,38.90924,6.0
PHX,2007-11-09,87.0,63.0,0.0,5.071279,103.30053,17.954952,28.138786,41.86172,11.0
PHX,2007-11-10,83.0,62.0,0.0,2.5324948,145.02942,19.413193,32.152206,51.638233,6.0
PHX,2007-11-11,79.0,58.0,0.0,3.5886214,328.0425,23.1383,36.277454,51.0182,8.0
PHX,2007-11-12,84.0,59.0,0.0,1.7067834,160.99034,19.988005,35.082134,51.644176,7.0
PHX,2007-11-13,88.0,59.0,0.0,2.2319474,23.444073,16.863966,33.250515,55.567047,5.0
PHX,2007-11-14,87.0,59.0,0.0,2.8621445,131.7894,16.2724,32.687706,51.480362,9.0
PHX,2007-11-15,79.0,62.0,0.02,6.4102025,85.70498,17.823923,28.908503,50.8914,18.0
PHX,2007-11-16,82.0,63.0,0.0001,4.267645,98.48753,17.303146,26.573694,39.473858,21.0
PHX,2007-11-17,83.0,60.0,0.0,4.3354297,111.94079,18.4865,33.703564,47.2246,7.0
PHX,2007-11-18,84.0,58.0,0.0,3.0649896,109.58792,15.8847,33.993893,51.18082,7.0
PHX,2007-11-19,88.0,58.0,0.0,2.7002096,107.56407,11.83928,27.853657,45.5967,7.0
PHX,2007-11-20,84.0,57.0,0.0,4.658281,104.141,13.516451,28.494555,43.530895,8.0
PHX,2007-11-21,80.0,56.0,0.0,4.5702305,199.01395,16.872263,26.97421,43.35763,10.0
PHX,2007-11-22,78.0,54.0,0.0,3.4486372,288.99866,14.822669,20.015913,29.71512,11.0
PHX,2007-11-23,69.0,49.0,0.0,3.144654,259.03485,9.31398,20.51808,45.8055,9.0
PHX,2007-11-24,70.0,47.0,0.0,5.4675055,21.671629,8.384361,16.384443,31.629732,14.0
PHX,2007-11-25,67.0,48.0,0.0,3.1865828,103.277794,18.467157,26.982357,45.79459,8.0
PHX,2007-11-26,65.0,51.0,0.0,3.2122538,91.74413,17.638279,29.295288,41.0536,7.0
PHX,2007-11-27,74.0,50.0,0.0,3.018868,137.5385,16.504307,27.221317,44.162,8.0
PHX,2007-11-28,75.0,52.0,0.0,2.8092244,183.19716,15.459485,27.182901,42.5814,8.0
PHX,2007-11-29,72.0,60.0,0.0001,3.4135668,119.02372,17.00707,28.857061,67.688156,8.0
PHX,2007-11-30,68.0,62.0,1.23,5.2243185,131.73102,65.3744,84.070305,100.0,8.0
PHX,2007-12-01,67.0,53.0,0.05,11.121593,202.33698,50.879093,69.664345,93.83344,22.0
PHX,2007-12-02,64.0,47.0,0.0,2.1925602,283.99356,28.726662,53.29392,79.69868,6.0
PHX,2007-12-03,74.0,47.0,0.0,3.687819,7.9291277,22.027794,50.614914,77.25818,11.0
PHX,2007-12-04,74.0,48.0,0.0,2.1619256,261.46756,26.922277,56.559433,83.2272,7.0
PHX,2007-12-05,75.0,50.0,0.0,4.240148,118.41738,28.204063,60.739403,87.37388,9.0
PHX,2007-12-06,73.0,51.0,0.0,3.7177243,95.212105,26.762674,57.234116,80.097855,9.0
PHX,2007-12-07,70.0,54.0,0.69,6.85884,188.90132,52.6684,76.83451,100.0,19.0
PHX,2007-12-08,59.0,49.0,0.32,5.627533,240.76071,37.2837,69.46636,100.0,10.0
PHX,2007-12-09,58.0,47.0,0.0001,2.8483577,228.01183,54.66662,69.386375,82.8062,7.0
PHX,2007-12-10,56.0,50.0,0.01,3.7966456,204.12224,61.586952,79.1322,89.1731,9.0
PHX,2007-12-11,57.0,47.0,0.01,4.7456326,147.61179,54.508926,78.81131,92.77664,9.0
PHX,2007-12-12,60.0,44.0,0.0,2.874214,259.35992,45.426697,70.19242,92.74888,7.0
PHX,2007-12-13,64.0,45.0,0.0,2.8511531,278.91574,31.16733,54.548325,79.53873,8.0
PHX,2007-12-14,58.0,42.0,0.0,3.5220125,280.58395,34.01263,58.406597,88.8084,11.0
PHX,2007-12-15,59.0,40.0,0.0,3.7116704,85.29684,19.9853,40.090534,67.2174,11.0
PHX,2007-12-16,64.0,42.0,0.0,2.981132,85.0715,17.367811,39.362045,68.50536,12.0
PHX,2007-12-17,65.0,43.0,0.0,3.0356395,125.530075,22.507677,46.41814,65.560715,7.0
PHX,2007-12-18,67.0,43.0,0.0,3.0167716,111.5134,22.803062,49.73628,70.30168,7.0
PHX,2007-12-19,64.0,43.0,0.0,3.0196936,119.33567,28.76573,51.722477,73.594635,7.0
PHX,2007-12-20,66.0,45.0,0.0,3.2560174,106.01344,29.0793,49.702396,68.278625,7.0
PHX,2007-12-21,61.0,45.0,0.01,9.719077,277.44376,16.687738,41.184044,71.2623,20.0
PHX,2007-12-22,57.0,37.0,0.0,2.903564,263.57703,14.9066,30.677774,54.514225,6.0
PHX,2007-12-23,61.0,37.0,0.0,1.215933,258.88223,16.048498,37.549305,61.35498,5.0
PHX,2007-12-24,67.0,40.0,0.0,2.39413,105.91606,18.743,42.729744,64.541794,7.0
PHX,2007-12-25,59.0,39.0,0.0,6.8512034,323.27835,10.670821,35.402885,75.876076,24.0
PHX,2007-12-26,57.0,36.0,0.0,2.713348,142.00484,13.8747,30.930666,45.9093,7.0
PHX,2007-12-27,55.0,38.0,0.0,7.5702305,261.00595,12.971415,29.281404,52.257374,13.0
PHX,2007-12-28,55.0,36.0,0.0,3.5448577,113.26222,16.0252,31.518227,46.08565,6.0
PHX,2007-12-29,57.0,37.0,0.0,2.951782,104.33608,16.146545,34.3686,52.08945,7.0
PHX,2007-12-30,61.0,37.0,0.0,2.3228512,110.13386,20.143612,41.027363,59.363983,6.0
PHX,2007-12-31,65.0,37.0,0.0,2.9392033,91.05617,20.57523,42.55108,72.2449,10.0
PHX,2008-01-01,67.0,39.0,0.0,11.599581,64.96453,8.013863,16.426008,42.6873,21.0
PHX,2008-01-02,71.0,55.0,0.0,11.052411,73.27775,9.654619,14.662521,23.373852,17.0
PHX,2008-01-03,71.0,53.0,0.0,5.5031447,93.28641,13.61755,20.300655,28.451506,9.0
PHX,2008-01-04,73.0,52.0,0.0,4.486373,118.60538,28.935205,40.082947,54.21808,8.0
PHX,2008-01-05,67.0,55.0,0.03,5.538784,94.20365,30.3231,53.312492,86.52137,9.0
PHX,2008-01-06,62.0,56.0,0.02,4.3676147,167.51599,47.69548,70.60185,90.028305,9.0
PHX,2008-01-07,59.0,50.0,0.51,7.372785,231.61354,68.95217,79.66364,93.59724,19.0
PHX,2008-01-08,62.0,45.0,0.0,2.8417265,96.39995,43.709076,69.25386,92.77664,8.0
PHX,2008-01-09,63.0,47.0,0.0,3.4381552,111.24049,49.547104,66.582634,86.01819,7.0
PHX,2008-01-10,64.0,44.0,0.0,2.713348,103.210686,38.005905,65.82481,89.56219,7.0
PHX,2008-01-11,65.0,44.0,0.0,3.144654,121.68724,35.15232,60.05058,85.903824,7.0
PHX,2008-01-12,68.0,42.0,0.0,3.6519916,110.806885,18.743,50.212933,82.45489,7.0
PHX,2008-01-13,68.0,46.0,0.0,4.0437636,3.9944963,22.212265,41.980354,70.7384,11.0
PHX,2008-01-14,69.0,50.0,0.0,7.5185995,17.634079,12.3961,23.227863,42.2591,15.0
PHX,2008-01-15,66.0,43.0,0.0,2.286652,105.60083,16.967628,34.88918,55.0236,9.0
PHX,2008-01-16,61.0,42.0,0.0,4.7447553,33.095688,8.79081,34.69509,59.928104,12.0
PHX,2008-01-17,58.0,35.0,0.0,4.720403,281.0041,8.706234,18.12606,34.9902,11.0
PHX,2008-01-18,59.0,36.0,0.0,2.0593991,327.83682,11.6884,26.189299,45.75926,7.0
PHX,2008-01-19,64.0,36.0,0.0,1.8134172,88.82818,10.688063,26.503904,54.514225,8.0
PHX,2008-01-20,66.0,38.0,0.0,2.2319474,133.48906,13.426856,31.533978,54.67748,5.0
PHX,2008-01-21,64.0,39.0,0.0,4.962264,100.75635,23.377022,38.652657,56.769794,11.0
PHX,2008-01-22,66.0,41.0,0.0,2.3584905,136.2232,23.6763,42.98146,62.038,6.0
PHX,2008-01-23,66.0,42.0,0.0,3.0419288,153.5846,25.376408,43.5516,64.3466,6.0
PHX,2008-01-24,59.0,47.0,0.01,5.658281,145.21484,45.578323,64.43641,89.1731,13.0
PHX,2008-01-25,65.0,45.0,0.0,1.6933638,75.77963,38.005905,64.237076,92.71535,5.0
PHX,2008-01-26,71.0,44.0,0.0,2.6415095,97.61611,25.48846,49.649914,79.07088,8.0
PHX,2008-01-27,59.0,52.0,0.87,4.4106493,93.29902,47.22028,84.84506,100.0,13.0
PHX,2008-01-28,64.0,52.0,0.14,7.105762,233.99835,45.90702,70.429955,100.0,15.0
PHX,2008-01-29,60.0,45.0,0.0,3.442013,282.05505,25.097061,46.049484,68.04732,9.0
PHX,2008-01-30,60.0,42.0,0.0,10.129525,286.157,21.16987,49.446762,82.1715,20.0
PHX,2008-01-31,57.0,39.0,0.0,6.781182,21.106823,12.840006,24.90137,44.32683,13.0
PHX,2008-02-01,62.0,40.0,0.0,2.5743706,126.91818,17.9169,42.996162,64.679955,8.0
PHX,2008-02-02,66.0,41.0,0.0,4.197065,102.5296,25.6821,49.506313,72.7767,8.0
PHX,2008-02-03,63.0,45.0,0.0001,7.186583,155.1328,40.42728,56.721584,73.594635,18.0
PHX,2008-02-04,58.0,43.0,0.21,9.582809,279.21616,53.924946,71.61583,85.788086,19.0
PHX,2008-02-05,56.0,38.0,0.0,2.4916067,121.945724,33.688408,63.9146,92.526794,8.0
PHX,2008-02-06,59.0,40.0,0.0,2.8092244,114.34875,31.736036,58.135914,79.21337,7.0
PHX,2008-02-07,65.0,41.0,0.0,2.0125787,104.27746,25.53702,55.532166,79.21337,7.0
PHX,2008-02-08,68.0,44.0,0.0,3.4245076,113.020424,28.316881,56.15841,78.9063,7.0
PHX,2008-02-09,74.0,46.0,0.0,3.4549267,142.04456,18.874178,48.231785,82.45489,7.0
PHX,2008-02-10,77.0,49.0,0.0,3.4549267,118.98279,17.80952,42.909805,71.0698,6.0
PHX,2008-02-11,75.0,50.0,0.0,4.3873086,124.77678,25.0342,47.311855,74.28986,8.0
PHX,2008-02-12,76.0,50.0,0.0,1.3844393,153.84131,16.2852,44.51279,82.8062,6.0
PHX,2008-02-13,74.0,51.0,0.0,4.2450767,126.07597,26.762674,42.56061,63.3341,8.0
PHX,2008-02-14,66.0,53.0,0.0001,6.432494,268.9189,19.453245,34.110073,60.867,14.0
PHX,2008-02-15,55.0,48.0,0.07,5.5317287,138.98087,29.71512,71.76027,89.73392,12.0
PHX,2008-02-16,60.0,46.0,0.0,4.155136,125.905106,53.2016,72.982475,93.3985,8.0
PHX,2008-02-17,66.0,44.0,0.0,3.938731,115.64517,24.43271,61.66647,88.9012,9.0
PHX,2008-02-18,68.0,47.0,0.0,3.2704403,98.059135,31.972324,57.48412,83.09279,8.0
PHX,2008-02-19,71.0,50.0,0.0,3.0356395,110.21157,32.286854,52.34632,74.09639,8.0
PHX,2008-02-20,70.0,52.0,0.1,6.7607584,184.15646,30.807981,53.60564,89.3093,21.0
PHX,2008-02-21,65.0,48.0,0.0001,3.131291,136.47159,38.005905,63.806175,100.0,7.0
PHX,2008-02-22,60.0,51.0,0.01,4.737418,100.55392,47.38855,64.482895,76.9778,10.0
PHX,2008-02-23,67.0,50.0,0.0001,2.471396,50.106464,24.734884,53.266052,86.303276,6.0
PHX,2008-02-24,69.0,54.0,0.0001,4.3186584,97.67274,35.470932,48.97027,68.72956,7.0
PHX,2008-02-25,74.0,50.0,0.0,4.2888403,275.88486,25.8239,48.789814,71.395996,8.0
PHX,2008-02-26,78.0,52.0,0.0,4.989059,39.40172,12.8552065,34.33322,74.481316,12.0
PHX,2008-02-27,81.0,57.0,0.0,6.0796647,87.094536,10.581882,24.396845,57.29428,15.0
PHX,2008-02-28,82.0,53.0,0.0,3.986871,120.57191,11.806492,32.52098,64.028885,8.0
PHX,2008-02-29,83.0,55.0,0.0,4.064073,93.96985,13.316209,33.69407,52.90867,9.0
PHX,2008-03-01,81.0,55.0,0.0,4.225383,206.84343,17.823923,35.12403,61.67368,10.0
PHX,2008-03-02,73.0,53.0,0.0,9.618448,341.02185,5.0239697,28.210886,63.722855,19.0
PHX,2008-03-03,68.0,49.0,0.0,7.616352,33.981274,12.737,18.869347,38.938686,20.0
PHX,2008-03-04,73.0,49.0,0.0,4.534005,144.28586,11.232278,29.282776,49.8057,9.0
PHX,2008-03-05,74.0,48.0,0.0,8.703136,302.6487,8.94074,26.82285,58.06506,22.0
PHX,2008-03-06,69.0,47.0,0.0,6.100629,306.30487,9.60902,15.629494,38.1879,12.0
PHX,2008-03-07,75.0,46.0,0.0,5.2410903,61.302128,8.996003,23.184807,44.13682,10.0
PHX,2008-03-08,74.0,49.0,0.0,4.750547,103.54403,9.472018,27.734444,47.6785,10.0
PHX,2008-03-09,78.0,52.0,0.0,2.981132,224.2751,16.285221,30.286335,52.112114,8.0
PHX,2008-03-10,81.0,53.0,0.0,2.683438,100.41347,10.867632,25.728878,47.38855,6.0
PHX,2008-03-11,82.0,53.0,0.0,4.1257863,131.26329,11.079159,27.830542,48.647694,8.0
PHX,2008-03-12,84.0,56.0,0.0,4.7002187,171.56033,12.699919,27.601118,52.90867,12.0
PHX,2008-03-13,83.0,55.0,0.0,4.947589,99.838295,11.4752,29.127478,48.954697,9.0
PHX,2008-03-14,83.0,57.0,0.0,8.983229,255.37817,6.135812,23.455954,49.0803,22.0
PHX,2008-03-15,76.0,55.0,0.0,6.30608,251.61179,6.652637,18.021706,38.511723,17.0
PHX,2008-03-16,63.0,50.0,0.0,8.02935,258.66397,19.231234,36.446095,51.809525,14.0
PHX,2008-03-17,64.0,47.0,0.0,4.0809627,125.561516,24.4495,44.570618,70.7384,8.0
PHX,2008-03-18,74.0,48.0,0.0,3.6739607,109.49585,13.361153,34.823742,60.740707,8.0
PHX,2008-03-19,80.0,52.0,0.0,4.074398,98.99029,10.072249,25.837137,46.45562,8.0
PHX,2008-03-20,84.0,53.0,0.0,3.9580712,126.662506,9.113718,22.93367,39.132706,9.0
PHX,2008-03-21,86.0,54.0,0.0,2.2872117,103.578285,7.1975765,22.558052,43.212826,7.0
PHX,2008-03-22,87.0,54.0,0.0,3.3304157,118.816025,5.86815,19.404741,48.647694,9.0
PHX,2008-03-23,87.0,57.0,0.0,3.8993711,78.22503,3.54545,13.8421135,32.807682,11.0
PHX,2008-03-24,88.0,62.0,0.0,5.31291,89.566505,9.740129,18.966711,28.726662,14.0
PHX,2008-03-25,89.0,60.0,0.0,5.0838575,111.95504,6.64873,18.826473,34.908714,10.0
PHX,2008-03-26,88.0,58.0,0.0,5.858124,164.72243,5.400933,17.240902,34.3356,13.0
PHX,2008-03-27,86.0,59.0,0.0,4.737418,79.4223,10.087799,20.479792,35.548645,9.0
PHX,2008-03-28,87.0,59.0,0.0,4.352645,93.71349,9.831685,20.816242,34.5113,9.0
PHX,2008-03-29,87.0,61.0,0.0,7.044025,221.60368,11.721342,23.164335,39.154713,13.0
PHX,2008-03-30,82.0,60.0,0.0,9.76659,253.18364,13.316209,26.58128,44.161457,25.0
PHX,2008-03-31,78.0,57.0,0.0,4.239808,304.76492,12.702227,22.732903,36.8669,8.0
PHX,2008-04-01,84.0,55.0,0.0,4.6126914,70.76842,7.0326915,18.853365,35.3673,9.0
PHX,2008-04-02,85.0,59.0,0.0,7.0594964,248.27742,9.267738,18.693398,31.6773,15.0
PHX,2008-04-03,79.0,58.0,0.0,5.6258206,268.34152,17.909306,23.354147,31.6773,13.0
PHX,2008-04-04,84.0,58.0,0.0,2.737418,93.30645,2.7767742,18.78891,45.578323,8.0
PHX,2008-04-05,84.0,55.0,0.0,8.293501,211.19606,5.95939,17.168673,31.41414,15.0
PHX,2008-04-06,86.0,59.0,0.0,6.5903893,156.15714,10.120369,19.339584,31.8521,12.0
PHX,2008-04-07,84.0,61.0,0.0,4.580713,238.9351,14.4443,22.536142,36.8293,14.0
PHX,2008-04-08,86.0,58.0,0.0,7.9413,207.73885,8.12554,17.89814,38.834,15.0
PHX,2008-04-09,75.0,60.0,0.0,11.236324,252.28322,13.0992,19.601164,25.382587,19.0
PHX,2008-04-10,78.0,58.0,0.0,10.113786,285.08237,6.388159,17.790794,40.606575,18.0
PHX,2008-04-11,82.0,55.0,0.0,3.7267904,206.25581,7.7723527,14.526288,30.104786,11.0
PHX,2008-04-12,86.0,61.0,0.0,6.118162,60.161644,5.1131,9.841425,19.514,14.0
PHX,2008-04-13,94.0,63.0,0.0,7.90566,79.268135,3.9592063,9.472047,22.502592,19.0
PHX,2008-04-14,98.0,66.0,0.0,5.6038914,126.282684,3.1323416,11.148019,31.80035,11.0
PHX,2008-04-15,93.0,65.0,0.0,8.974843,207.78699,3.410189,10.927971,23.3936,20.0
PHX,2008-04-16,85.0,66.0,0.0,11.318658,289.71194,4.848368,9.941577,17.653637,22.0
PHX,2008-04-17,78.0,58.0,0.0,7.2929063,331.97617,7.20597,10.776091,19.057146,13.0
PHX,2008-04-18,89.0,56.0,0.0,3.1624713,78.75154,4.360422,13.539492,27.821062,7.0
PHX,2008-04-19,88.0,61.0,0.0,7.2767296,166.77885,4.360422,14.180315,24.14637,15.0
PHX,2008-04-20,84.0,60.0,0.0,6.3455377,219.63895,6.2852,17.834951,34.908714,12.0
PHX,2008-04-21,84.0,57.0,0.0,5.2173915,342.68176,4.0591545,15.282548,32.928036,11.0
PHX,2008-04-22,89.0,59.0,0.0,4.1090145,188.95686,4.900765,12.818938,24.1303,7.0
PHX,2008-04-23,89.0,61.0,0.0,7.877462,216.17668,7.24553,16.073256,30.370085,13.0
PHX,2008-04-24,87.0,63.0,0.0,6.656455,263.88382,9.18951,18.148918,32.53118,15.0
PHX,2008-04-25,89.0,60.0,0.0,3.2264152,259.55923,3.679751,10.284716,23.377022,7.0
PHX,2008-04-26,95.0,61.0,0.0,5.2470026,334.2384,3.64956,11.5534315,28.451506,16.0
PHX,2008-04-27,93.0,71.0,0.0,6.5262055,73.72391,1.9780091,5.464219,16.029146,14.0
PHX,2008-04-28,94.0,66.0,0.0,5.4172664,93.05743,3.248879,9.244162,20.361444,11.0
PHX,2008-04-29,99.0,67.0,0.0,7.0897155,224.64896,2.752189,9.752829,23.975422,15.0
PHX,2008-04-30,93.0,69.0,0.0,9.098533,239.32689,4.45177,11.6876955,23.3936,17.0
PHX,2008-05-01,85.0,67.0,0.0,9.676148,270.15958,3.697323,14.981868,38.90924,17.0
PHX,2008-05-02,85.0,59.0,0.0,4.568928,265.07065,3.8073437,8.566167,17.100666,11.0
PHX,2008-05-03,91.0,63.0,0.0,3.929471,121.42164,4.1495285,9.992757,19.057146,8.0
PHX,2008-05-04,95.0,64.0,0.0,6.7185354,191.81238,4.824228,11.086742,23.540281,14.0
PHX,2008-05-05,93.0,67.0,0.0,9.730259,213.10469,7.445305,13.600137,23.0984,21.0
PHX,2008-05-06,83.0,65.0,0.0,7.5754924,270.28482,14.473248,21.762953,28.9352,17.0
PHX,2008-05-07,87.0,64.0,0.0,5.4442015,149.99538,15.0352,26.634811,43.2615,9.0
PHX,2008-05-08,92.0,66.0,0.0,4.1575494,67.82428,6.6821256,18.785055,38.3238,9.0
PHX,2008-05-09,94.0,68.0,0.0,7.0065646,224.88046,6.2788815,13.366454,25.0368,16.0
PHX,2008-05-10,94.0,66.0,0.0,4.2691464,143.31969,6.4303875,12.9566965,21.4515,8.0
PHX,2008-05-11,98.0,67.0,0.0,5.6933637,217.56938,4.3292594,13.639485,30.637081,14.0
PHX,2008-05-12,93.0,66.0,0.0,9.407002,221.77698,7.8732305,12.446534,22.262226,17.0
PHX,2008-05-13,80.0,67.0,0.0,10.369803,315.04233,18.619122,26.959831,38.90924,22.0
PHX,2008-05-14,86.0,62.0,0.0,3.152962,129.46706,13.161804,28.747826,48.0004,8.0
PHX,2008-05-15,92.0,66.0,0.0001,7.615,95.19706,12.274662,25.746727,44.52333,19.0
PHX,2008-05-16,93.0,72.0,0.0,9.503432,72.45869,14.584461,22.811802,31.432367,20.0
PHX,2008-05-17,98.0,73.0,0.0,5.8100686,129.14133,8.316094,21.908985,38.120686,11.0
PHX,2008-05-18,105.0,74.0,0.0,4.9517817,122.71979,5.2488937,16.078033,32.91289,9.0
PHX,2008-05-19,110.0,76.0,0.0,8.669584,248.7693,5.605133,12.743077,23.881039,17.0
PHX,2008-05-20,108.0,80.0,0.0,7.474836,258.84717,6.5172043,12.765528,23.0495,16.0
PHX,2008-05-21,94.0,78.0,0.0,13.301887,250.01445,6.84151,12.046735,21.173561,22.0
PHX,2008-05-22,78.0,53.0,0.28,12.834381,209.58943,13.3228,45.4028,100.0,17.0
PHX,2008-05-23,72.0,51.0,0.12,7.3539157,184.17174,31.120623,66.44195,100.0,19.0
PHX,2008-05-24,72.0,57.0,0.05,6.4255767,80.123985,34.8706,52.939358,74.959724,11.0
PHX,2008-05-25,81.0,62.0,0.0,5.294964,273.12796,23.87241,36.110844,51.77772,12.0
PHX,2008-05-26,82.0,62.0,0.0,4.9874215,295.45853,18.2202,32.31012,49.5471,11.0
PHX,2008-05-27,91.0,65.0,0.0,4.9190373,247.0089,11.00547,24.37605,46.67471,12.0
PHX,2008-05-28,92.0,68.0,0.0,4.457666,246.4888,8.86728,19.715452,39.223995,9.0
PHX,2008-05-29,94.0,69.0,0.0,5.209068,254.83044,6.841506,16.793415,33.2963,14.0
PHX,2008-05-30,95.0,68.0,0.0,3.778032,114.214386,6.18562,14.459992,31.972324,8.0
PHX,2008-05-31,99.0,71.0,0.0,4.0457664,210.09708,5.16443,13.608431,30.184837,8.0
PHX,2008-06-01,101.0,71.0,0.0,5.5034323,245.94508,5.6916,13.97938,27.929062,9.0
PHX,2008-06-02,101.0,74.0,0.0,7.6544623,237.46034,7.2098002,14.610004,29.243343,17.0
PHX,2008-06-03,100.0,74.0,0.0,6.527578,244.94402,3.1035826,11.396832,30.494877,12.0
PHX,2008-06-04,96.0,71.0,0.0,11.551422,219.58887,7.161195,16.137047,28.001955,21.0
PHX,2008-06-05,91.0,73.0,0.0,8.875299,265.27234,9.019069,15.230164,26.1045,19.0
PHX,2008-06-06,98.0,69.0,0.0,4.9124727,118.78711,6.128261,14.905469,30.9502,9.0
PHX,2008-06-07,103.0,73.0,0.0,7.3194747,223.85757,8.670771,17.247038,27.8985,17.0
PHX,2008-06-08,100.0,76.0,0.0,4.032037,283.14575,8.909309,15.527969,29.756468,10.0
PHX,2008-06-09,105.0,76.0,0.0,3.329975,211.51372,6.16611,14.834789,27.840296,7.0
PHX,2008-06-10,108.0,77.0,0.0,6.477024,228.71182,5.5265055,14.347577,27.840296,13.0
PHX,2008-06-11,101.0,77.0,0.0,6.5994964,245.01161,8.492709,14.183484,23.0495,12.0
PHX,2008-06-12,101.0,75.0,0.0,3.4439359,289.5125,5.1861544,15.278361,30.8041,8.0
PHX,2008-06-13,107.0,76.0,0.0,3.2935011,295.72675,4.4604254,11.629044,25.33221,11.0
PHX,2008-06-14,110.0,79.0,0.0,5.7002287,245.55063,4.0977125,12.011068,21.4549,12.0
PHX,2008-06-15,112.0,81.0,0.0,6.170678,260.98816,5.940946,14.567806,29.2823,14.0
PHX,2008-06-16,112.0,85.0,0.0,7.4675055,264.84213,8.215139,16.541058,30.086634,15.0
PHX,2008-06-17,113.0,88.0,0.0,6.2677345,278.3698,8.790639,17.020592,29.207327,16.0
PHX,2008-06-18,112.0,88.0,0.0,6.656455,257.3507,2.6027162,12.543172,26.2279,12.0
PHX,2008-06-19,112.0,79.0,0.0,6.2166247,219.948,2.50057,9.055837,20.1182,11.0
PHX,2008-06-20,114.0,80.0,0.0,4.4549265,242.40031,2.3836372,8.859905,19.719442,8.0
PHX,2008-06-21,115.0,80.0,0.0,7.1698112,224.9645,2.3836372,9.855569,22.82206,14.0
PHX,2008-06-22,111.0,89.0,0.0,6.8427672,174.20773,6.820766,15.612474,25.494644,14.0
PHX,2008-06-23,113.0,84.0,0.0,7.002188,232.76653,5.476952,13.434724,24.754936,17.0
PHX,2008-06-24,111.0,85.0,0.0,5.479616,261.58035,6.42569,13.284047,23.920296,15.0
PHX,2008-06-25,109.0,84.0,0.0001,7.1460958,156.25143,12.505065,19.757313,28.2235,18.0
PHX,2008-06-26,107.0,85.0,0.0,7.5919147,134.83337,11.679831,27.132633,39.9714,21.0
PHX,2008-06-27,107.0,81.0,0.0,6.1654677,147.54591,9.376563,21.937563,39.366528,10.0
PHX,2008-06-28,110.0,84.0,0.0,6.538784,262.26273,8.219534,17.249481,33.503693,14.0
PHX,2008-06-29,112.0,87.0,0.0,6.4508395,182.44904,7.8799105,15.693392,28.249117,18.0
PHX,2008-06-30,110.0,86.0,0.0,6.236324,121.60012,12.2148905,19.260365,28.2235,14.0
PHX,2008-07-01,112.0,90.0,0.0,9.693221,102.585526,11.1406,19.627064,28.843185,27.0
PHX,2008-07-02,111.0,88.0,0.0,5.9413,225.23483,11.5293,20.610441,32.9712,12.0
PHX,2008-07-03,109.0,84.0,0.0001,7.580473,289.3402,14.764447,25.476162,45.338287,19.0
PHX,2008-07-04,106.0,87.0,0.0,7.161926,314.27686,19.463493,31.699718,46.35,25.0
PHX,2008-07-05,105.0,85.0,0.0,6.844864,265.24503,21.4614,30.110777,43.070076,14.0
PHX,2008-07-06,109.0,87.0,0.0,7.7932878,254.23024,17.543037,28.025614,45.044003,19.0
PHX,2008-07-07,107.0,84.0,0.0,5.6636157,106.673996,15.640128,32.615902,51.120544,15.0
PHX,2008-07-08,109.0,87.0,0.0,7.80744,135.64383,16.312902,29.057026,41.615177,16.0
PHX,2008-07-09,106.0,87.0,0.01,7.347826,147.1758,21.4614,32.054653,44.62637,17.0
PHX,2008-07-10,100.0,71.0,0.64,8.610221,150.86292,28.769205,46.349022,100.0,32.0
PHX,2008-07-11,94.0,73.0,0.19,4.6674294,160.67468,39.683353,67.85827,100.0,12.0
PHX,2008-07-12,101.0,80.0,0.0,5.7833714,166.57178,29.89,48.523315,71.3899,15.0
PHX,2008-07-13,102.0,74.0,1.3,4.982526,128.32224,27.629955,59.005722,100.0,22.0
PHX,2008-07-14,96.0,79.0,0.0,5.262582,183.614,38.591225,55.412834,79.1989,9.0
PHX,2008-07-15,104.0,83.0,0.0,5.588101,176.63867,19.975657,40.64767,63.031284,11.0
PHX,2008-07-16,108.0,85.0,0.0,4.4360585,254.32481,16.2893,30.679379,59.135014,11.0
PHX,2008-07-17,110.0,88.0,0.0,4.9937105,273.8456,13.488544,25.051992,45.044003,11.0
PHX,2008-07-18,111.0,88.0,0.0,6.5220127,280.81985,12.756867,22.22924,35.4019,12.0
PHX,2008-07-19,102.0,85.0,0.0,6.3741794,212.56937,25.661674,36.14535,54.8971,16.0
PHX,2008-07-20,97.0,79.0,0.01,4.6031747,143.06804,34.824585,51.19282,74.06516,11.0
PHX,2008-07-21,104.0,85.0,0.0,4.6270022,169.51595,27.0983,39.604103,55.0443,10.0
PHX,2008-07-22,108.0,88.0,0.0,5.1693363,143.15431,19.83228,33.683353,51.68251,13.0
PHX,2008-07-23,108.0,86.0,0.0001,7.1511335,137.79312,11.421861,28.953157,49.5066,13.0
PHX,2008-07-24,111.0,89.0,0.0001,5.8110867,96.90259,15.604,25.689335,37.988888,12.0
PHX,2008-07-25,106.0,85.0,0.0,7.5382934,297.7809,18.598293,32.257034,57.12462,17.0
PHX,2008-07-26,106.0,85.0,0.0,7.3012967,254.03006,21.469019,37.089615,56.98148,16.0
PHX,2008-07-27,104.0,86.0,0.0,9.02407,269.80975,19.307241,24.597624,34.793396,12.0
PHX,2008-07-28,104.0,84.0,0.0,5.667506,284.3272,9.911279,16.404192,23.676844,11.0
PHX,2008-07-29,107.0,82.0,0.0,6.581236,274.52374,9.785218,15.817576,30.634636,13.0
PHX,2008-07-30,109.0,85.0,0.0,5.9562364,271.0459,9.528295,17.862398,32.1986,12.0
PHX,2008-07-31,112.0,86.0,0.0,6.748428,275.0761,10.7971,17.025414,29.06819,14.0
PHX,2008-08-01,113.0,95.0,0.0,6.140351,277.18106,9.785059,16.895973,22.493135,24.0
PHX,2008-08-02,108.0,91.0,0.0,9.450766,274.97867,18.10997,24.308691,33.737473,15.0
PHX,2008-08-03,104.0,89.0,0.0001,8.98627,287.76346,19.7129,31.92008,43.5312,13.0
PHX,2008-08-04,101.0,84.0,0.0,6.3981695,191.69086,25.947695,39.90217,53.211506,10.0
PHX,2008-08-05,107.0,78.0,0.63,8.142232,308.32504,18.837595,34.337105,88.74824,31.0
PHX,2008-08-06,106.0,78.0,0.0001,5.6292906,56.95959,21.4614,40.85744,81.6337,20.0
PHX,2008-08-07,108.0,75.0,0.68,6.8832984,172.52316,17.543037,41.168785,100.0,31.0
PHX,2008-08-08,99.0,76.0,0.01,4.539098,254.73712,28.636263,53.819527,90.3345,13.0
PHX,2008-08-09,103.0,83.0,0.0,5.97733,260.93918,24.293777,40.219463,60.73586,11.0
PHX,2008-08-10,105.0,84.0,0.0,6.218818,246.59946,22.163448,37.240326,60.87137,13.0
PHX,2008-08-11,108.0,88.0,0.0,7.225383,264.03574,13.518155,25.305481,46.4831,12.0
PHX,2008-08-12,107.0,87.0,0.0,5.322418,257.1216,12.946996,24.199379,37.396484,13.0
PHX,2008-08-13,105.0,86.0,0.01,5.0175056,158.7403,20.639368,35.44358,49.6625,10.0
PHX,2008-08-14,102.0,79.0,0.15,8.104413,120.02198,27.0983,44.218193,78.76171,31.0
PHX,2008-08-15,101.0,83.0,0.0,5.6360707,12.70748,26.9674,45.061222,72.37707,18.0
PHX,2008-08-16,104.0,84.0,0.0,6.1830535,85.448105,19.1891,31.755962,52.7537,21.0
PHX,2008-08-17,104.0,84.0,0.0,7.248777,104.72128,19.8323,30.17935,41.1451,17.0
PHX,2008-08-18,105.0,83.0,0.0,6.557652,125.376816,19.204073,31.588028,46.027565,13.0
PHX,2008-08-19,106.0,84.0,0.0,4.3501096,225.49387,15.437034,28.003405,44.58585,10.0
PHX,2008-08-20,107.0,85.0,0.0,4.97733,302.4742,12.838842,23.126154,39.9714,10.0
PHX,2008-08-21,107.0,84.0,0.0,5.115304,265.99515,12.327529,22.69384,33.615627,11.0
PHX,2008-08-22,107.0,87.0,0.0,5.2883296,280.03363,13.488544,24.388199,37.685726,9.0
PHX,2008-08-23,108.0,89.0,0.01,8.364697,275.1299,13.852255,20.85138,40.9587,20.0
PHX,2008-08-24,109.0,87.0,0.0,6.528604,99.99632,15.159458,26.270765,37.685726,12.0
PHX,2008-08-25,104.0,72.0,0.9,7.4729214,245.89355,25.4076,50.82611,93.51795,20.0
PHX,2008-08-26,92.0,73.0,0.12,3.877193,168.25645,46.774456,65.56816,94.10022,10.0
PHX,2008-08-27,97.0,77.0,0.06,6.004796,138.80643,37.32521,57.409515,87.60026,13.0
PHX,2008-08-28,100.0,64.0,0.94,7.06383,165.7087,35.422565,50.24384,100.0,46.0
PHX,2008-08-29,101.0,77.0,0.02,3.6583333,135.20345,31.008121,52.083736,87.6745,12.0
PHX,2008-08-30,98.0,81.0,0.0,6.686932,150.62498,33.68697,48.43037,67.219124,15.0
PHX,2008-08-31,95.0,74.0,0.02,5.97254,161.62723,33.4372,54.8985,87.45151,12.0
PHX,2008-09-01,96.0,78.0,0.0,3.9040768,142.50154,30.261078,47.84142,64.0289,8.0
PHX,2008-09-02,103.0,82.0,0.0,3.8237987,173.6063,17.605417,39.09836,62.533913,7.0
PHX,2008-09-03,103.0,82.0,0.0,4.393873,127.016335,18.1859,30.73678,47.52351,9.0
PHX,2008-09-04,105.0,82.0,0.0,4.192872,103.446434,11.275161,30.110077,54.501564,9.0
PHX,2008-09-05,106.0,80.0,0.0,3.4100718,114.29535,8.0044365,24.223955,42.467537,8.0
PHX,2008-09-06,108.0,82.0,0.0,4.0062895,129.21706,8.14026,20.258461,31.541557,8.0
PHX,2008-09-07,106.0,82.0,0.0,5.5034323,92.292496,10.575551,21.450157,35.9494,10.0
PHX,2008-09-08,102.0,86.0,0.0001,6.0160184,95.30738,17.605417,26.022026,34.793396,15.0
PHX,2008-09-09,101.0,81.0,0.0,3.8641572,134.58685,22.543182,33.867855,48.0542,12.0
PHX,2008-09-10,98.0,78.0,0.0001,6.025529,133.03542,25.2288,41.12559,54.357697,20.0
PHX,2008-09-11,97.0,76.0,0.0,5.8329687,252.33308,22.252043,44.04939,68.78279,34.0
PHX,2008-09-12,95.0,73.0,0.0,4.696017,227.2667,19.433031,37.28959,57.319477,11.0
PHX,2008-09-13,99.0,76.0,0.0,3.6226416,272.999,13.494633,27.932018,49.90776,11.0
PHX,2008-09-14,103.0,75.0,0.0,3.3542976,124.09865,7.257894,24.852169,45.4358,7.0
PHX,2008-09-15,99.0,79.0,0.0,9.696016,100.49212,15.8627,25.491892,40.635487,16.0
PHX,2008-09-16,96.0,79.0,0.0,8.9811325,106.55015,20.93238,30.43616,49.085667,12.0
PHX,2008-09-17,97.0,77.0,0.0,3.1132076,105.80615,17.675777,34.016518,59.979576,7.0
PHX,2008-09-18,99.0,77.0,0.0,3.5639412,129.78366,17.102818,29.14477,43.5648,8.0
PHX,2008-09-19,101.0,77.0,0.0,3.7547169,144.1882,16.101149,27.269262,40.32768,8.0
PHX,2008-09-20,100.0,79.0,0.0,4.3661327,136.48367,23.24069,30.398848,40.541393,7.0
PHX,2008-09-21,101.0,79.0,0.0,5.2809224,212.91168,15.8627,29.416395,50.394115,14.0
PHX,2008-09-22,101.0,76.0,0.0,5.958071,212.43633,17.102818,30.09674,43.38113,11.0
PHX,2008-09-23,101.0,78.0,0.0,3.741007,353.14084,15.459434,27.904114,43.684868,8.0
PHX,2008-09-24,106.0,78.0,0.0,4.8140044,120.75017,11.421861,22.491924,38.91222,13.0
PHX,2008-09-25,102.0,81.0,0.0,8.431866,108.847916,10.266721,19.89484,30.38803,17.0
PHX,2008-09-26,101.0,80.0,0.0,4.356674,114.39659,19.5696,28.81952,39.6666,9.0
PHX,2008-09-27,100.0,79.0,0.0,5.431072,74.964455,17.93061,29.461212,45.1363,18.0
PHX,2008-09-28,101.0,79.0,0.0,7.2955976,90.48058,9.71992,20.86026,38.083847,13.0
PHX,2008-09-29,99.0,78.0,0.0,9.444445,94.756386,10.8694,18.181871,30.244728,17.0
PHX,2008-09-30,100.0,76.0,0.0,5.818309,80.09067,13.057205,19.610323,30.972393,13.0
PHX,2008-10-01,100.0,78.0,0.0,4.705036,93.989586,9.71992,19.107067,28.98515,11.0
PHX,2008-10-02,100.0,76.0,0.0,4.679634,119.92597,12.081413,19.881907,28.979015,11.0
PHX,2008-10-03,93.0,75.0,0.0,4.7379456,163.98766,14.589249,24.194061,34.71805,11.0
PHX,2008-10-04,84.0,71.0,0.0001,7.4675055,114.25331,24.172548,35.715034,59.32307,13.0
PHX,2008-10-05,84.0,68.0,0.0,4.651992,274.12042,25.4963,39.460297,65.5443,10.0
PHX,2008-10-06,90.0,66.0,0.0,4.221968,95.635544,16.5241,32.897747,52.3543,8.0
PHX,2008-10-07,95.0,66.0,0.0,3.2951946,66.98763,12.6846,24.008106,43.44383,13.0
PHX,2008-10-08,98.0,69.0,0.0,3.018868,101.64844,13.297547,25.566246,42.90837,13.0
PHX,2008-10-09,98.0,71.0,0.0,5.8968825,124.875114,12.714477,24.432884,39.7501,10.0
PHX,2008-10-10,94.0,69.0,0.0,8.656455,157.32474,10.742762,24.67746,43.516895,14.0
PHX,2008-10-11,77.0,57.0,0.0,11.857442,252.34114,7.9359713,19.207344,33.92472,25.0
PHX,2008-10-12,72.0,50.0,0.0,6.039387,264.89883,6.815915,15.85649,29.0233,11.0
PHX,2008-10-13,77.0,51.0,0.0,3.903564,276.90665,7.20597,15.007272,28.95236,9.0
PHX,2008-10-14,83.0,54.0,0.0,3.724289,259.47702,6.2517066,14.714926,26.418879,9.0
PHX,2008-10-15,90.0,59.0,0.0,4.942792,70.8815,9.797865,15.968328,28.485779,12.0
PHX,2008-10-16,93.0,65.0,0.0,4.402516,87.08643,11.9342,22.779053,33.1241,12.0
PHX,2008-10-17,95.0,66.0,0.0,3.4135668,74.95961,11.222,21.409225,34.55467,11.0
PHX,2008-10-18,96.0,69.0,0.0,2.9350104,105.11454,10.9654,20.899979,32.2217,10.0
PHX,2008-10-19,97.0,68.0,0.0,4.393873,104.3652,11.860339,23.883287,37.63877,10.0
PHX,2008-10-20,94.0,68.0,0.0,5.3291407,93.56031,13.1457,23.026505,33.2963,10.0
PHX,2008-10-21,92.0,66.0,0.0,4.5754924,109.088394,10.444182,24.271357,40.386597,7.0
PHX,2008-10-22,88.0,64.0,0.0,5.8643327,63.037216,3.751219,15.83784,39.647274,14.0
PHX,2008-10-23,88.0,59.0,0.0,4.2990913,38.5552,3.5729942,9.7412405,19.939213,16.0
PHX,2008-10-24,88.0,59.0,0.0,3.1865828,123.07318,5.01095,14.981442,32.55085,6.0
PHX,2008-10-25,89.0,59.0,0.0,3.7840672,112.34425,6.1290283,16.775925,31.6773,7.0
PHX,2008-10-26,91.0,59.0,0.0,3.5807128,121.82671,6.839984,17.996212,31.6773,9.0
PHX,2008-10-27,94.0,63.0,0.0,7.7141857,99.09672,12.463956,21.568104,30.3231,20.0
PHX,2008-10-28,93.0,66.0,0.0,2.750572,96.12285,14.584461,26.757412,40.2791,7.0
PHX,2008-10-29,94.0,69.0,0.0,2.582057,111.88008,14.106894,26.05678,38.120686,8.0
PHX,2008-10-30,94.0,67.0,0.0,3.0356395,109.80852,13.48956,25.999403,38.73692,6.0
PHX,2008-10-31,92.0,67.0,0.0,4.472422,123.20359,15.000604,26.774996,36.9029,7.0
PHX,2008-11-01,94.0,65.0,0.0,2.4617069,144.05766,12.464,27.379124,45.4265,7.0
PHX,2008-11-02,88.0,65.0,0.0,6.726619,235.88586,22.3815,31.245474,41.97907,10.0
PHX,2008-11-03,87.0,61.0,0.0,5.0587,184.87933,21.4173,33.502377,53.44,10.0
PHX,2008-11-04,78.0,60.0,0.0,4.770241,263.43082,28.2353,39.88862,57.8443,13.0
PHX,2008-11-05,76.0,56.0,0.0,6.018868,269.53955,7.02722,29.343754,59.84349,12.0
PHX,2008-11-06,74.0,50.0,0.0,2.3369803,232.04033,8.67369,15.862615,28.8857,8.0
PHX,2008-11-07,78.0,50.0,0.0,2.4507658,16.928753,7.90925,18.682613,38.9387,9.0
PHX,2008-11-08,81.0,53.0,0.0,2.1802936,114.95423,7.8059,20.877726,34.087,7.0
PHX,2008-11-09,78.0,53.0,0.0001,9.912473,204.76654,10.5119,23.229572,40.3673,22.0
PHX,2008-11-10,69.0,51.0,0.0,3.3375316,54.20894,27.1468,41.069324,58.6194,8.0
PHX,2008-11-11,73.0,53.0,0.0,4.088729,245.67982,25.5027,38.39067,54.377,10.0
PHX,2008-11-12,76.0,52.0,0.0,3.144654,111.98368,20.6113,39.304817,58.7689,5.0
PHX,2008-11-13,79.0,53.0,0.0,3.8183808,109.619705,20.1591,38.115772,58.7689,6.0
PHX,2008-11-14,85.0,54.0,0.0,3.3304157,128.17813,16.5898,34.695435,54.6666,7.0
PHX,2008-11-15,83.0,57.0,0.0,7.6586432,79.39104,6.2852,13.038937,35.5442,14.0
PHX,2008-11-16,84.0,60.0,0.0,4.562363,107.7734,9.27161,16.348516,27.696,13.0
PHX,2008-11-17,87.0,59.0,0.0,2.733813,112.45537,7.75062,19.36084,32.8691,6.0
PHX,2008-11-18,88.0,58.0,0.0,2.1444201,96.84981,7.75062,19.959732,34.8324,6.0
PHX,2008-11-19,86.0,57.0,0.0,2.9350104,92.034996,8.02218,18.727692,30.4796,11.0
PHX,2008-11-20,83.0,56.0,0.0,2.4737945,121.581055,9.92026,21.448902,33.1037,6.0
PHX,2008-11-21,78.0,58.0,0.0,6.5450735,98.86515,12.7302,22.293467,37.2837,14.0
PHX,2008-11-22,79.0,57.0,0.0,3.8679245,114.598434,14.6059,24.050032,35.2293,9.0
PHX,2008-11-23,80.0,51.0,0.0,2.3291404,95.39818,12.8552,27.510963,42.5814,7.0
PHX,2008-11-24,82.0,51.0,0.0,2.3899372,106.85956,12.2376,25.931072,44.162,6.0
PHX,2008-11-25,77.0,62.0,0.0,2.9350104,89.7789,13.1954,19.609936,28.0067,9.0
PHX,2008-11-26,66.0,54.0,0.18,7.8294897,91.41986,26.5298,64.52532,93.6455,14.0
PHX,2008-11-27,67.0,56.0,0.31,5.0957375,237.32326,60.7729,81.85383,100.0,14.0
PHX,2008-11-28,67.0,52.0,0.0,3.0356395,232.43445,52.2226,76.63884,96.729294,8.0
PHX,2008-11-29,69.0,51.0,0.0,2.1881838,179.17259,43.4438,69.36067,92.92925,7.0
PHX,2008-11-30,72.0,49.0,0.0,3.1551363,110.15421,33.9887,65.36902,89.7339,9.0
PHX,2008-12-01,78.0,51.0,0.0,3.077568,118.49547,23.5894,56.79404,85.6699,7.0
PHX,2008-12-02,76.0,52.0,0.0,3.8574424,106.259,29.2433,52.2218,74.6708,8.0
PHX,2008-12-03,75.0,49.0,0.0,2.9580712,94.34935,24.1445,51.12631,74.28986,8.0
PHX,2008-12-04,71.0,51.0,0.0,3.2389936,96.56437,25.5221,48.042244,68.85722,6.0
PHX,2008-12-05,75.0,47.0,0.0,1.9664268,353.01834,16.0291,40.447975,70.8559,7.0
PHX,2008-12-06,73.0,48.0,0.0,3.125786,108.33776,17.922,39.0051,58.609974,9.0
PHX,2008-12-07,64.0,50.0,0.0,3.2033544,109.828896,27.5262,43.58715,58.4942,7.0
PHX,2008-12-08,67.0,50.0,0.0001,4.1189933,210.55698,29.0793,48.291958,66.175,9.0
PHX,2008-12-09,68.0,51.0,0.0,8.231948,337.53732,12.8646,27.983934,58.893,16.0
PHX,2008-12-10,66.0,45.0,0.0,2.5995808,6.409088,13.0112,26.631216,45.154,7.0
PHX,2008-12-11,74.0,46.0,0.0,2.630197,165.84242,17.4001,34.02672,49.3279,6.0
PHX,2008-12-12,68.0,52.0,0.0,4.383648,106.68091,30.3231,41.072536,54.263977,8.0
PHX,2008-12-13,70.0,48.0,0.0,8.524028,213.00795,26.1538,49.08089,70.8559,16.0
PHX,2008-12-14,59.0,47.0,0.0001,7.72956,262.03955,22.0156,32.57583,57.2943,21.0
PHX,2008-12-15,53.0,46.0,0.0001,5.0482183,94.31468,38.9586,55.960484,83.2272,10.0
PHX,2008-12-16,56.0,51.0,0.19,4.383131,287.92398,66.2831,83.4036,100.0,12.0
PHX,2008-12-17,68.0,51.0,0.01,7.910552,145.57178,43.573,70.478546,96.0715,21.0
PHX,2008-12-18,59.0,47.0,0.05,6.744712,271.1981,40.2213,63.677628,89.3093,17.0
PHX,2008-12-19,60.0,42.0,0.0,2.299781,146.43748,40.4273,65.734726,86.992,7.0
PHX,2008-12-20,60.0,40.0,0.0,2.275711,266.74884,35.8675,64.65348,88.8084,4.0
PHX,2008-12-21,63.0,40.0,0.0,2.0545073,130.61623,28.7657,60.645164,85.671,5.0
PHX,2008-12-22,59.0,44.0,0.17,4.6645703,84.0799,45.1134,69.66032,92.8699,9.0
PHX,2008-12-23,58.0,48.0,0.09,4.8679247,255.78351,44.7982,69.96776,96.0532,13.0
PHX,2008-12-24,61.0,46.0,0.0,3.1907756,95.96166,43.6749,62.664932,79.6987,6.0
PHX,2008-12-25,60.0,52.0,0.16,6.5541577,157.01094,69.1726,78.8534,100.0,15.0
PHX,2008-12-26,59.0,40.0,0.3,9.696016,266.20013,32.5295,51.627506,89.73392,17.0
PHX,2008-12-27,51.0,34.0,0.0,2.3480084,38.92897,26.6975,55.616776,88.4699,7.0
PHX,2008-12-28,59.0,34.0,0.0,2.1444201,265.50494,19.9853,50.520092,81.5711,6.0
PHX,2008-12-29,72.0,40.0,0.0,1.5513626,84.57405,19.1781,48.666275,79.21337,11.0
PHX,2008-12-30,73.0,43.0,0.0,2.1194968,127.83785,21.087,49.924324,79.377,8.0
PHX,2008-12-31,74.0,46.0,0.0,3.3123689,102.60017,21.399529,48.194683,68.5077,7.0
PHX,2009-01-01,70.0,44.0,0.0,2.3480084,119.6434,24.125013,53.65879,79.53873,7.0
PHX,2009-01-02,69.0,45.0,0.0,3.0838575,108.50862,27.285658,52.49379,79.53873,7.0
PHX,2009-01-03,65.0,43.0,0.0,4.287212,74.80702,32.490173,55.834846,76.2459,11.0
PHX,2009-01-04,56.0,50.0,0.04,2.431866,356.06726,68.50477,77.593864,92.92925,6.0
PHX,2009-01-05,58.0,43.0,0.0,5.2054505,269.0811,38.010616,51.085773,87.4668,8.0
PHX,2009-01-06,59.0,41.0,0.0,1.8616352,258.62738,27.8211,46.31783,65.067535,5.0
PHX,2009-01-07,63.0,40.0,0.0,2.431866,110.294075,29.520138,53.15228,76.04004,6.0
PHX,2009-01-08,66.0,42.0,0.0,3.5807128,106.17761,33.9192,58.7002,79.37697,8.0
PHX,2009-01-09,67.0,43.0,0.0,4.614256,0.30087408,18.069357,52.208157,85.788086,10.0
PHX,2009-01-10,66.0,43.0,0.0,4.0587,311.39532,13.776,25.845516,41.56485,10.0
PHX,2009-01-11,69.0,41.0,0.0,2.2746332,307.38168,15.0126,35.153736,62.038,8.0
PHX,2009-01-12,74.0,42.0,0.0,0.3773585,110.0,16.521923,40.00946,70.30391,3.0
PHX,2009-01-13,74.0,46.0,0.0,3.8679245,329.5375,16.521923,34.83694,62.563534,11.0
PHX,2009-01-14,74.0,45.0,0.0,2.6457024,163.91203,14.098748,41.19343,63.132015,6.0
PHX,2009-01-15,79.0,46.0,0.0,2.5995808,85.99151,12.283411,34.906384,60.349407,10.0
PHX,2009-01-16,79.0,48.0,0.0,3.4381552,69.989746,12.283411,31.035133,58.34339,13.0
PHX,2009-01-17,77.0,50.0,0.0,2.7651992,17.276688,13.9398,29.651663,46.284035,7.0
PHX,2009-01-18,78.0,48.0,0.0,4.654088,63.874043,12.283411,31.064013,54.377,13.0
PHX,2009-01-19,79.0,49.0,0.0,4.5094337,56.866,13.0576,26.552164,60.882473,15.0
PHX,2009-01-20,80.0,50.0,0.0,4.4444447,66.149376,12.8552065,24.903439,46.45562,13.0
PHX,2009-01-21,80.0,59.0,0.01,6.3542976,86.01859,11.5093,20.65464,65.1368,12.0
PHX,2009-01-22,75.0,60.0,0.1,7.9979033,85.65314,52.9542,67.89771,83.4673,15.0
PHX,2009-01-23,72.0,60.0,0.0001,4.287212,100.966156,49.06533,69.03254,83.66425,8.0
PHX,2009-01-24,72.0,58.0,0.0001,2.932914,7.560219,40.59262,66.60929,89.6957,7.0
PHX,2009-01-25,71.0,52.0,0.0,3.922432,166.96425,27.592365,57.48018,86.413,10.0
PHX,2009-01-26,63.0,49.0,0.0,7.251572,256.5698,20.274216,39.621265,65.4756,13.0
PHX,2009-01-27,63.0,42.0,0.0,4.844864,258.35602,19.514,36.76361,59.3648,10.0
PHX,2009-01-28,64.0,40.0,0.0,2.0712788,267.9049,16.7067,33.57327,57.059,6.0
PHX,2009-01-29,72.0,42.0,0.0,2.7672956,48.3542,10.689367,30.188097,64.3466,9.0
PHX,2009-01-30,76.0,49.0,0.0,6.7672954,62.46708,9.83838,19.066565,32.9294,15.0
PHX,2009-01-31,75.0,44.0,0.0,2.2641509,111.89333,9.562117,24.392836,49.1863,10.0
PHX,2009-02-01,73.0,46.0,0.0,3.3584905,101.545815,14.958663,30.748732,47.542187,8.0
PHX,2009-02-02,77.0,46.0,0.0,3.3102725,113.11157,8.880203,22.586218,38.742233,10.0
PHX,2009-02-03,82.0,48.0,0.0,3.5639412,82.84874,8.328928,19.900883,35.80031,14.0
PHX,2009-02-04,84.0,53.0,0.0,3.2285116,120.433395,7.0326915,18.41967,32.45791,11.0
PHX,2009-02-05,82.0,53.0,0.0,5.5094337,144.32153,8.04471,19.713736,33.363,12.0
PHX,2009-02-06,72.0,51.0,0.0,4.639413,121.96423,21.8109,37.06669,49.2456,9.0
PHX,2009-02-07,72.0,50.0,0.05,8.448637,188.20609,26.6244,53.28438,86.17496,18.0
PHX,2009-02-08,60.0,49.0,0.69,5.5918937,192.47333,47.22028,76.064316,93.498985,14.0
PHX,2009-02-09,62.0,45.0,0.52,9.893082,189.7229,40.86118,71.7231,93.3985,23.0
PHX,2009-02-10,57.0,44.0,0.0,7.9748425,262.57483,30.0361,53.951725,72.985916,14.0
PHX,2009-02-11,61.0,41.0,0.0,3.490566,97.134735,28.099085,55.522156,79.37697,7.0
PHX,2009-02-12,63.0,47.0,0.0,5.6415095,258.0608,26.194105,47.517494,73.3855,13.0
PHX,2009-02-13,63.0,41.0,0.0,2.5618448,117.030334,18.90482,43.452244,72.985916,7.0
PHX,2009-02-14,61.0,42.0,0.0,3.4842768,211.6065,23.662518,49.640846,73.3938,7.0
PHX,2009-02-15,65.0,44.0,0.0,2.8679245,101.958046,25.598766,46.714573,68.04732,7.0
PHX,2009-02-16,66.0,45.0,0.0,4.9161425,75.70524,27.550304,49.342896,76.2459,10.0
PHX,2009-02-17,64.0,52.0,0.06,4.167715,255.76057,31.852055,56.036266,92.92925,11.0
PHX,2009-02-18,67.0,45.0,0.0,2.0125787,171.58871,17.638279,47.880333,76.345345,5.0
PHX,2009-02-19,73.0,46.0,0.0,4.0,51.31272,9.823995,32.403606,65.629745,12.0
PHX,2009-02-20,76.0,48.0,0.0,2.538784,297.64902,10.8351,31.828396,68.153,9.0
PHX,2009-02-21,76.0,49.0,0.0,2.8679245,131.45212,13.5976925,37.19682,60.88615,9.0
PHX,2009-02-22,78.0,55.0,0.0,2.5995808,105.631805,15.1372,36.06121,61.67368,6.0
PHX,2009-02-23,84.0,60.0,0.0,3.125786,124.40624,13.916665,29.783875,49.5471,8.0
PHX,2009-02-24,84.0,56.0,0.0,3.1865828,85.93233,16.940113,35.961,61.814636,6.0
PHX,2009-02-25,85.0,58.0,0.0,5.4905663,159.47705,15.656481,34.165516,57.420086,12.0
PHX,2009-02-26,78.0,54.0,0.0,5.251572,289.75012,11.262949,30.890041,54.797512,16.0
PHX,2009-02-27,78.0,51.0,0.0,3.6897275,88.46761,12.254432,32.85394,56.581043,7.0
PHX,2009-02-28,85.0,52.0,0.0,2.8511531,35.994427,8.3681965,30.14922,68.5048,11.0
PHX,2009-03-01,86.0,58.0,0.0,5.922432,81.839325,8.40277,19.259924,49.259594,14.0
PHX,2009-03-02,88.0,58.0,0.0,3.7735848,114.83694,8.917392,23.97197,55.521954,10.0
PHX,2009-03-03,83.0,62.0,0.0,4.5744233,127.81593,13.921441,25.823195,39.647274,10.0
PHX,2009-03-04,83.0,61.0,0.0,4.863732,292.12323,9.384537,25.70091,49.5471,11.0
PHX,2009-03-05,73.0,59.0,0.0,2.855346,297.99152,16.625828,24.148438,38.847416,7.0
PHX,2009-03-06,74.0,59.0,0.0,7.5890985,267.06747,9.407592,21.497063,39.329,18.0
PHX,2009-03-07,68.0,50.0,0.0,4.538784,301.61093,16.466145,27.19146,44.162,11.0
PHX,2009-03-08,72.0,48.0,0.0,2.7421384,89.59432,14.958663,32.120533,51.3391,5.0
PHX,2009-03-09,76.0,57.0,0.0001,8.366877,197.79854,23.2975,42.488846,69.51858,14.0
PHX,2009-03-10,74.0,51.0,0.0,3.7064989,61.102497,16.521923,37.768604,63.3341,7.0
PHX,2009-03-11,80.0,52.0,0.0,5.534591,206.16824,14.204324,32.127487,58.893,14.0
PHX,2009-03-12,77.0,55.0,0.0,6.5828094,279.58298,17.025396,29.272657,45.264656,16.0
PHX,2009-03-13,76.0,54.0,0.0,3.7127883,260.5979,20.611303,35.60871,56.618217,9.0
PHX,2009-03-14,78.0,54.0,0.0,3.4192872,203.67781,11.26792,31.369928,55.39365,8.0
PHX,2009-03-15,79.0,52.0,0.0,5.2327046,113.52392,9.976207,26.349794,58.6194,10.0
PHX,2009-03-16,82.0,56.0,0.0,3.7735848,91.54362,8.087499,22.03574,36.95987,8.0
PHX,2009-03-17,86.0,57.0,0.0,2.9350104,124.82937,7.54566,22.456476,38.938686,7.0
PHX,2009-03-18,89.0,58.0,0.0,3.2935011,124.357086,6.047993,21.10622,34.8324,7.0
PHX,2009-03-19,89.0,61.0,0.0,4.287212,103.38087,8.118333,18.924234,34.8324,8.0
PHX,2009-03-20,89.0,64.0,0.0,4.0482183,88.24797,8.198813,18.51989,35.15232,9.0
PHX,2009-03-21,90.0,60.0,0.0,7.821803,202.12729,11.175735,21.096817,37.7812,14.0
PHX,2009-03-22,84.0,59.0,0.0,11.067086,264.03528,10.344446,18.294222,28.35187,23.0
PHX,2009-03-23,72.0,51.0,0.0,7.5639415,258.63757,11.58044,17.91017,24.809792,17.0
PHX,2009-03-24,75.0,50.0,0.0,4.077568,262.24893,10.335244,20.635761,43.9872,10.0
PHX,2009-03-25,80.0,52.0,0.0,5.7610064,245.69707,8.48068,17.487747,32.45791,13.0
PHX,2009-03-26,82.0,54.0,0.0,14.2243185,321.6261,6.284313,15.985018,36.5424,32.0
PHX,2009-03-27,71.0,49.0,0.0,6.6079664,304.5648,8.80405,12.979714,27.821062,16.0
PHX,2009-03-28,78.0,49.0,0.0,3.2096436,104.74048,6.11646,17.00894,32.8578,8.0
PHX,2009-03-29,82.0,54.0,0.0,8.628931,178.40768,7.317847,16.296995,31.034126,15.0
PHX,2009-03-30,75.0,60.0,0.0,7.197065,259.66418,5.3249235,16.727121,40.86118,12.0
PHX,2009-03-31,77.0,50.0,0.0,5.2389936,238.66972,5.6110716,13.013317,24.793104,10.0
PHX,2009-04-01,79.0,53.0,0.0,7.463312,234.66237,10.721486,17.283615,27.33219,13.0
PHX,2009-04-02,83.0,55.0,0.0,5.57652,178.4473,13.916665,24.252373,43.212826,10.0
PHX,2009-04-03,82.0,58.0,0.0,11.60028,249.45193,9.25394,27.126617,49.259594,26.0
PHX,2009-04-04,72.0,52.0,0.0,7.735849,261.923,8.646493,16.485464,29.671701,15.0
PHX,2009-04-05,81.0,50.0,0.0,3.2704403,8.670913,7.721273,14.353779,27.01512,12.0
PHX,2009-04-06,89.0,57.0,0.0,7.863732,69.382866,4.626231,13.471298,35.57365,19.0
PHX,2009-04-07,92.0,62.0,0.0,6.0901465,163.50291,5.6814733,11.446033,19.797068,12.0
PHX,2009-04-08,79.0,64.0,0.0,11.049616,247.56567,11.43772,19.014788,30.008278,17.0
PHX,2009-04-09,79.0,54.0,0.0,4.8197064,123.71988,12.699913,25.142221,43.35763,8.0
PHX,2009-04-10,84.0,57.0,0.0001,10.002096,192.38588,10.386442,24.208765,44.023,22.0
PHX,2009-04-11,63.0,50.0,0.19,5.716981,124.12966,47.86205,72.461044,89.3093,11.0
PHX,2009-04-12,76.0,54.0,0.0,4.651992,261.29025,25.196789,51.192554,83.0024,12.0
PHX,2009-04-13,85.0,58.0,0.0,3.4486372,89.03549,15.4076805,37.032913,74.85828,7.0
PHX,2009-04-14,88.0,65.0,0.0,8.773585,177.50471,10.922072,25.773008,46.52177,19.0
PHX,2009-04-15,71.0,53.0,0.0,14.118798,254.92336,11.244459,26.549694,48.277782,28.0
PHX,2009-04-16,68.0,46.0,0.0,4.234801,303.2615,13.776,23.341219,41.892338,15.0
PHX,2009-04-17,77.0,51.0,0.0,4.461216,249.6153,9.670639,24.754595,49.973057,10.0
PHX,2009-04-18,84.0,55.0,0.0,4.7714887,107.67867,11.475203,19.86364,36.5424,10.0
PHX,2009-04-19,95.0,62.0,0.0,3.2515724,201.45868,5.7404323,17.388798,36.516518,8.0
PHX,2009-04-20,97.0,64.0,0.0,2.7064989,64.63386,5.8180504,14.210749,34.064045,9.0
PHX,2009-04-21,102.0,68.0,0.0,3.8155136,70.06857,3.4915793,11.842273,26.624449,7.0
PHX,2009-04-22,97.0,69.0,0.0,6.215933,134.95801,4.8564487,10.702286,19.896837,12.0
PHX,2009-04-23,94.0,66.0,0.0,6.7610064,251.50381,7.445305,13.732221,25.0368,14.0
PHX,2009-04-24,89.0,68.0,0.0,5.790356,263.96378,10.0478,15.896375,26.320019,13.0
PHX,2009-04-25,84.0,66.0,0.0,11.66457,268.05573,5.4385786,17.15661,32.91289,24.0
PHX,2009-04-26,83.0,57.0,0.0,3.3584905,250.89534,6.943453,12.602231,22.478569,8.0
PHX,2009-04-27,85.0,60.0,0.0,4.7421384,147.90938,6.83048,14.764419,27.214584,9.0
PHX,2009-04-28,87.0,60.0,0.0,6.0125785,174.31866,7.1975765,15.769783,28.726662,11.0
PHX,2009-04-29,89.0,62.0,0.0,3.9454927,345.6863,8.548346,15.249459,24.156021,11.0
PHX,2009-04-30,91.0,63.0,0.0,4.6226416,276.30185,7.24553,15.005563,30.008278,10.0
PHX,2009-05-01,93.0,66.0,0.0,4.0251575,175.66534,8.097843,14.628687,25.848684,8.0
PHX,2009-05-02,90.0,76.0,0.0,9.893082,243.27495,14.9611025,22.127645,28.707455,15.0
PHX,2009-05-03,93.0,69.0,0.0,7.1446543,264.97366,10.539995,24.248112,40.45031,19.0
PHX,2009-05-04,93.0,72.0,0.0,4.55276,271.09048,11.9342,18.351639,26.1045,11.0
PHX,2009-05-05,97.0,71.0,0.0,7.018868,272.1237,9.542487,18.995178,35.04244,18.0
PHX,2009-05-06,100.0,71.0,0.0,4.2767296,250.13086,9.020614,17.585894,28.7949,11.0
PHX,2009-05-07,102.0,73.0,0.0,5.041929,232.84555,7.9994636,16.483126,33.92472,11.0
PHX,2009-05-08,105.0,73.0,0.0,6.174004,223.67902,5.70651,14.52381,30.494877,16.0
PHX,2009-05-09,103.0,75.0,0.0,6.2809224,290.73282,6.5768003,12.049318,24.144508,10.0
PHX,2009-05-10,102.0,73.0,0.0,4.754717,356.00555,6.4925613,12.955314,23.659756,10.0
PHX,2009-05-11,103.0,74.0,0.0,5.041929,266.90347,6.980548,13.590881,28.23534,11.0
PHX,2009-05-12,101.0,73.0,0.0,5.7023063,242.73186,5.7683773,12.336591,23.4302,13.0
PHX,2009-05-13,101.0,72.0,0.0,5.3249474,301.51755,7.4125485,14.4287195,24.156021,14.0
PHX,2009-05-14,101.0,73.0,0.0,6.773585,215.80281,6.25365,15.315561,31.335583,13.0
PHX,2009-05-15,101.0,75.0,0.0,4.9454927,287.34576,6.0875564,13.544042,28.2041,10.0
PHX,2009-05-16,102.0,74.0,0.0,4.958071,267.84308,8.092839,14.971107,27.259447,9.0
PHX,2009-05-17,107.0,78.0,0.0,3.7547169,99.416756,10.137731,16.894474,24.7336,9.0
PHX,2009-05-18,106.0,80.0,0.0001,6.415793,354.7513,8.948742,17.352776,28.98515,15.0
PHX,2009-05-19,105.0,83.0,0.0,6.809224,108.10297,8.108444,17.335331,35.711174,14.0
PHX,2009-05-20,94.0,84.0,0.0,10.622642,97.56456,17.1676,23.33827,30.800503,19.0
PHX,2009-05-21,87.0,68.0,0.11,6.419287,122.630516,27.78543,48.717426,86.6643,20.0
PHX,2009-05-22,80.0,67.0,0.13,4.606569,105.37498,41.99749,63.8751,93.3546,12.0
PHX,2009-05-23,92.0,72.0,0.01,5.1320753,74.66013,22.253,44.60174,73.40572,10.0
PHX,2009-05-24,96.0,73.0,0.0,5.3354297,129.59338,12.0519,25.344608,51.181538,12.0
PHX,2009-05-25,96.0,73.0,0.0,5.7190776,303.4786,9.542487,17.761164,36.695335,15.0
PHX,2009-05-26,98.0,74.0,0.0,5.0293503,285.6893,8.93708,16.92004,32.10417,9.0
PHX,2009-05-27,100.0,74.0,0.0,4.8693223,351.34637,7.2098002,17.655834,33.082916,12.0
PHX,2009-05-28,102.0,75.0,0.0,5.0901465,37.6981,7.5775795,18.479069,33.568794,16.0
PHX,2009-05-29,101.0,77.0,0.0,6.3018866,265.9568,7.9994636,15.503357,30.972393,14.0
PHX,2009-05-30,101.0,76.0,0.0,5.119497,267.8579,4.818698,9.701219,17.025396,15.0
PHX,2009-05-31,100.0,75.0,0.0,4.4444447,189.03282,4.1642156,14.857409,33.224365,11.0
PHX,2009-06-01,100.0,74.0,0.0,5.7966456,72.73394,6.72327,13.0071335,21.811274,10.0
PHX,2009-06-02,102.0,77.0,0.0,5.36478,230.9622,6.7994385,13.178761,23.881039,12.0
PHX,2009-06-03,106.0,76.0,0.0,4.7379456,92.938416,3.1007946,9.185393,21.65579,9.0
PHX,2009-06-04,107.0,78.0,0.0,6.5918937,191.93044,4.4604254,9.838142,17.376516,16.0
PHX,2009-06-05,95.0,80.0,0.0,9.312369,253.83018,8.295807,14.991545,24.33147,18.0
PHX,2009-06-06,91.0,70.0,0.0,6.712788,274.1749,10.6035,16.794748,29.873991,17.0
PHX,2009-06-07,92.0,68.0,0.0,3.5807128,305.38882,11.0146,18.14795,29.873991,7.0
PHX,2009-06-08,93.0,74.0,0.0,5.580713,208.649,12.056401,17.80173,28.23534,11.0
PHX,2009-06-09,96.0,74.0,0.0,6.792453,206.51558,11.751587,16.198471,23.297539,16.0
PHX,2009-06-10,95.0,71.0,0.0001,7.578616,215.51266,11.9342,25.424362,47.746704,15.0
PHX,2009-06-11,93.0,73.0,0.0,7.0545073,187.08693,9.052368,18.10205,32.362,14.0
PHX,2009-06-12,98.0,71.0,0.0,7.275332,191.52115,4.303489,15.412034,26.624449,15.0
PHX,2009-06-13,97.0,72.0,0.0,7.802935,235.8239,8.140951,14.661539,22.381468,15.0
PHX,2009-06-14,95.0,73.0,0.0,6.0545073,265.39468,12.534376,19.674574,32.91289,13.0
PHX,2009-06-15,97.0,72.0,0.0,7.1278825,187.73172,9.272756,18.46383,31.2624,18.0
PHX,2009-06-16,97.0,74.0,0.0,5.9119496,170.17766,9.409667,18.218418,27.0664,13.0
PHX,2009-06-17,96.0,79.0,0.0,6.2392974,211.45227,16.1474,22.974545,87.08903,11.0
PHX,2009-06-18,99.0,78.0,0.0,4.287212,262.08743,9.272756,20.215597,30.49623,11.0
PHX,2009-06-19,95.0,77.0,0.0001,6.30608,151.05356,14.824284,25.621664,47.251026,17.0
PHX,2009-06-20,100.0,74.0,0.0,6.36478,204.42598,15.8627,29.167173,49.81447,14.0
PHX,2009-06-21,101.0,77.0,0.0,6.30608,234.42908,7.9185495,16.521984,27.190342,12.0
PHX,2009-06-22,105.0,78.0,0.0,4.538784,22.322529,8.26515,16.30296,30.92807,10.0
PHX,2009-06-23,103.0,83.0,0.0,5.209644,299.2193,8.875132,14.169644,25.494644,11.0
PHX,2009-06-24,108.0,86.0,0.0,6.1215935,280.9417,8.4389105,15.089792,22.529465,13.0
PHX,2009-06-25,98.0,86.0,0.0001,6.1048217,275.8971,14.981926,21.586954,31.103952,16.0
PHX,2009-06-26,105.0,80.0,0.02,4.174004,267.96927,15.437034,26.4823,42.3021,14.0
PHX,2009-06-27,109.0,86.0,0.0,6.197065,273.7386,10.331626,20.567108,35.9494,11.0
PHX,2009-06-28,111.0,87.0,0.0,5.167715,175.73895,9.887846,20.012838,32.009186,11.0
PHX,2009-06-29,108.0,88.0,0.0,7.936408,167.92621,13.7463,24.534473,36.4201,18.0
PHX,2009-06-30,108.0,86.0,0.0,7.807128,236.14557,16.840082,28.748892,40.137066,14.0
PHX,2009-07-01,103.0,87.0,0.0,7.2997904,214.325,19.7129,31.317076,42.015064,16.0
PHX,2009-07-02,103.0,83.0,0.01,4.9727464,73.560356,23.518332,36.425594,56.98148,16.0
PHX,2009-07-03,107.0,79.0,0.01,7.712788,145.76846,19.463493,36.484665,74.06516,19.0
PHX,2009-07-04,106.0,79.0,0.02,5.4779873,237.29991,18.3253,38.883347,71.72285,11.0
PHX,2009-07-05,110.0,90.0,0.0,7.0649896,269.51495,7.8824844,19.387976,35.4019,17.0
PHX,2009-07-06,109.0,87.0,0.0,7.8553457,255.14551,13.711723,19.80959,34.881798,16.0
PHX,2009-07-07,107.0,86.0,0.0,6.557652,272.16763,18.10997,31.394821,46.18992,14.0
PHX,2009-07-08,107.0,87.0,0.0,5.538784,300.17734,13.852255,20.295689,34.58052,15.0
PHX,2009-07-09,109.0,85.0,0.0,4.807128,87.723755,8.174729,18.581501,41.549618,9.0
PHX,2009-07-10,112.0,89.0,0.0,4.696017,290.30154,6.259362,12.356135,21.9768,10.0
PHX,2009-07-11,114.0,88.0,0.0,4.7379456,273.3051,7.67767,13.882257,24.3578,10.0
PHX,2009-07-12,115.0,91.0,0.0,7.1257863,276.43936,9.066178,15.274017,23.672419,17.0
PHX,2009-07-13,113.0,90.0,0.0,7.190776,244.09315,12.540935,21.693995,34.057217,17.0
PHX,2009-07-14,114.0,89.0,0.0,6.809224,234.38214,9.497662,19.624329,33.9195,11.0
PHX,2009-07-15,107.0,91.0,0.0,6.969252,305.8092,16.2893,23.07806,30.2611,27.0
PHX,2009-07-16,112.0,90.0,0.0,5.773585,279.9236,13.2361,22.652842,33.564045,18.0
PHX,2009-07-17,114.0,93.0,0.0,8.410901,160.30832,11.641209,19.92754,31.287489,26.0
PHX,2009-07-18,114.0,90.0,0.0,6.146052,155.44212,9.785059,18.08522,26.520296,15.0
PHX,2009-07-19,114.0,91.0,0.0,7.0251575,213.1205,10.8871,19.227808,30.6517,19.0
PHX,2009-07-20,111.0,84.0,0.0001,8.599581,16.01246,14.5057,27.137377,58.654602,34.0
PHX,2009-07-21,103.0,76.0,0.36,5.921733,250.3826,21.192156,44.512947,78.96287,19.0
PHX,2009-07-22,107.0,85.0,0.0,6.6813416,201.0481,19.34554,32.90123,54.8971,11.0
PHX,2009-07-23,107.0,87.0,0.0,7.7568135,160.55731,20.639368,30.985695,48.263123,19.0
PHX,2009-07-24,101.0,83.0,0.0,3.8839972,35.536007,27.843819,38.434998,58.07999,18.0
PHX,2009-07-25,108.0,89.0,0.0001,6.251572,253.25879,21.050446,33.165653,42.611866,11.0
PHX,2009-07-26,110.0,87.0,0.0,5.3354297,212.31557,17.085918,30.651894,49.7919,9.0
PHX,2009-07-27,114.0,92.0,0.0,6.245283,263.34763,11.375569,19.206043,28.183348,12.0
PHX,2009-07-28,115.0,92.0,0.0,7.1446543,264.52112,8.429115,17.482885,32.009186,17.0
PHX,2009-07-29,110.0,88.0,0.0,7.1509433,264.31735,13.711723,18.990265,25.652895,18.0
PHX,2009-07-30,108.0,86.0,0.0,4.3291407,317.152,11.30986,19.556208,28.90467,9.0
PHX,2009-07-31,109.0,86.0,0.0,5.287212,288.8689,8.948742,15.22393,27.9262,10.0
PHX,2009-08-01,110.0,85.0,0.0,5.5185995,273.87958,5.34415,13.019358,24.989746,13.0
PHX,2009-08-02,113.0,87.0,0.0,4.677149,255.05978,8.215139,13.612761,21.242188,12.0
PHX,2009-08-03,114.0,89.0,0.0,5.0545073,255.0933,7.09623,15.181762,26.537167,12.0
PHX,2009-08-04,112.0,90.0,0.0,7.519916,265.86966,11.552487,21.97202,35.56706,12.0
PHX,2009-08-05,113.0,95.0,0.0,5.3333335,240.12279,12.9422,20.124569,27.1038,12.0
PHX,2009-08-06,110.0,91.0,0.0,7.866527,221.34694,8.170984,18.089361,30.9509,19.0
PHX,2009-08-07,102.0,82.0,0.0,7.096436,266.985,5.278142,9.26423,17.954952,14.0
PHX,2009-08-08,102.0,75.0,0.0,4.7966456,59.014908,5.3542795,10.43059,21.65579,9.0
PHX,2009-08-09,104.0,77.0,0.0,4.580713,171.21295,6.3344,13.371136,24.33147,10.0
PHX,2009-08-10,106.0,79.0,0.0,4.287212,298.67932,9.376563,15.350877,24.172548,10.0
PHX,2009-08-11,103.0,86.0,0.0,4.903564,266.82922,16.101149,27.691908,42.314247,10.0
PHX,2009-08-12,110.0,87.0,0.0,7.1767993,231.58809,14.764447,24.68503,38.15369,17.0
PHX,2009-08-13,95.0,74.0,0.28,5.962264,126.38767,30.261078,57.255978,87.5043,12.0
PHX,2009-08-14,105.0,80.0,0.0,6.3354297,167.74661,15.282179,34.6297,59.9939,9.0
PHX,2009-08-15,106.0,80.0,0.0,6.0545073,219.73283,10.575551,20.657309,42.1638,13.0
PHX,2009-08-16,106.0,81.0,0.0,4.4549265,186.77904,8.394004,17.600338,36.60034,10.0
PHX,2009-08-17,108.0,80.0,0.0,4.402516,256.5605,5.833329,12.939793,24.172548,11.0
PHX,2009-08-18,109.0,80.0,0.0,5.073375,271.5407,7.0693264,12.821694,23.1805,10.0
PHX,2009-08-19,106.0,84.0,0.0,5.922432,277.34775,13.852255,23.366995,37.988888,13.0
PHX,2009-08-20,109.0,87.0,0.0,6.69392,260.21002,10.6,23.165205,36.4201,13.0
PHX,2009-08-21,107.0,79.0,0.0001,8.954577,264.82703,17.5227,29.722218,59.9939,27.0
PHX,2009-08-22,96.0,76.0,0.0001,5.442348,73.46825,34.8818,51.375927,76.56899,10.0
PHX,2009-08-23,103.0,82.0,0.0,5.389937,216.41386,20.644173,37.023262,58.396584,10.0
PHX,2009-08-24,104.0,83.0,0.0,5.0356393,210.06685,14.9382,27.42273,44.287228,8.0
PHX,2009-08-25,104.0,85.0,0.0,5.4255767,64.43491,15.699291,27.004164,40.137066,11.0
PHX,2009-08-26,107.0,82.0,0.0,4.706499,186.70029,9.376563,18.888912,30.820354,8.0
PHX,2009-08-27,113.0,84.0,0.0,4.922432,255.33504,6.7267976,15.060629,26.756052,10.0
PHX,2009-08-28,113.0,84.0,0.0,5.419287,112.03351,6.353575,13.971325,23.91335,12.0
PHX,2009-08-29,113.0,87.0,0.0,5.7421384,154.7523,6.4395046,16.195566,31.57126,11.0
PHX,2009-08-30,110.0,85.0,0.0,5.9706497,217.88396,8.614079,17.515316,26.84373,14.0
PHX,2009-08-31,109.0,84.0,0.01,7.4102025,106.2125,12.725817,21.403482,41.714317,25.0
PHX,2009-09-01,106.0,83.0,0.0001,5.958071,279.77444,14.7981,27.3128,44.450325,26.0
PHX,2009-09-02,105.0,83.0,0.0,5.4486375,263.14304,18.598293,26.931414,40.1371,11.0
PHX,2009-09-03,107.0,80.0,0.0001,10.384347,267.39468,19.34554,31.691257,60.48584,19.0
PHX,2009-09-04,103.0,81.0,0.0,5.8197064,184.1208,21.885397,37.09393,58.396584,12.0
PHX,2009-09-05,90.0,73.0,0.16,5.677848,102.28316,35.03671,55.31508,83.209045,14.0
PHX,2009-09-06,99.0,76.0,0.0001,3.8574424,204.04655,23.24069,44.58891,68.5868,11.0
PHX,2009-09-07,101.0,81.0,0.0,4.6457024,178.11333,22.487574,37.69348,54.357697,9.0
PHX,2009-09-08,102.0,83.0,0.0,5.933613,144.21562,21.624311,33.61636,51.212227,21.0
PHX,2009-09-09,102.0,79.0,0.0,4.781272,54.93199,17.9487,32.627068,56.183395,17.0
PHX,2009-09-10,106.0,81.0,0.0,3.4381552,50.332607,14.281805,25.97853,40.8409,9.0
PHX,2009-09-11,106.0,83.0,0.0,5.7638016,58.961285,10.953099,24.618235,38.391026,14.0
PHX,2009-09-12,105.0,84.0,0.0,5.825996,75.08881,13.504246,23.790642,36.017887,11.0
PHX,2009-09-13,102.0,83.0,0.0,7.6750526,158.62888,18.248335,29.565292,45.06871,13.0
PHX,2009-09-14,102.0,82.0,0.0,6.976939,201.32117,14.333267,24.657257,33.9195,15.0
PHX,2009-09-15,99.0,78.0,0.0,6.348008,170.72179,13.976392,22.505045,35.9081,10.0
PHX,2009-09-16,97.0,75.0,0.0,4.863732,139.04172,11.751587,20.914242,38.432755,13.0
PHX,2009-09-17,100.0,76.0,0.0,5.293501,85.654724,11.755436,21.036495,29.513525,11.0
PHX,2009-09-18,99.0,79.0,0.0,5.922432,81.233665,16.852327,26.276358,36.787907,16.0
PHX,2009-09-19,102.0,80.0,0.0,6.599581,91.77708,14.333267,27.441948,39.366528,18.0
PHX,2009-09-20,102.0,78.0,0.0,6.077568,122.830215,14.333267,27.084257,43.261497,12.0
PHX,2009-09-21,104.0,78.0,0.0,6.096436,261.79398,11.679831,21.88833,37.775288,11.0
PHX,2009-09-22,98.0,78.0,0.0,8.234801,53.21455,4.303489,8.999321,25.188095,16.0
PHX,2009-09-23,95.0,76.0,0.0,7.30608,61.547165,6.7994385,10.106939,18.220182,15.0
PHX,2009-09-24,98.0,70.0,0.0,2.5995808,114.801544,7.249055,14.45108,23.297539,8.0
PHX,2009-09-25,103.0,73.0,0.0,3.3542976,117.70242,7.3747,16.167097,33.92472,12.0
PHX,2009-09-26,106.0,76.0,0.0,2.8511531,107.03737,4.5493684,14.141558,30.024418,8.0
PHX,2009-09-27,107.0,74.0,0.0,4.1320753,102.24263,4.672039,12.994194,22.316002,10.0
PHX,2009-09-28,106.0,74.0,0.0,4.4486375,104.36933,4.6445785,12.904731,23.4302,8.0
PHX,2009-09-29,103.0,74.0,0.0,6.0,146.73431,7.2098002,13.99021,24.144508,11.0
PHX,2009-09-30,97.0,77.0,0.0,9.297694,263.68683,6.83048,15.679364,24.902683,18.0
PHX,2009-10-01,90.0,65.0,0.0,3.8490567,256.66763,3.786444,9.200534,14.9587,8.0
PHX,2009-10-02,91.0,62.0,0.0,5.096436,279.94998,5.01095,11.291234,26.200342,10.0
PHX,2009-10-03,89.0,70.0,0.0,5.7023063,168.04485,9.72155,28.72344,53.79913,11.0
PHX,2009-10-04,92.0,71.0,0.0,9.383648,203.68417,16.216623,40.7159,70.4701,17.0
PHX,2009-10-05,82.0,65.0,0.0,6.245283,265.12952,11.1457,21.712942,40.9045,13.0
PHX,2009-10-06,87.0,59.0,0.0,3.8574424,251.40286,11.509323,18.682566,32.1716,10.0
PHX,2009-10-07,80.0,67.0,0.0001,5.1991615,294.52448,15.025358,28.78066,38.432755,11.0
PHX,2009-10-08,82.0,62.0,0.0,3.8322852,154.98727,11.175735,26.833649,51.638233,9.0
PHX,2009-10-09,86.0,60.0,0.0,3.9454927,103.867805,10.0878,21.281088,33.0374,7.0
PHX,2009-10-10,88.0,64.0,0.0,3.1006289,109.957085,10.0478,19.332956,28.35187,8.0
PHX,2009-10-11,89.0,63.0,0.0,6.251572,138.63464,16.5241,25.039064,41.07401,12.0
PHX,2009-10-12,89.0,67.0,0.0,7.5283017,224.6589,21.6958,39.102795,54.65895,18.0
PHX,2009-10-13,84.0,66.0,0.0,3.568134,158.02043,21.608385,36.395813,50.1438,9.0
PHX,2009-10-14,88.0,64.0,0.0,4.0901465,270.88715,18.087603,34.363297,48.604218,9.0
PHX,2009-10-15,93.0,66.0,0.0,2.0356395,213.54068,19.1554,32.82905,48.604218,8.0
PHX,2009-10-16,100.0,66.0,0.0,3.077568,142.22421,10.700127,26.638006,48.767506,7.0
PHX,2009-10-17,102.0,72.0,0.0,2.7672956,87.000626,10.271598,19.125593,35.49886,8.0
PHX,2009-10-18,100.0,74.0,0.0,4.6079664,141.73346,12.734306,22.611603,38.432755,12.0
PHX,2009-10-19,95.0,71.0,0.0,4.7966456,219.72948,14.615094,26.210512,38.177532,11.0
PHX,2009-10-20,83.0,69.0,0.0,9.886094,265.45428,16.682333,25.187817,34.870613,17.0
PHX,2009-10-21,84.0,62.0,0.0,3.6981132,273.80276,19.14789,27.292646,42.6487,12.0
PHX,2009-10-22,85.0,61.0,0.0,4.215933,152.96286,12.490134,26.256916,42.3332,10.0
PHX,2009-10-23,89.0,61.0,0.0,3.2935011,150.29315,10.905151,22.149244,37.692978,9.0
PHX,2009-10-24,88.0,60.0,0.0,4.167715,107.8066,10.717168,22.636738,36.18946,7.0
PHX,2009-10-25,89.0,63.0,0.0,4.3291407,104.651474,7.8670006,18.15856,32.55085,9.0
PHX,2009-10-26,84.0,59.0,0.0,4.7190776,61.63126,4.6808996,10.043051,23.240942,13.0
PHX,2009-10-27,85.0,56.0,0.0,11.232704,276.071,5.576988,15.654031,25.74177,23.0
PHX,2009-10-28,64.0,51.0,0.0,11.578616,283.062,10.471296,19.456718,33.435818,20.0
PHX,2009-10-29,67.0,45.0,0.0,4.2997904,243.61264,13.6437,27.81665,49.186333,10.0
PHX,2009-10-30,69.0,46.0,0.0,2.096436,110.6442,11.670958,22.443932,36.847225,6.0
PHX,2009-10-31,83.0,50.0,0.0,2.7903564,305.34094,13.916665,24.53625,37.8625,7.0
PHX,2009-11-01,88.0,55.0,0.0,1.509434,101.282005,11.721342,26.7592,48.46887,8.0
PHX,2009-11-02,89.0,57.0,0.0,2.5807128,109.83993,10.905151,24.148907,37.368904,8.0
PHX,2009-11-03,96.0,58.0,0.0,3.2935011,95.3665,7.1267023,20.342022,36.04328,10.0
PHX,2009-11-04,92.0,62.0,0.0,3.1194968,124.86058,9.62898,17.766861,30.184837,9.0
PHX,2009-11-05,92.0,63.0,0.0,3.8385744,115.811134,9.994018,22.212402,39.13794,7.0
PHX,2009-11-06,83.0,61.0,0.0,2.6415095,104.7821,15.206306,27.03492,38.419838,7.0
PHX,2009-11-07,85.0,58.0,0.0,2.6645703,82.03853,15.5643,31.411757,53.201595,6.0
PHX,2009-11-08,84.0,59.0,0.0,4.3773584,104.07172,19.988005,31.573526,41.062683,10.0
PHX,2009-11-09,86.0,58.0,0.0,3.480084,95.179375,17.613123,31.533747,49.0803,8.0
PHX,2009-11-10,91.0,61.0,0.0,2.2452831,94.28913,11.094184,26.055515,45.738,6.0
PHX,2009-11-11,90.0,64.0,0.0,3.4360588,102.76274,14.7654,25.619654,35.04244,10.0
PHX,2009-11-12,79.0,64.0,0.0,4.071279,87.435165,25.945312,34.933094,43.44383,8.0
PHX,2009-11-13,75.0,65.0,0.0,6.27044,208.78209,27.066418,35.281982,45.261,13.0
PHX,2009-11-14,69.0,56.0,0.0001,4.360587,144.44363,34.55467,49.6814,74.67078,10.0
PHX,2009-11-15,69.0,49.0,0.0,3.1907756,57.509018,13.456222,43.722748,80.097855,10.0
PHX,2009-11-16,74.0,45.0,0.0,4.0838575,31.039219,7.03842,17.745058,39.7161,13.0
PHX,2009-11-17,78.0,47.0,0.0,1.7610062,92.51114,7.50387,18.970013,41.892338,11.0
PHX,2009-11-18,77.0,50.0,0.0,3.2285116,116.60931,10.1383,22.131407,35.89243,7.0
PHX,2009-11-19,77.0,48.0,0.0,2.951782,152.47565,9.38454,23.749891,40.67593,8.0
PHX,2009-11-20,78.0,48.0,0.0,3.0419288,110.77071,10.752809,25.066475,42.07019,8.0
PHX,2009-11-21,77.0,50.0,0.0,4.293501,89.26313,13.361153,25.843365,39.13533,9.0
PHX,2009-11-22,76.0,48.0,0.0,1.8259958,97.161575,14.230668,29.037582,44.3073,5.0
PHX,2009-11-23,74.0,48.0,0.0,3.0356395,146.466,13.989036,28.148798,42.717617,7.0
PHX,2009-11-24,76.0,48.0,0.0,2.5995808,2.1986883,6.972096,18.247932,37.535633,9.0
PHX,2009-11-25,79.0,47.0,0.0,5.1572328,56.18174,7.5981774,15.024095,29.22702,14.0
PHX,2009-11-26,81.0,60.0,0.0,7.4716983,66.92728,7.503866,12.212959,22.515434,12.0
PHX,2009-11-27,81.0,56.0,0.0,2.8092244,122.59958,14.605949,23.803793,35.229317,8.0
PHX,2009-11-28,71.0,56.0,0.01,5.6645703,211.84415,22.507677,34.077553,47.22028,16.0
PHX,2009-11-29,68.0,49.0,0.0001,3.3354297,46.79109,31.4843,47.764904,63.0796,12.0
PHX,2009-11-30,70.0,51.0,0.0,5.1991615,72.12726,25.20133,44.351864,68.85722,14.0
PHX,2009-12-01,69.0,47.0,0.0,4.9643607,107.00568,26.15378,45.131783,65.42714,8.0
PHX,2009-12-02,69.0,46.0,0.0,4.4067087,99.81336,21.2956,42.22104,62.563534,9.0
PHX,2009-12-03,68.0,44.0,0.0,5.138365,316.38058,8.53306,32.43625,60.20137,11.0
PHX,2009-12-04,61.0,38.0,0.0,4.36478,60.65205,5.01292,15.823518,31.938557,13.0
PHX,2009-12-05,60.0,40.0,0.0,3.4192872,110.72884,16.286919,23.065155,39.5657,10.0
PHX,2009-12-06,61.0,40.0,0.0,4.0670857,112.28593,36.18264,43.40949,54.07212,8.0
PHX,2009-12-07,61.0,52.0,0.29,10.359189,167.3861,54.377007,69.73053,93.59724,30.0
PHX,2009-12-08,55.0,42.0,0.0001,8.169811,260.5182,30.7111,44.928246,60.867,21.0
PHX,2009-12-09,58.0,41.0,0.0,1.5744234,217.76743,24.45427,50.303898,70.30391,5.0
PHX,2009-12-10,58.0,37.0,0.0,2.0230608,185.99544,28.885677,53.865757,79.08094,5.0
PHX,2009-12-11,63.0,40.0,0.0,2.825996,110.38221,27.384645,51.63226,73.19082,6.0
PHX,2009-12-12,65.0,45.0,0.0,3.412998,95.49628,31.16733,52.847378,68.278625,7.0
PHX,2009-12-13,62.0,49.0,0.0001,5.1257863,84.96373,42.505512,72.77662,96.68587,13.0
PHX,2009-12-14,66.0,46.0,0.0,2.8511531,258.4814,34.2207,68.060875,92.83717,8.0
PHX,2009-12-15,70.0,43.0,0.0,4.2997904,77.252945,14.043294,42.9476,81.06822,13.0
PHX,2009-12-16,73.0,44.0,0.0,3.9832284,71.68131,17.667112,35.341583,61.031963,11.0
PHX,2009-12-17,71.0,46.0,0.0,2.9161425,292.1369,20.049805,39.11242,65.82855,8.0
PHX,2009-12-18,72.0,46.0,0.0,2.557652,300.8679,15.519233,35.701942,60.47223,6.0
PHX,2009-12-19,73.0,46.0,0.0,5.9538784,54.8468,13.989036,31.800785,60.47223,15.0
PHX,2009-12-20,71.0,46.0,0.0,3.914046,80.09118,19.170086,28.881514,40.551723,13.0
PHX,2009-12-21,65.0,51.0,0.0,2.3480084,113.554886,26.8386,37.691227,52.613525,6.0
PHX,2009-12-22,66.0,47.0,0.18,5.5255065,130.53593,26.810612,60.743797,89.2615,25.0
PHX,2009-12-23,56.0,41.0,0.0,4.341719,222.2778,38.335285,56.520256,85.96637,7.0
PHX,2009-12-24,59.0,38.0,0.0,2.345912,98.420975,32.928036,61.842216,86.7947,8.0
PHX,2009-12-25,59.0,37.0,0.0,3.0419288,141.99257,20.6436,43.537724,72.77883,7.0
PHX,2009-12-26,60.0,35.0,0.0,2.4549267,67.70724,14.123235,37.75378,72.87286,8.0
PHX,2009-12-27,62.0,40.0,0.0,3.2704403,89.35463,16.4411,29.976906,42.217983,8.0
PHX,2009-12-28,61.0,45.0,0.0,5.408805,70.029755,16.9755,27.656057,47.047966,16.0
PHX,2009-12-29,63.0,47.0,0.0,2.7421384,174.80055,22.051134,31.107088,42.319332,8.0
PHX,2009-12-30,61.0,42.0,0.0,4.2578616,96.47221,26.984823,38.76295,55.562553,8.0
PHX,2009-12-31,64.0,44.0,0.0,4.2997904,40.834267,14.623433,36.495506,62.3019,14.0
PHX,2010-01-01,68.0,41.0,0.0,2.7253668,325.23492,10.2983465,26.919231,54.974903,12.0
PHX,2010-01-02,71.0,45.0,0.0,2.3710692,288.43362,12.891285,29.592232,49.186333,6.0
PHX,2010-01-03,71.0,42.0,0.0,2.0125787,80.01951,14.2636,31.752146,55.0236,7.0
PHX,2010-01-04,74.0,45.0,0.0,5.0901465,66.260185,11.26792,23.78025,45.64971,13.0
PHX,2010-01-05,73.0,45.0,0.0,1.1740042,203.73979,14.508862,30.812284,55.562553,7.0
PHX,2010-01-06,69.0,44.0,0.0,2.1907756,117.071465,19.616613,35.81381,53.467407,5.0
PHX,2010-01-07,69.0,48.0,0.0,2.7484276,128.72319,19.616613,36.308846,49.497097,6.0
PHX,2010-01-08,70.0,44.0,0.0,5.802935,79.54624,15.845089,31.668064,57.78436,12.0
PHX,2010-01-09,70.0,45.0,0.0,4.155136,90.96819,12.500466,24.405437,39.2846,13.0
PHX,2010-01-10,71.0,46.0,0.0,3.1027253,76.42667,12.0203,27.488258,40.773857,12.0
PHX,2010-01-11,73.0,44.0,0.0,3.3542976,61.64377,10.222328,26.399263,47.542187,11.0
PHX,2010-01-12,75.0,47.0,0.0,2.9350104,100.034035,9.670639,20.209265,38.891663,9.0
PHX,2010-01-13,72.0,54.0,0.0001,4.0901465,108.22508,13.706217,25.721693,54.953968,14.0
PHX,2010-01-14,73.0,48.0,0.0,4.947589,346.53745,18.601465,41.371662,71.0698,10.0
PHX,2010-01-15,74.0,48.0,0.0,1.9203354,267.69208,17.922,32.48528,49.6376,8.0
PHX,2010-01-16,70.0,53.0,0.0,3.144654,104.1669,18.902231,30.123709,43.609196,10.0
PHX,2010-01-17,69.0,49.0,0.0,4.251572,111.94797,17.909306,32.49972,47.8567,7.0
PHX,2010-01-18,59.0,51.0,0.01,7.0482183,87.73155,35.041946,52.11688,64.27661,17.0
PHX,2010-01-19,68.0,52.0,0.87,8.301887,145.6765,43.573,72.89243,100.0,18.0
PHX,2010-01-20,64.0,47.0,0.0,5.9685535,160.91522,36.510056,59.931625,77.14099,11.0
PHX,2010-01-21,61.0,51.0,1.33,15.933613,174.58401,57.2943,82.13734,100.0,33.0
PHX,2010-01-22,60.0,47.0,0.16,9.03564,192.10936,47.22028,74.32626,96.0194,19.0
PHX,2010-01-23,57.0,46.0,0.03,6.5932913,254.5687,41.376137,68.59943,100.0,15.0
PHX,2010-01-24,58.0,41.0,0.0,3.0607967,176.70903,30.2109,62.460556,88.7573,9.0
PHX,2010-01-25,62.0,42.0,0.0,2.1844864,235.52295,30.849417,56.92885,76.70506,9.0
PHX,2010-01-26,67.0,46.0,0.0,2.2809224,134.74368,26.807503,53.213997,76.42778,8.0
PHX,2010-01-27,63.0,52.0,0.0001,4.821803,88.51213,53.3604,60.733757,71.60439,15.0
PHX,2010-01-28,64.0,51.0,0.03,5.2459817,142.53621,51.771793,74.07028,92.92925,9.0
PHX,2010-01-29,67.0,50.0,0.0,2.807128,100.30511,43.132824,68.96514,89.2215,7.0
PHX,2010-01-30,68.0,50.0,0.0,4.7966456,87.41259,31.8004,54.522427,76.88203,10.0
PHX,2010-01-31,69.0,47.0,0.0,2.1194968,202.15067,33.29628,56.205414,77.14099,6.0
PHX,2010-02-01,67.0,49.0,0.0,2.8679245,103.41315,30.6848,55.206905,76.70506,7.0
PHX,2010-02-02,73.0,52.0,0.0,2.7903564,119.47229,27.592365,49.579098,74.28986,7.0
PHX,2010-02-03,71.0,54.0,0.01,4.0838575,165.20448,28.626377,52.416603,71.69842,9.0
PHX,2010-02-04,68.0,50.0,0.0,3.7358491,94.45715,35.470932,60.927197,89.1731,7.0
PHX,2010-02-05,70.0,50.0,0.0,4.4486375,127.6324,38.90924,57.914978,79.94239,8.0
PHX,2010-02-06,69.0,51.0,0.0001,4.696017,98.45527,30.6848,52.82653,76.34097,10.0
PHX,2010-02-07,63.0,49.0,0.05,6.766597,259.37238,35.8675,59.338486,89.1731,20.0
PHX,2010-02-08,64.0,47.0,0.0,3.0419288,102.485985,31.16733,54.92446,81.33983,7.0
PHX,2010-02-09,66.0,46.0,0.0,4.0482183,118.74694,26.810612,49.50447,73.1847,7.0
PHX,2010-02-10,60.0,50.0,0.02,5.119497,167.0978,43.709076,62.528057,82.8062,11.0
PHX,2010-02-11,64.0,44.0,0.0,3.0607967,185.87415,44.02296,67.4994,93.34736,9.0
PHX,2010-02-12,68.0,47.0,0.0,3.3291404,119.83251,35.86348,59.757286,81.47353,8.0
PHX,2010-02-13,73.0,48.0,0.0,3.1614256,225.53195,23.860487,51.573063,81.47353,9.0
PHX,2010-02-14,76.0,49.0,0.0,3.02935,232.15044,19.02034,41.036602,68.153,8.0
PHX,2010-02-15,76.0,52.0,0.0,4.861635,65.74603,12.501967,28.678528,52.112114,14.0
PHX,2010-02-16,77.0,54.0,0.0,4.5513625,73.78577,14.8897,29.99259,50.636127,12.0
PHX,2010-02-17,78.0,51.0,0.0,2.8134172,104.73596,16.2852,32.4154,60.867,11.0
PHX,2010-02-18,75.0,51.0,0.0,4.4444447,147.67097,18.874178,37.77543,61.413486,9.0
PHX,2010-02-19,76.0,51.0,0.0,5.4129977,110.11274,21.9702,38.46019,63.2187,9.0
PHX,2010-02-20,61.0,51.0,0.09,4.3466105,202.23148,33.103733,63.755,86.303276,14.0
PHX,2010-02-21,64.0,51.0,0.2,5.4996505,216.14502,40.86118,73.00366,100.0,13.0
PHX,2010-02-22,61.0,47.0,0.21,8.8015375,277.3892,35.8675,63.840824,86.1923,22.0
PHX,2010-02-23,62.0,41.0,0.0,2.8511531,306.89923,19.226183,37.022243,76.1625,7.0
PHX,2010-02-24,68.0,49.0,0.0,4.3773584,110.24824,20.3614,38.019733,56.296757,9.0
PHX,2010-02-25,72.0,51.0,0.0,4.677149,274.58636,21.739614,40.97278,64.028885,13.0
PHX,2010-02-26,70.0,51.0,0.0,3.2452831,64.808556,14.709543,35.27741,58.4942,11.0
PHX,2010-02-27,71.0,53.0,0.08,7.30608,150.50406,20.801163,40.147057,80.25161,15.0
PHX,2010-02-28,59.0,50.0,0.7,7.0363383,236.65002,67.333206,89.65667,100.0,27.0
PHX,2010-03-01,67.0,48.0,0.0,2.4004192,116.907845,48.1659,68.472496,89.73392,7.0
PHX,2010-03-02,74.0,51.0,0.0,4.0251575,150.40141,28.935205,58.91875,86.412964,11.0
PHX,2010-03-03,73.0,51.0,0.0,3.480084,63.994873,28.794912,53.76582,85.6699,8.0
PHX,2010-03-04,70.0,51.0,0.0,6.264151,221.98328,28.485779,51.53075,76.80183,15.0
PHX,2010-03-05,71.0,49.0,0.0,3.0,199.42282,18.902231,41.056118,65.67149,7.0
PHX,2010-03-06,77.0,53.0,0.0,6.331237,185.34947,22.6083,44.175777,66.69953,14.0
PHX,2010-03-07,61.0,48.0,0.36,6.802935,81.82314,55.23908,75.908554,100.0,14.0
PHX,2010-03-08,58.0,47.0,0.11,4.4332633,155.62909,61.6737,82.75801,100.0,8.0
PHX,2010-03-09,59.0,49.0,0.1,9.24668,259.5103,27.296673,62.90775,89.2215,26.0
PHX,2010-03-10,61.0,44.0,0.0001,5.505241,241.6462,29.37621,50.12672,76.2459,16.0
PHX,2010-03-11,62.0,45.0,0.0,4.8972745,278.32193,25.04253,44.82084,68.04732,9.0
PHX,2010-03-12,69.0,46.0,0.0,3.6226416,139.457,27.3147,50.973305,76.52618,6.0
PHX,2010-03-13,72.0,49.0,0.0,4.90566,187.0774,22.846336,47.84067,74.09639,8.0
PHX,2010-03-14,66.0,51.0,0.0,7.72956,283.00836,16.967628,27.850328,46.910225,12.0
PHX,2010-03-15,76.0,51.0,0.0,4.610063,93.33764,15.459485,36.194477,63.2187,8.0
PHX,2010-03-16,81.0,55.0,0.0,4.4444447,74.13844,13.6855,30.951056,58.5219,10.0
PHX,2010-03-17,85.0,56.0,0.0,6.167715,75.470215,12.685346,32.43617,59.84349,11.0
PHX,2010-03-18,83.0,56.0,0.0,7.3962264,192.79834,15.094748,29.514317,55.23908,12.0
PHX,2010-03-19,77.0,58.0,0.0001,7.0020967,284.8313,9.622469,32.749382,53.15338,18.0
PHX,2010-03-20,73.0,57.0,0.0,5.461216,45.23536,9.823995,16.27163,38.834,14.0
PHX,2010-03-21,78.0,51.0,0.0,4.1090145,104.62848,6.5666924,23.489763,44.949036,11.0
PHX,2010-03-22,83.0,54.0,0.0,4.538784,115.2805,10.159754,28.95547,47.22028,8.0
PHX,2010-03-23,68.0,56.0,0.52,5.3773584,185.2887,31.8004,62.649223,86.57997,17.0
PHX,2010-03-24,73.0,54.0,0.0,4.926625,138.096,21.085913,53.471622,84.68271,10.0
PHX,2010-03-25,78.0,52.0,0.0,4.825996,119.2137,15.459485,37.201584,63.3341,8.0
PHX,2010-03-26,75.0,53.0,0.0,9.844864,268.464,13.5718,33.05259,64.2179,20.0
PHX,2010-03-27,76.0,51.0,0.0,5.1991615,5.548322,6.149121,24.327766,61.555695,14.0
PHX,2010-03-28,80.0,53.0,0.0,6.4549265,72.594795,8.330911,19.901281,46.36795,15.0
PHX,2010-03-29,84.0,55.0,0.0,2.8930817,112.431885,9.54215,26.647615,56.618217,8.0
PHX,2010-03-30,87.0,56.0,0.0,4.981132,128.02698,6.75455,25.499165,52.90867,10.0
PHX,2010-03-31,84.0,59.0,0.0,10.054507,211.16084,12.699919,26.133017,45.4267,22.0
PHX,2010-04-01,68.0,55.0,0.0,8.675053,256.0277,14.079617,25.157959,35.6913,16.0
PHX,2010-04-02,70.0,50.0,0.0,3.345912,231.84576,12.3961,29.329529,50.084286,10.0
PHX,2010-04-03,79.0,53.0,0.0,4.3522015,101.77464,13.3228,27.772894,46.910225,8.0
PHX,2010-04-04,83.0,55.0,0.0,5.138365,108.688095,12.8298,29.288767,52.90867,8.0
PHX,2010-04-05,81.0,58.0,0.0,9.947589,244.66814,14.716737,29.784302,51.18082,19.0
PHX,2010-04-06,78.0,57.0,0.0,7.7819705,278.15555,4.6210933,24.680433,53.360447,20.0
PHX,2010-04-07,77.0,59.0,0.0,7.023061,351.74075,7.20597,12.95847,33.599724,14.0
PHX,2010-04-08,86.0,56.0,0.0,4.3186584,4.6016192,6.5948277,18.89685,47.079597,12.0
PHX,2010-04-09,86.0,57.0,0.0,4.2997904,31.893661,7.0065804,20.124138,41.130135,9.0
PHX,2010-04-10,88.0,58.0,0.0,7.293501,140.77191,7.455608,17.365902,34.8324,12.0
PHX,2010-04-11,89.0,59.0,0.0,6.152341,133.78748,7.1148195,18.254364,42.3332,13.0
PHX,2010-04-12,83.0,61.0,0.0,11.066387,252.04408,12.501967,21.328005,38.90924,21.0
PHX,2010-04-13,75.0,58.0,0.0,5.955975,277.18024,16.26282,27.972095,41.130135,13.0
PHX,2010-04-14,83.0,56.0,0.0,3.0,260.41483,12.8552065,27.28221,48.954697,10.0
PHX,2010-04-15,91.0,59.0,0.0,3.6226416,106.57388,8.108836,23.340858,51.77772,8.0
PHX,2010-04-16,85.0,64.0,0.0,4.4849753,255.76613,13.548269,24.639088,38.90924,11.0
PHX,2010-04-17,90.0,60.0,0.0,2.6582808,231.29198,10.905151,24.440907,42.5055,9.0
PHX,2010-04-18,96.0,68.0,0.0,6.2054505,188.22427,6.56662,17.585981,32.42872,11.0
PHX,2010-04-19,88.0,68.0,0.0,3.9182389,202.62617,13.1685,22.527052,42.481915,11.0
PHX,2010-04-20,89.0,66.0,0.0,5.1572328,176.4794,22.17106,30.782774,46.97953,14.0
PHX,2010-04-21,77.0,58.0,0.0,11.008386,259.00754,13.140514,30.222038,52.24899,21.0
PHX,2010-04-22,67.0,53.0,0.04,5.119497,221.48856,25.53702,39.08742,66.69953,14.0
PHX,2010-04-23,72.0,52.0,0.0,7.0251575,238.51393,21.739614,44.467934,74.28986,14.0
PHX,2010-04-24,81.0,56.0,0.0,4.696017,266.03174,18.424961,35.330242,59.576214,12.0
PHX,2010-04-25,89.0,59.0,0.0,4.119497,225.63063,8.436535,26.073902,53.15338,10.0
PHX,2010-04-26,92.0,62.0,0.0,3.4192872,263.97183,9.206597,21.322058,45.88147,9.0
PHX,2010-04-27,95.0,64.0,0.0,6.6477985,265.80463,7.74804,19.862085,43.7531,14.0
PHX,2010-04-28,91.0,68.0,0.0,9.96436,252.27264,11.354093,19.830471,28.541,17.0
PHX,2010-04-29,73.0,59.0,0.0,14.186583,266.37308,12.020265,21.672382,36.3645,23.0
PHX,2010-04-30,74.0,52.0,0.0,6.5031447,272.841,10.024072,21.392624,38.0106,13.0
PHX,2010-05-01,81.0,56.0,0.0,7.9832287,256.7737,10.550102,19.216024,30.210892,23.0
PHX,2010-05-02,82.0,60.0,0.0,12.856744,298.1956,4.9930887,18.105515,32.807682,28.0
PHX,2010-05-03,84.0,57.0,0.0,4.274633,47.77711,8.366096,17.67344,30.530596,8.0
PHX,2010-05-04,92.0,60.0,0.0,4.4905663,117.635376,6.2788815,16.655525,36.04328,8.0
PHX,2010-05-05,98.0,65.0,0.0,6.802935,181.3421,5.09255,14.362581,27.837317,14.0
PHX,2010-05-06,94.0,65.0,0.0,7.12928,256.75644,7.9673057,16.393795,29.249964,16.0
PHX,2010-05-07,95.0,67.0,0.0,3.442348,212.51697,9.39555,18.702675,35.9608,7.0
PHX,2010-05-08,97.0,68.0,0.0,5.2997904,194.83868,9.272756,18.61459,35.9608,10.0
PHX,2010-05-09,94.0,70.0,0.0,8.427673,257.35886,4.3292594,14.191763,36.67034,20.0
PHX,2010-05-10,83.0,61.0,0.0,6.614256,267.84686,9.08047,19.272831,32.1716,17.0
PHX,2010-05-11,78.0,63.0,0.0,10.367575,268.37946,6.69974,17.288479,26.8106,18.0
PHX,2010-05-12,82.0,56.0,0.0,4.3354297,247.3861,12.237622,20.621653,38.938686,14.0
PHX,2010-05-13,87.0,63.0,0.0,4.6645703,37.90888,8.944341,19.569542,38.419838,8.0
PHX,2010-05-14,91.0,66.0,0.0,4.215933,267.47452,7.889578,18.121887,33.6111,11.0
PHX,2010-05-15,95.0,68.0,0.0,3.981132,337.42163,6.9994607,14.123217,24.437313,12.0
PHX,2010-05-16,98.0,68.0,0.0,5.138365,159.46503,6.945708,15.241068,29.562359,10.0
PHX,2010-05-17,97.0,69.0,0.0,8.228512,187.69307,4.29954,13.187061,27.28876,16.0
PHX,2010-05-18,88.0,68.0,0.0,7.4360585,249.88976,14.605949,21.23384,34.55467,14.0
PHX,2010-05-19,94.0,66.0,0.0,5.2410903,246.6971,10.840688,20.021639,37.956196,11.0
PHX,2010-05-20,98.0,68.0,0.0,3.5450733,248.81857,8.548543,18.382004,34.485,9.0
PHX,2010-05-21,101.0,72.0,0.0,8.138365,209.4005,6.980548,15.4994335,28.9352,15.0
PHX,2010-05-22,91.0,72.0,0.0,9.354298,266.43604,8.198813,13.781644,25.196789,18.0
PHX,2010-05-23,79.0,62.0,0.0,11.463312,257.25406,9.228453,15.233758,27.3846,23.0
PHX,2010-05-24,80.0,58.0,0.0,3.951782,286.24344,6.7811437,18.953545,30.530596,10.0
PHX,2010-05-25,90.0,61.0,0.0,4.3773584,240.11203,6.99227,15.364581,34.908714,9.0
PHX,2010-05-26,95.0,65.0,0.0,4.4255767,258.98544,6.0153894,15.854548,31.2624,10.0
PHX,2010-05-27,97.0,67.0,0.0,5.0482183,240.54811,10.390337,18.340586,30.808,10.0
PHX,2010-05-28,98.0,71.0,0.0,6.851153,261.13568,11.00547,18.954617,32.77097,19.0
PHX,2010-05-29,94.0,70.0,0.0,5.3584905,272.35934,7.624609,12.4717655,27.622189,11.0
PHX,2010-05-30,98.0,68.0,0.0,4.0901465,238.73863,5.634983,12.529905,27.28876,7.0
PHX,2010-05-31,100.0,70.0,0.0,5.348008,296.59915,6.5722017,12.655856,25.522087,11.0
PHX,2010-06-01,99.0,71.0,0.0,7.2578616,282.1564,4.696691,9.813598,22.5486,15.0
PHX,2010-06-02,97.0,71.0,0.0,4.4968553,256.36407,5.09255,11.293414,20.1773,8.0
PHX,2010-06-03,100.0,74.0,0.0,5.4549265,307.39798,7.84091,14.952815,27.0664,11.0
PHX,2010-06-04,103.0,76.0,0.0,4.3522015,279.31418,5.2840695,14.204646,28.541,12.0
PHX,2010-06-05,107.0,80.0,0.0,5.3354297,278.51108,6.968483,16.228586,28.145176,12.0
PHX,2010-06-06,109.0,83.0,0.0,5.8679247,273.02814,6.147422,14.99636,24.754936,14.0
PHX,2010-06-07,108.0,82.0,0.0,4.7714887,266.09406,7.6771216,16.095228,27.489658,14.0
PHX,2010-06-08,107.0,81.0,0.0,6.389937,260.0394,9.785218,16.9196,28.604387,14.0
PHX,2010-06-09,106.0,82.0,0.0,5.2578616,253.13965,11.068576,21.060186,36.768383,12.0
PHX,2010-06-10,103.0,80.0,0.0,6.781182,214.14308,13.33913,20.159138,31.2353,18.0
PHX,2010-06-11,96.0,77.0,0.0,7.398323,229.54558,10.4849,20.258242,28.145176,19.0
PHX,2010-06-12,87.0,69.0,0.0001,7.3396225,266.23688,16.0291,22.982662,33.568794,15.0
PHX,2010-06-13,93.0,70.0,0.0,4.654088,253.74348,14.584461,24.386698,42.6003,13.0
PHX,2010-06-14,101.0,73.0,0.0,3.3542976,142.45097,9.186798,18.513943,35.356506,11.0
PHX,2010-06-15,104.0,76.0,0.0,5.4507337,198.47737,7.53055,14.977603,30.024418,14.0
PHX,2010-06-16,104.0,77.0,0.0,8.073376,222.28848,5.70651,14.716621,27.699856,15.0
PHX,2010-06-17,105.0,77.0,0.0,5.1425576,259.6053,5.7065134,13.195961,25.792122,12.0
PHX,2010-06-18,108.0,76.0,0.0,5.6002793,191.56479,4.57784,11.380708,23.881039,13.0
PHX,2010-06-19,104.0,75.0,0.0,4.9643607,68.912155,4.85518,9.907701,19.731,10.0
PHX,2010-06-20,105.0,78.0,0.0,5.0901465,334.17496,7.1393,13.758788,24.5998,10.0
PHX,2010-06-21,105.0,77.0,0.0,6.809224,238.10178,4.85518,12.590529,27.699856,15.0
PHX,2010-06-22,104.0,75.0,0.0,5.096436,306.77512,5.6127367,11.016438,23.327269,11.0
PHX,2010-06-23,109.0,76.0,0.0,4.0670857,278.02795,2.9642086,9.646038,20.161854,10.0
PHX,2010-06-24,113.0,79.0,0.0,5.3773584,281.2109,2.4496613,8.891036,20.441935,12.0
PHX,2010-06-25,110.0,88.0,0.0,7.1537385,190.78578,5.0711575,15.61075,31.57126,16.0
PHX,2010-06-26,107.0,80.0,0.0,6.6834383,191.20897,5.420596,12.564669,22.379805,13.0
PHX,2010-06-27,108.0,79.0,0.0,4.698812,120.06492,6.147422,13.190153,23.625544,12.0
PHX,2010-06-28,112.0,81.0,0.0,4.922432,115.78557,5.44479,13.126435,21.417318,18.0
PHX,2010-06-29,111.0,84.0,0.0,6.5932913,94.24783,9.715569,17.67574,26.682293,15.0
PHX,2010-06-30,113.0,89.0,0.0,7.7987423,89.09184,8.74235,18.731775,25.785126,15.0
PHX,2010-07-01,114.0,89.0,0.0,7.631027,120.35525,9.598745,19.569958,29.509296,15.0
PHX,2010-07-02,114.0,90.0,0.0,7.9916143,205.6309,7.096228,17.684958,29.503263,20.0
PHX,2010-07-03,104.0,87.0,0.0,7.9937105,246.28104,12.394238,17.952545,25.1927,14.0
PHX,2010-07-04,104.0,81.0,0.0,5.6226416,288.6474,13.158464,23.515955,40.941746,12.0
PHX,2010-07-05,104.0,82.0,0.0,6.155136,287.77597,9.374956,14.477681,20.987074,11.0
PHX,2010-07-06,105.0,82.0,0.0,4.7777777,254.44891,9.64795,16.372908,26.385983,9.0
PHX,2010-07-07,107.0,83.0,0.0,5.190776,291.08325,8.140257,13.258643,21.265436,11.0
PHX,2010-07-08,112.0,86.0,0.0,5.534591,116.85289,10.6895,15.411531,22.968176,17.0
PHX,2010-07-09,112.0,92.0,0.0,7.4737945,120.22414,14.0584,21.676617,27.88956,13.0
PHX,2010-07-10,109.0,91.0,0.0,6.69392,92.604454,15.368192,26.076172,39.383106,12.0
PHX,2010-07-11,107.0,91.0,0.0,7.780573,241.084,18.197535,26.616951,36.3548,14.0
PHX,2010-07-12,107.0,87.0,0.0,6.3354297,259.73557,16.840082,26.869896,39.468872,13.0
PHX,2010-07-13,109.0,90.0,0.0,6.400419,278.06345,15.368192,21.035881,27.88956,11.0
PHX,2010-07-14,112.0,91.0,0.0,3.8322852,63.975365,14.9961,22.520323,32.009186,13.0
PHX,2010-07-15,113.0,94.0,0.0,6.4905663,303.90607,13.6976,21.555868,30.0991,12.0
PHX,2010-07-16,113.0,94.0,0.0,7.465409,137.7458,14.533732,23.086954,31.287489,20.0
PHX,2010-07-17,110.0,90.0,0.0,5.7023063,258.81586,18.362904,28.355412,40.069065,12.0
PHX,2010-07-18,109.0,89.0,0.0001,7.138365,216.74586,18.362904,31.021826,46.7745,12.0
PHX,2010-07-19,110.0,94.0,0.0,8.385744,276.15622,17.543037,23.962637,34.036724,13.0
PHX,2010-07-20,109.0,87.0,0.04,6.6380153,247.83867,14.764447,29.828207,49.6625,15.0
PHX,2010-07-21,106.0,89.0,0.0,7.2033544,178.27939,20.479036,29.812407,48.1197,17.0
PHX,2010-07-22,100.0,84.0,0.0,7.8721175,140.32309,30.718851,43.493874,58.654602,22.0
PHX,2010-07-23,92.0,84.0,0.0,5.283019,317.95908,35.5671,43.693916,56.509,12.0
PHX,2010-07-24,106.0,85.0,0.0,5.63522,78.93771,21.469019,34.997253,49.66233,20.0
PHX,2010-07-25,110.0,88.0,0.0,7.371069,93.724594,14.764447,30.69626,40.958687,16.0
PHX,2010-07-26,107.0,88.0,0.0,6.922432,116.41982,17.5227,34.128296,48.263123,15.0
PHX,2010-07-27,104.0,88.0,0.0001,7.215933,294.7529,22.342993,33.390736,53.455,18.0
PHX,2010-07-28,105.0,86.0,0.0001,6.928721,115.13059,29.220255,45.166206,60.87999,17.0
PHX,2010-07-29,104.0,79.0,0.6,4.8127184,137.39548,31.308514,64.35793,94.2687,20.0
PHX,2010-07-30,98.0,78.0,0.0001,6.4318657,128.60678,31.748,54.660023,81.497185,12.0
PHX,2010-07-31,88.0,74.0,1.33,6.6554856,150.24817,57.3855,78.36205,100.0,18.0
PHX,2010-08-01,87.0,79.0,0.0001,7.044025,317.2869,43.233276,58.943203,74.247025,14.0
PHX,2010-08-02,102.0,78.0,0.0,3.8805032,293.81873,25.791727,43.921783,66.5828,8.0
PHX,2010-08-03,107.0,84.0,0.0,4.6708593,77.5972,16.2893,31.351349,52.7537,9.0
PHX,2010-08-04,110.0,87.0,0.0,4.3354297,96.54258,13.711723,23.595724,39.16665,9.0
PHX,2010-08-05,112.0,86.0,0.0,4.1257863,80.54673,10.797091,19.609953,37.3055,7.0
PHX,2010-08-06,109.0,89.0,0.0001,5.215933,164.78986,13.955017,23.719225,36.793076,14.0
PHX,2010-08-07,99.0,77.0,0.08,8.8658285,332.88718,26.841465,42.05009,68.5868,15.0
PHX,2010-08-08,104.0,80.0,0.0,6.610063,162.0167,10.648389,37.459454,69.22557,12.0
PHX,2010-08-09,104.0,81.0,0.0,3.4968553,319.3068,11.284243,18.121641,34.32009,10.0
PHX,2010-08-10,108.0,85.0,0.0,4.071279,269.29092,16.2893,23.462713,43.182377,9.0
PHX,2010-08-11,108.0,90.0,0.0,5.0293503,253.42175,16.840082,22.728872,34.0572,9.0
PHX,2010-08-12,110.0,87.0,0.0,5.4549265,271.13287,11.52933,19.491484,32.9712,11.0
PHX,2010-08-13,110.0,85.0,0.0,4.538784,283.03235,6.259362,14.397519,29.0682,10.0
PHX,2010-08-14,108.0,87.0,0.0,6.041929,290.91202,15.772492,23.467663,33.737473,11.0
PHX,2010-08-15,109.0,90.0,0.0,6.348008,249.0686,16.5318,26.917978,39.468872,11.0
PHX,2010-08-16,106.0,89.0,0.0,5.5262055,165.01942,21.469019,33.450283,46.7745,11.0
PHX,2010-08-17,107.0,77.0,0.14,7.2529697,265.45044,21.730726,43.335835,84.4617,28.0
PHX,2010-08-18,104.0,78.0,0.0,4.4486375,208.04999,22.893475,49.497276,79.11601,9.0
PHX,2010-08-19,109.0,87.0,0.0,4.696017,277.5482,16.9741,33.219963,57.385483,14.0
PHX,2010-08-20,110.0,86.0,0.0,4.0838575,260.30646,16.0182,29.69539,49.596455,11.0
PHX,2010-08-21,106.0,77.0,0.08,9.733054,274.08823,25.4076,39.276554,87.1241,20.0
PHX,2010-08-22,103.0,77.0,0.06,3.7777777,169.905,30.153782,54.120487,88.74824,13.0
PHX,2010-08-23,109.0,87.0,0.0,4.658281,48.94314,15.361571,35.8144,59.3022,10.0
PHX,2010-08-24,111.0,90.0,0.0,8.037736,113.43957,14.076935,30.498287,44.1222,23.0
PHX,2010-08-25,105.0,87.0,0.0,11.754717,99.36918,21.314528,30.283762,42.04777,17.0
PHX,2010-08-26,95.0,87.0,0.0001,8.341719,129.89001,26.313953,37.163525,46.4831,15.0
PHX,2010-08-27,93.0,82.0,0.0001,6.4255767,146.94318,32.009186,46.927563,58.315598,11.0
PHX,2010-08-28,101.0,80.0,0.02,8.27673,149.74443,29.89,45.464535,58.255,17.0
PHX,2010-08-29,101.0,80.0,0.0,8.436059,195.27531,10.9654,35.73814,62.2913,13.0
PHX,2010-08-30,98.0,79.0,0.0,6.1320753,210.15831,11.505677,26.45814,54.501564,12.0
PHX,2010-08-31,99.0,77.0,0.0,3.6582808,355.02435,11.505677,23.456875,37.3835,10.0
PHX,2010-09-01,104.0,80.0,0.0,3.0356395,237.01544,12.6984,26.670153,41.24646,7.0
PHX,2010-09-02,108.0,80.0,0.0,4.234801,160.81172,8.174729,20.279121,38.391026,10.0
PHX,2010-09-03,111.0,81.0,0.0,5.57652,116.81626,10.3259,19.518896,33.197582,9.0
PHX,2010-09-04,109.0,86.0,0.0,4.658281,132.06548,12.176441,22.193405,33.6156,9.0
PHX,2010-09-05,108.0,83.0,0.0,5.9350104,239.12192,14.561145,24.809725,35.643383,15.0
PHX,2010-09-06,105.0,87.0,0.0,4.9392033,161.23302,21.601171,32.903923,43.368904,8.0
PHX,2010-09-07,103.0,86.0,0.0,4.4486375,164.46619,10.271598,29.353086,47.973976,9.0
PHX,2010-09-08,103.0,81.0,0.0,7.7749825,216.4772,7.988405,18.62754,38.3073,16.0
PHX,2010-09-09,96.0,71.0,0.0,6.1802936,264.02908,10.120369,16.162695,25.188095,13.0
PHX,2010-09-10,96.0,71.0,0.0,4.754717,83.07866,11.539623,20.548912,34.61408,8.0
PHX,2010-09-11,100.0,72.0,0.0,3.3123689,102.35558,8.2363,17.584116,30.184837,10.0
PHX,2010-09-12,99.0,75.0,0.0,2.0545073,124.18551,6.519852,16.785086,28.145176,8.0
PHX,2010-09-13,106.0,74.0,0.0,4.5262055,108.2946,4.942736,15.75136,30.663641,9.0
PHX,2010-09-14,105.0,77.0,0.0,4.1320753,252.88957,8.91442,17.665016,29.012112,8.0
PHX,2010-09-15,105.0,79.0,0.0,4.538784,347.605,14.771343,21.305101,28.979015,9.0
PHX,2010-09-16,106.0,79.0,0.0,4.0901465,287.26877,11.9083,22.175613,38.083847,11.0
PHX,2010-09-17,107.0,77.0,0.0,3.8155136,104.823845,8.423056,18.40996,31.2353,8.0
PHX,2010-09-18,109.0,77.0,0.0,4.0838575,79.82672,6.259362,15.242771,27.534836,8.0
PHX,2010-09-19,111.0,80.0,0.0,4.7379456,114.22985,11.835393,18.361696,33.14403,9.0
PHX,2010-09-20,107.0,89.0,0.0001,5.3815513,118.203476,10.115835,20.184013,35.0367,11.0
PHX,2010-09-21,103.0,83.0,0.0001,6.5220127,158.06506,26.068205,34.29852,46.35,11.0
PHX,2010-09-22,97.0,77.0,0.13,8.655486,188.5628,20.647491,47.987183,82.05593,16.0
PHX,2010-09-23,96.0,74.0,0.0,2.4067085,73.271416,12.0519,28.214565,51.65006,8.0
PHX,2010-09-24,101.0,75.0,0.0,2.8511531,52.224636,13.158464,22.807238,37.3835,7.0
PHX,2010-09-25,105.0,76.0,0.0,3.9412997,79.20142,11.275161,20.32666,36.291275,12.0
PHX,2010-09-26,105.0,82.0,0.0,6.138365,112.92431,12.512128,20.111536,26.251154,18.0
PHX,2010-09-27,106.0,80.0,0.0,4.4486375,127.072014,12.296154,21.890385,36.60034,9.0
PHX,2010-09-28,101.0,81.0,0.0,5.802935,230.35553,17.21686,23.483864,32.66842,9.0
PHX,2010-09-29,104.0,76.0,0.0,4.383648,274.4446,12.9247,27.185417,45.1363,9.0
PHX,2010-09-30,107.0,78.0,0.0,4.360587,131.3616,11.421861,23.558453,39.0557,8.0
PHX,2010-10-01,106.0,81.0,0.0,5.341719,164.10849,13.7003,24.42627,32.837593,8.0
PHX,2010-10-02,102.0,81.0,0.0,8.266946,225.28616,18.9296,30.538883,43.9869,26.0
PHX,2010-10-03,99.0,76.0,0.0,4.402516,119.31053,18.017014,32.483074,53.545055,10.0
PHX,2010-10-04,98.0,74.0,0.05,8.830888,116.27045,19.420551,40.154934,63.936615,24.0
PHX,2010-10-05,87.0,66.0,0.36,8.468903,119.04863,37.6247,65.16754,93.96902,15.0
PHX,2010-10-06,89.0,67.0,0.0,7.2201257,204.32819,20.0015,51.772736,84.03221,17.0
PHX,2010-10-07,88.0,67.0,0.0,3.7966456,268.0834,20.118223,36.037548,58.652668,12.0
PHX,2010-10-08,87.0,63.0,0.0,2.6415095,239.82895,14.26633,34.8954,58.115997,7.0
PHX,2010-10-09,91.0,63.0,0.0,3.1194968,103.118484,11.5369005,31.04188,51.931488,8.0
PHX,2010-10-10,91.0,65.0,0.0,3.6394129,83.41711,13.8744,29.898773,58.385433,8.0
PHX,2010-10-11,93.0,67.0,0.0,3.4486372,109.60034,12.155472,26.853596,41.86172,8.0
PHX,2010-10-12,96.0,68.0,0.0,3.9392033,99.74047,13.1457,26.314558,43.44383,7.0
PHX,2010-10-13,99.0,71.0,0.0,5.6415095,72.593666,12.081413,25.282566,52.95421,12.0
PHX,2010-10-14,100.0,75.0,0.0,6.148847,88.03475,9.205409,20.218702,30.972393,11.0
PHX,2010-10-15,93.0,72.0,0.0,5.4647098,117.67772,19.546093,32.847324,53.03179,19.0
PHX,2010-10-16,92.0,71.0,0.0,3.3542976,124.15052,20.389341,33.63389,49.361164,7.0
PHX,2010-10-17,91.0,71.0,0.0,4.234801,327.63812,28.74096,37.28079,47.59264,11.0
PHX,2010-10-18,87.0,73.0,0.0,4.2725368,274.2754,27.78543,38.321228,49.9391,14.0
PHX,2010-10-19,88.0,70.0,0.0,6.9643607,213.29254,24.902683,43.433254,63.45422,13.0
PHX,2010-10-20,73.0,64.0,0.07,6.758211,289.9076,50.89145,60.353607,82.738,14.0
PHX,2010-10-21,72.0,58.0,0.18,3.4549267,201.09685,42.17266,64.252556,93.103065,8.0
PHX,2010-10-22,74.0,60.0,0.0,4.245283,98.61333,37.949863,57.49627,77.7541,7.0
PHX,2010-10-23,78.0,58.0,0.0,3.4486372,102.652245,32.1042,51.3233,77.919365,8.0
PHX,2010-10-24,82.0,61.0,0.0,3.3291404,108.17664,28.979015,45.300556,67.110794,7.0
PHX,2010-10-25,78.0,62.0,0.0,5.096436,248.10606,38.461056,50.276096,62.82783,11.0
PHX,2010-10-26,81.0,60.0,0.0,5.3249474,246.25842,22.548628,47.083332,77.66288,10.0
PHX,2010-10-27,82.0,58.0,0.0,3.825996,2.3190768,13.7926235,25.26755,45.578323,9.0
PHX,2010-10-28,92.0,59.0,0.0,4.802935,86.406944,12.274662,21.749489,39.00913,10.0
PHX,2010-10-29,94.0,66.0,0.0,3.60587,153.10025,12.494032,24.462189,39.132706,9.0
PHX,2010-10-30,87.0,61.0,0.0,7.9350104,279.26553,17.613123,31.688925,49.726677,21.0
PHX,2010-10-31,81.0,59.0,0.0,4.0062895,279.57578,14.716737,31.685019,58.76839,7.0
PHX,2010-11-01,86.0,59.0,0.0,4.6708593,278.97604,13.161804,27.864927,47.38855,8.0
PHX,2010-11-02,89.0,60.0,0.0,5.7610064,66.89391,8.8329935,22.642971,42.3332,17.0
PHX,2010-11-03,92.0,62.0,0.0,4.245283,89.49997,9.994018,23.181326,41.72699,8.0
PHX,2010-11-04,89.0,67.0,0.0,7.3291407,87.21454,12.475383,21.611397,34.51001,12.0
PHX,2010-11-05,88.0,64.0,0.0,3.9266248,119.0732,11.505677,24.13652,40.001766,8.0
PHX,2010-11-06,87.0,62.0,0.0,5.4255767,106.6612,11.293209,24.903597,39.4739,9.0
PHX,2010-11-07,85.0,58.0,0.0,4.484277,97.85104,13.548269,26.42672,41.420784,9.0
PHX,2010-11-08,81.0,59.0,0.0,8.754717,241.76233,22.381468,32.066055,43.7091,18.0
PHX,2010-11-09,71.0,54.0,0.0,6.0838575,256.13867,14.0193,23.846426,36.63463,11.0
PHX,2010-11-10,71.0,48.0,0.0,5.3773584,96.746826,13.0992,27.023506,45.79459,8.0
PHX,2010-11-11,72.0,48.0,0.0,5.0545073,4.4338017,11.680957,26.23948,45.64971,10.0
PHX,2010-11-12,72.0,49.0,0.0,4.371069,342.3531,13.61755,22.540503,37.535633,7.0
PHX,2010-11-13,76.0,48.0,0.0,4.1614256,301.18048,9.18951,20.424906,40.67593,7.0
PHX,2010-11-14,73.0,49.0,0.0,4.7421384,170.59987,11.051615,23.279282,39.397198,8.0
PHX,2010-11-15,75.0,49.0,0.0,5.3354297,110.57797,19.73102,30.484663,40.67593,9.0
PHX,2010-11-16,77.0,51.0,0.0,4.3354297,120.66848,18.460306,34.458252,54.08512,7.0
PHX,2010-11-17,80.0,52.0,0.0,4.0356393,98.38022,16.425196,32.70991,50.28439,10.0
PHX,2010-11-18,82.0,55.0,0.0,4.4675055,89.99857,8.699539,22.972094,45.264656,11.0
PHX,2010-11-19,77.0,52.0,0.0,4.209644,90.20705,15.002122,25.849474,36.63463,7.0
PHX,2010-11-20,75.0,54.0,0.0,6.4129977,137.3305,17.4001,36.094616,57.844334,11.0
PHX,2010-11-21,72.0,58.0,0.0001,8.702306,215.0155,39.257133,52.512318,72.381,17.0
PHX,2010-11-22,64.0,50.0,0.0,4.3878407,249.31989,24.4495,37.55966,58.619377,9.0
PHX,2010-11-23,61.0,43.0,0.0,3.3542976,130.91678,25.885181,43.535297,67.4548,6.0
PHX,2010-11-24,63.0,46.0,0.0,3.9937108,62.70653,34.832447,47.412346,62.563534,7.0
PHX,2010-11-25,63.0,46.0,0.0,5.809224,298.54517,9.7748375,29.338354,56.051353,9.0
PHX,2010-11-26,68.0,41.0,0.0,4.0670857,7.8690615,6.3314033,13.846662,22.52949,11.0
PHX,2010-11-27,70.0,41.0,0.0,4.3291407,144.18224,7.9006147,20.7311,39.2335,6.0
PHX,2010-11-28,62.0,42.0,0.01,9.396227,249.42236,19.9853,35.53816,56.296757,20.0
PHX,2010-11-29,58.0,38.0,0.0,7.4737945,276.50894,15.0237,27.156343,44.177734,18.0
PHX,2010-11-30,62.0,35.0,0.0,2.5618448,298.0244,12.417636,28.00784,49.826775,6.0
PHX,2010-12-01,72.0,40.0,0.0,2.4737945,305.90707,8.836861,25.576189,46.408928,4.0
PHX,2010-12-02,76.0,45.0,0.0,3.7547169,108.62855,8.189147,24.699677,43.341095,8.0
PHX,2010-12-03,75.0,48.0,0.0,3.02935,99.62018,10.956054,24.671421,43.03855,7.0
PHX,2010-12-04,73.0,47.0,0.0,4.0482183,148.48613,10.719297,25.608189,47.542187,8.0
PHX,2010-12-05,78.0,48.0,0.0,2.9937108,103.472496,11.17237,29.94213,49.973057,6.0
PHX,2010-12-06,78.0,52.0,0.0,3.442348,256.26535,11.048348,24.317392,38.0106,7.0
PHX,2010-12-07,77.0,49.0,0.0,3.5324948,288.81662,15.0021,28.854652,49.8057,7.0
PHX,2010-12-08,80.0,48.0,0.0,3.8385744,109.12449,8.89081,26.864506,45.79459,8.0
PHX,2010-12-09,76.0,50.0,0.0,3.5220125,88.647934,12.473734,25.623777,42.484467,7.0
PHX,2010-12-10,74.0,51.0,0.0,3.8679245,105.912384,15.773804,30.29002,44.4811,6.0
PHX,2010-12-11,76.0,48.0,0.0,3.9161425,101.2135,19.454418,35.489338,53.924946,9.0
PHX,2010-12-12,79.0,50.0,0.0,3.1069183,21.126072,17.184425,34.610783,56.051353,7.0
PHX,2010-12-13,82.0,54.0,0.0,3.9643605,115.2243,13.293518,29.420223,47.079597,8.0
PHX,2010-12-14,78.0,51.0,0.0,4.0838575,109.298904,15.1372,30.2917,44.3073,7.0
PHX,2010-12-15,72.0,49.0,0.0,5.610063,107.824165,23.259441,39.165108,55.23908,11.0
PHX,2010-12-16,60.0,54.0,0.1,4.19986,117.14128,51.3428,74.8385,93.64554,10.0
PHX,2010-12-17,62.0,50.0,0.0,3.185884,98.61924,53.65,74.448044,96.0532,4.0
PHX,2010-12-18,70.0,54.0,0.0,4.0901465,115.86025,41.97907,60.270145,77.151794,8.0
PHX,2010-12-19,75.0,56.0,0.0,5.0062895,126.01311,31.7432,53.50856,71.6984,10.0
PHX,2010-12-20,71.0,54.0,0.0,4.383648,96.08495,33.439495,55.19402,74.67078,7.0
PHX,2010-12-21,66.0,57.0,0.01,4.3165617,85.15136,46.52177,57.742,74.959724,10.0
PHX,2010-12-22,75.0,52.0,0.27,6.9468904,153.5973,30.142359,64.34177,89.5667,21.0
PHX,2010-12-23,61.0,50.0,0.0,3.9986024,287.52438,49.7267,72.20601,89.08853,17.0
PHX,2010-12-24,68.0,45.0,0.0,3.2515724,267.79306,39.963978,66.65059,92.74888,6.0
PHX,2010-12-25,76.0,48.0,0.0,7.383648,86.86116,19.02034,38.884678,74.153496,12.0
PHX,2010-12-26,66.0,50.0,0.0,6.0125785,239.49951,29.0793,46.813225,71.49519,13.0
PHX,2010-12-27,67.0,48.0,0.0,4.3354297,292.35672,36.829285,58.77475,79.94239,8.0
PHX,2010-12-28,65.0,46.0,0.0,4.1614256,109.985756,26.8386,53.960308,79.07088,7.0
PHX,2010-12-29,54.0,47.0,0.47,6.922432,117.512245,56.165054,75.845665,92.83717,11.0
PHX,2010-12-30,53.0,38.0,0.22,14.291405,260.42508,13.345365,48.971973,85.6699,26.0
PHX,2010-12-31,48.0,32.0,0.0,6.4675055,319.94763,19.5317,44.59659,72.2405,19.0
PHX,2011-01-01,49.0,30.0,0.0,2.3291404,80.02553,15.346437,41.91827,68.9153,9.0
PHX,2011-01-02,56.0,32.0,0.0,1.3836478,289.25793,19.4133,44.454216,72.2405,5.0
PHX,2011-01-03,59.0,38.0,0.0001,3.3354297,251.04448,28.8857,46.619663,69.856,8.0
PHX,2011-01-04,59.0,39.0,0.0,2.2327044,242.55334,35.5442,57.351063,76.3232,6.0
PHX,2011-01-05,62.0,38.0,0.0,1.215933,258.81992,27.2146,55.514496,85.55243,4.0
PHX,2011-01-06,65.0,41.0,0.0,1.951782,281.88815,19.0571,48.542385,79.2134,5.0
PHX,2011-01-07,67.0,42.0,0.01,2.7714884,148.79874,19.184172,45.603065,65.067535,9.0
PHX,2011-01-08,62.0,40.0,0.0,4.071279,96.43914,25.2373,49.95894,73.19082,7.0
PHX,2011-01-09,63.0,41.0,0.0,3.8616352,102.79607,28.326746,49.073685,70.20118,8.0
PHX,2011-01-10,62.0,42.0,0.0,3.7002096,145.89896,42.217983,55.505676,73.3938,7.0
PHX,2011-01-11,64.0,41.0,0.0,2.6687632,303.1157,18.2018,35.080048,57.3458,9.0
PHX,2011-01-12,69.0,49.0,0.0,2.9161425,256.11987,18.8936,33.05999,48.3386,8.0
PHX,2011-01-13,72.0,49.0,0.0,4.1090145,36.28031,15.5395,31.002743,49.8057,10.0
PHX,2011-01-14,73.0,44.0,0.0,3.412998,348.9895,18.2056,36.874214,67.4548,11.0
PHX,2011-01-15,76.0,48.0,0.0,2.884696,344.98407,15.913,30.182613,49.6376,8.0
PHX,2011-01-16,71.0,47.0,0.0,2.096436,117.627075,19.1701,38.32322,56.14071,7.0
PHX,2011-01-17,74.0,48.0,0.0,3.0,105.58837,24.8986,42.942234,58.61,6.0
PHX,2011-01-18,75.0,48.0,0.0,3.6100628,114.044846,25.0342,47.24273,68.5077,8.0
PHX,2011-01-19,75.0,48.0,0.0,4.7793694,105.69645,25.829956,45.270306,65.752426,10.0
PHX,2011-01-20,72.0,48.0,0.0,2.951782,37.324284,12.048938,33.292557,63.2187,13.0
PHX,2011-01-21,70.0,43.0,0.0,1.509434,299.63522,10.016422,26.298716,45.153973,6.0
PHX,2011-01-22,71.0,44.0,0.0,3.5450733,123.96945,12.891285,29.733524,48.873363,7.0
PHX,2011-01-23,71.0,47.0,0.0,5.5094337,12.093259,8.384361,22.282335,49.497097,16.0
PHX,2011-01-24,69.0,42.0,0.0,2.4737945,154.89696,11.127002,24.857212,43.0152,9.0
PHX,2011-01-25,69.0,43.0,0.0,3.0230608,73.36572,9.78021,22.58396,43.48977,7.0
PHX,2011-01-26,72.0,43.0,0.0,3.8197064,30.190233,13.748385,25.731932,44.8306,10.0
PHX,2011-01-27,73.0,49.0,0.0,5.274633,69.676476,8.669886,21.032965,38.958637,14.0
PHX,2011-01-28,73.0,46.0,0.0,2.9580712,97.488655,7.8385,24.420609,43.341095,8.0
PHX,2011-01-29,72.0,45.0,0.0,4.2033544,106.99526,10.934193,24.634352,38.23166,8.0
PHX,2011-01-30,72.0,45.0,0.0,6.36478,143.33578,12.500466,26.724384,43.48977,14.0
PHX,2011-01-31,64.0,50.0,0.03,6.9874215,269.48694,25.376408,45.7421,73.693665,14.0
PHX,2011-02-01,64.0,41.0,0.0,9.767296,306.3706,8.40703,30.748173,75.9777,23.0
PHX,2011-02-02,44.0,33.0,0.0,14.587002,9.37269,7.95252,12.462401,20.3023,23.0
PHX,2011-02-03,49.0,30.0,0.0,3.8679245,132.71231,6.26321,13.760004,22.2856,8.0
PHX,2011-02-04,54.0,30.0,0.0,3.6457024,99.89836,8.84072,19.903662,37.1741,8.0
PHX,2011-02-05,62.0,36.0,0.0,3.7484276,98.082,12.0734215,24.442743,38.380444,8.0
PHX,2011-02-06,71.0,39.0,0.0,3.2935011,113.67053,9.654619,27.011501,48.066723,7.0
PHX,2011-02-07,72.0,42.0,0.0,3.2452831,110.13379,10.8366,24.063313,46.9068,8.0
PHX,2011-02-08,72.0,45.0,0.0,9.209643,256.5075,10.1845,23.210798,39.8961,21.0
PHX,2011-02-09,68.0,43.0,0.0,5.366876,37.81036,6.06649,14.586671,29.6119,14.0
PHX,2011-02-10,66.0,39.0,0.0,4.865828,50.964237,5.68026,14.303513,26.3283,13.0
PHX,2011-02-11,75.0,41.0,0.0,4.7966456,57.76734,5.08422,13.012221,28.9037,11.0
PHX,2011-02-12,79.0,44.0,0.0,1.9706498,89.631874,4.03305,14.541438,28.4231,10.0
PHX,2011-02-13,80.0,46.0,0.0,3.480084,121.78901,4.08619,15.318958,28.5705,8.0
PHX,2011-02-14,81.0,48.0,0.0,4.100629,109.935265,4.92064,16.698019,31.4514,8.0
PHX,2011-02-15,79.0,48.0,0.0,3.2809224,111.46071,7.11728,17.99331,27.7945,6.0
PHX,2011-02-16,75.0,50.0,0.0,5.264151,102.56131,20.4581,28.760809,40.2791,10.0
PHX,2011-02-17,73.0,56.0,0.0,4.9161425,272.83862,28.6264,38.916096,49.2596,10.0
PHX,2011-02-18,68.0,52.0,0.0,4.880503,96.67507,27.1468,40.43989,60.867,10.0
PHX,2011-02-19,74.0,50.0,0.32,8.827394,169.76146,25.8487,59.403316,92.2797,26.0
PHX,2011-02-20,57.0,44.0,0.02,5.7009087,273.58307,35.3673,74.05666,96.6859,19.0
PHX,2011-02-21,63.0,41.0,0.0,2.02935,221.83769,23.0776,53.063805,85.7881,6.0
PHX,2011-02-22,67.0,43.0,0.0,2.9769392,339.26328,23.6763,46.60144,78.9063,8.0
PHX,2011-02-23,67.0,44.0,0.0,4.654088,249.37328,22.8115,42.27097,68.0473,13.0
PHX,2011-02-24,66.0,45.0,0.0,4.7966456,226.20067,27.5262,44.171574,70.52554,10.0
PHX,2011-02-25,68.0,46.0,0.0,4.245283,104.89534,19.3367,41.3447,67.6898,7.0
PHX,2011-02-26,68.0,45.0,0.06,6.450801,155.1638,16.4661,31.598951,46.45562,14.0
PHX,2011-02-27,56.0,43.0,0.26,5.505241,259.32385,32.4579,60.267494,88.8507,12.0
PHX,2011-02-28,70.0,41.0,0.0,4.3941298,80.82786,19.6166,44.042225,73.3938,11.0
PHX,2011-03-01,76.0,47.0,0.0,3.018868,88.22601,15.0021,37.426094,68.5077,11.0
PHX,2011-03-02,79.0,50.0,0.0,4.0251575,278.50787,10.867632,37.181755,68.153,10.0
PHX,2011-03-03,79.0,54.0,0.0,4.360587,208.7822,14.4732,34.694405,52.4035,11.0
PHX,2011-03-04,81.0,52.0,0.0,6.331237,4.142012,5.22155,24.885267,52.1061,14.0
PHX,2011-03-05,79.0,50.0,0.0,3.5450733,76.79222,4.860666,16.211338,39.0705,13.0
PHX,2011-03-06,79.0,53.0,0.0,3.1677148,113.68799,8.29751,20.93466,38.1879,9.0
PHX,2011-03-07,75.0,60.0,0.0,12.553459,241.79726,17.2799,31.150667,50.0262,26.0
PHX,2011-03-08,72.0,55.0,0.0,6.0,294.48474,10.1286,24.636969,43.530895,12.0
PHX,2011-03-09,81.0,50.0,0.0,2.7840672,281.54184,8.1854,21.718561,42.3948,7.0
PHX,2011-03-10,88.0,55.0,0.0,3.3354297,143.83922,5.01095,18.761538,38.3353,8.0
PHX,2011-03-11,87.0,55.0,0.0,4.784067,110.225395,6.66809,18.311794,32.4579,12.0
PHX,2011-03-12,85.0,56.0,0.0,5.7777777,101.46092,8.548346,19.2645,34.0126,11.0
PHX,2011-03-13,85.0,56.0,0.0,4.3962264,115.30175,8.9539,19.917253,37.2837,8.0
PHX,2011-03-14,85.0,57.0,0.0,4.2579837,254.07268,11.506,22.74438,44.473,13.0
PHX,2011-03-15,86.0,60.0,0.0,4.1795945,119.837944,12.3058,24.011084,36.5101,8.0
PHX,2011-03-16,91.0,60.0,0.0,5.245283,143.1986,10.302,23.448235,42.1892,11.0
PHX,2011-03-17,90.0,62.0,0.0,7.379455,224.22212,11.8393,22.56031,37.692978,17.0
PHX,2011-03-18,87.0,60.0,0.0,5.2327046,298.73215,11.6907,21.504839,39.1547,11.0
PHX,2011-03-19,81.0,57.0,0.0,5.348008,269.34003,2.3936,14.05909,35.5442,12.0
PHX,2011-03-20,78.0,56.0,0.0,5.538784,121.537,6.219521,12.675724,21.5189,10.0
PHX,2011-03-21,69.0,51.0,0.06,10.261355,201.6688,8.97327,51.70051,87.5587,21.0
PHX,2011-03-22,67.0,48.0,0.0,4.0062895,256.22235,19.514,51.71639,89.7339,8.0
PHX,2011-03-23,75.0,47.0,0.0,4.0,266.6031,11.6866,32.1674,62.822735,9.0
PHX,2011-03-24,73.0,56.0,0.0,6.0125785,277.16675,13.3785,24.472595,41.696915,10.0
PHX,2011-03-25,74.0,50.0,0.0,6.1320753,219.95584,13.9455,30.578955,46.45562,14.0
PHX,2011-03-26,77.0,53.0,0.0,7.4318657,234.17906,18.2034,35.86022,63.4719,13.0
PHX,2011-03-27,77.0,54.0,0.0,4.821803,254.72377,20.153,32.519978,52.6135,9.0
PHX,2011-03-28,81.0,55.0,0.0,4.4067087,296.0439,16.9401,32.00651,52.9087,9.0
PHX,2011-03-29,86.0,59.0,0.0,4.174004,216.10101,10.1204,25.230085,49.0803,9.0
PHX,2011-03-30,88.0,59.0,0.0,4.4129977,264.33206,9.14247,16.479132,36.0433,9.0
PHX,2011-03-31,93.0,64.0,0.0,3.6645703,249.92944,9.39555,18.91513,32.8691,10.0
PHX,2011-04-01,100.0,67.0,0.0,4.6457024,113.73889,3.253862,15.87187,33.1241,8.0
PHX,2011-04-02,95.0,67.0,0.0,8.935011,256.93866,9.71681,16.374353,27.28876,17.0
PHX,2011-04-03,87.0,70.0,0.0,8.560448,255.49,12.2541,20.41389,32.2869,18.0
PHX,2011-04-04,84.0,64.0,0.0,5.872816,357.90723,4.97986,11.254109,25.055,15.0
PHX,2011-04-05,88.0,59.0,0.0,4.6121593,237.23828,4.7720795,12.098852,25.2373,10.0
PHX,2011-04-06,83.0,66.0,0.0001,7.6037736,142.02843,13.0576,24.374256,52.5117,20.0
PHX,2011-04-07,84.0,63.0,0.0,6.2054505,239.8355,11.674514,32.987793,60.7729,16.0
PHX,2011-04-08,74.0,52.0,0.0,8.396227,241.59964,23.8496,37.634342,71.396,19.0
PHX,2011-04-09,54.0,45.0,0.27,8.186583,155.36807,58.619377,77.18777,93.3474,14.0
PHX,2011-04-10,67.0,44.0,0.0,3.4381552,261.02972,27.69599,52.723713,88.9012,10.0
PHX,2011-04-11,82.0,50.0,0.0,4.119497,75.41936,9.54609,29.508516,71.0698,12.0
PHX,2011-04-12,85.0,58.0,0.0,4.8742137,281.53265,8.85167,23.611612,51.1808,11.0
PHX,2011-04-13,86.0,58.0,0.0,8.27044,230.6181,7.87583,21.459454,45.5783,19.0
PHX,2011-04-14,81.0,57.0,0.0,9.706499,273.80902,6.20151,12.969482,22.2123,15.0
PHX,2011-04-15,88.0,58.0,0.0,4.119497,271.7285,4.86976,13.278422,27.0727,10.0
PHX,2011-04-16,95.0,62.0,0.0,4.287212,236.60501,4.30226,13.189827,29.8362,7.0
PHX,2011-04-17,97.0,66.0,0.0,6.8343816,227.13695,8.23973,16.071997,29.3921,17.0
PHX,2011-04-18,93.0,66.0,0.0,8.928721,234.45901,7.61292,18.708363,31.8004,18.0
PHX,2011-04-19,88.0,68.0,0.0,5.9979033,266.4827,16.1354,24.84904,38.815422,13.0
PHX,2011-04-20,90.0,65.0,0.0,6.293501,290.44562,10.1384,23.447077,43.1328,15.0
PHX,2011-04-21,92.0,68.0,0.0,7.0062895,244.65923,7.4453,20.516762,33.2963,16.0
PHX,2011-04-22,90.0,64.0,0.0,5.2327046,262.30438,6.64873,15.452227,32.8691,10.0
PHX,2011-04-23,89.0,67.0,0.0,8.832285,226.36943,13.9214,19.525232,27.2319,17.0
PHX,2011-04-24,86.0,66.0,0.0,9.364779,250.8979,11.506,26.07171,43.573,19.0
PHX,2011-04-25,87.0,65.0,0.0,6.119497,263.1456,8.69849,22.009472,35.4709,15.0
PHX,2011-04-26,89.0,69.0,0.0,13.960168,283.5817,2.36301,13.633024,31.9178,24.0
PHX,2011-04-27,87.0,65.0,0.0,5.9014673,300.98355,4.7714,8.046645,15.587454,15.0
PHX,2011-04-28,94.0,64.0,0.0,4.5513625,116.57628,5.75916,12.284343,24.4327,10.0
PHX,2011-04-29,90.0,69.0,0.0,9.867925,263.7506,6.99227,13.264865,21.3708,16.0
PHX,2011-04-30,83.0,65.0,0.0,10.54717,277.0538,3.0967,6.6796246,16.2628,18.0
PHX,2011-05-01,79.0,61.0,0.0,7.757512,335.1083,4.03305,6.4793453,10.5956,13.0
PHX,2011-05-02,86.0,57.0,0.0,5.096436,20.181822,3.22807,7.7368813,16.0321,13.0
PHX,2011-05-03,94.0,64.0,0.0,6.9643607,79.39368,3.248879,7.37838,13.8097,13.0
PHX,2011-05-04,98.0,65.0,0.0,3.8155136,177.0127,2.3020322,9.244941,18.8936,9.0
PHX,2011-05-05,99.0,66.0,0.0,4.802935,212.55692,2.5822,8.935508,21.2944,10.0
PHX,2011-05-06,101.0,68.0,0.0,3.8574424,267.3947,4.18647,10.413033,21.7396,8.0
PHX,2011-05-07,99.0,69.0,0.0,5.581412,197.47768,3.39074,10.361399,21.451498,11.0
PHX,2011-05-08,95.0,69.0,0.0,9.186583,263.65158,6.73546,13.440156,19.9935,21.0
PHX,2011-05-09,80.0,65.0,0.0,10.119497,257.49652,9.1584,22.736982,39.791428,18.0
PHX,2011-05-10,76.0,61.0,0.0,6.5031447,265.70184,14.8897,22.03783,31.9974,13.0
PHX,2011-05-11,86.0,60.0,0.0,6.092243,241.81273,12.0339,20.574871,34.5113,13.0
PHX,2011-05-12,94.0,64.0,0.0,5.383648,242.88957,9.99402,17.069443,31.656816,11.0
PHX,2011-05-13,101.0,70.0,0.0,5.828092,186.36409,4.79224,13.683897,27.929062,17.0
PHX,2011-05-14,95.0,71.0,0.0,7.251572,221.05534,6.01539,13.620633,23.8605,17.0
PHX,2011-05-15,93.0,70.0,0.0,8.6603775,257.44662,7.4453,15.469357,25.0342,17.0
PHX,2011-05-16,88.0,68.0,0.0,8.719077,253.57149,8.63395,17.778778,30.808,17.0
PHX,2011-05-17,83.0,66.0,0.0,7.639413,261.19537,12.2464,20.161835,33.9887,14.0
PHX,2011-05-18,77.0,63.0,0.01,10.104123,239.5178,28.2353,38.40555,62.8278,22.0
PHX,2011-05-19,79.0,55.0,0.0,5.828092,272.55283,15.7111,29.617561,52.4035,12.0
PHX,2011-05-20,88.0,61.0,0.0,7.0387077,258.94626,13.3148,21.892195,36.3645,14.0
PHX,2011-05-21,94.0,67.0,0.0,3.9972906,278.60364,8.95123,17.686626,34.485,9.0
PHX,2011-05-22,95.0,69.0,0.0,6.809224,263.54633,8.23973,14.220344,29.874,13.0
PHX,2011-05-23,92.0,68.0,0.0,10.486373,250.6879,8.76693,13.837359,21.7396,21.0
PHX,2011-05-24,90.0,67.0,0.0,4.5492663,271.9867,7.53223,14.33055,22.25721,10.0
PHX,2011-05-25,97.0,67.0,0.0,3.731656,85.87068,4.85645,12.913772,26.1538,8.0
PHX,2011-05-26,100.0,70.0,0.0,7.4318657,231.98785,5.29749,11.712576,23.3936,16.0
PHX,2011-05-27,101.0,71.0,0.0,6.1991615,277.74863,8.140951,12.601155,20.1773,16.0
PHX,2011-05-28,101.0,77.0,0.0,9.754717,244.17104,8.90931,15.222179,26.5684,19.0
PHX,2011-05-29,89.0,70.0,0.0,13.467505,268.68277,11.8076,16.937319,22.7614,23.0
PHX,2011-05-30,85.0,64.0,0.0,4.9916143,263.5063,6.66809,14.005766,21.810863,13.0
PHX,2011-05-31,100.0,65.0,0.0,5.4486375,185.60693,5.85069,11.03412,22.8031,11.0
PHX,2011-06-01,94.0,73.0,0.0,4.90566,287.31094,4.96207,10.793083,23.005608,10.0
PHX,2011-06-02,95.0,68.0,0.0,5.7861633,273.13727,2.86403,9.337331,27.6222,14.0
PHX,2011-06-03,97.0,66.0,0.0,3.9392033,21.849302,2.5822,7.8220344,22.1029,10.0
PHX,2011-06-04,102.0,69.0,0.0,5.880503,196.87492,2.86884,7.7516546,17.922,9.0
PHX,2011-06-05,105.0,73.0,0.0,4.5283017,286.4441,3.15903,8.355382,23.1383,12.0
PHX,2011-06-06,96.0,75.0,0.0,10.440251,272.48816,5.90073,10.237416,19.1473,19.0
PHX,2011-06-07,96.0,70.0,0.0,4.7861633,346.15073,6.25342,11.424061,22.5543,10.0
PHX,2011-06-08,97.0,72.0,0.0,7.5932913,256.7479,6.01539,12.294656,25.1968,17.0
PHX,2011-06-09,98.0,71.0,0.0,4.4549265,282.24054,5.37074,11.51652,21.7396,11.0
PHX,2011-06-10,100.0,73.0,0.0,5.4507337,263.58154,7.2098002,13.154751,24.156021,10.0
PHX,2011-06-11,101.0,74.0,0.0,4.821803,153.87285,5.9104,11.574477,26.1253,9.0
PHX,2011-06-12,103.0,74.0,0.0,6.2473793,255.57524,4.91894,10.11257,20.8924,16.0
PHX,2011-06-13,101.0,73.0,0.0,4.371069,82.57544,3.19313,8.525196,18.0751,9.0
PHX,2011-06-14,106.0,74.0,0.0,4.7966456,240.52367,4.98203,9.501013,16.1687,8.0
PHX,2011-06-15,110.0,78.0,0.0,5.30608,219.02437,6.42683,12.11348,19.57,12.0
PHX,2011-06-16,105.0,78.0,0.0,6.6058702,233.06752,6.00372,12.156037,22.0953,15.0
PHX,2011-06-17,105.0,80.0,0.0,6.5408807,243.19557,5.31861,13.581535,20.991467,14.0
PHX,2011-06-18,106.0,77.0,0.0,7.3375263,237.96869,3.69815,12.092666,25.7921,16.0
PHX,2011-06-19,100.0,76.0,0.0,7.9000697,242.33838,6.34394,11.139179,18.4603,19.0
PHX,2011-06-20,103.0,78.0,0.0,5.345912,271.5909,4.70021,11.490658,24.7336,11.0
PHX,2011-06-21,109.0,78.0,0.0,4.2767296,356.8437,4.52487,9.667533,20.7089,8.0
PHX,2011-06-22,112.0,81.0,0.0,5.4507337,251.93224,4.91936,11.4665,21.8898,14.0
PHX,2011-06-23,111.0,84.0,0.0,5.322851,265.2688,8.05367,14.142978,22.171345,13.0
PHX,2011-06-24,110.0,85.0,0.0,5.922432,270.91843,9.74979,17.895264,31.104,14.0
PHX,2011-06-25,111.0,85.0,0.0,4.696017,273.82025,6.63452,15.381603,27.7639,13.0
PHX,2011-06-26,112.0,86.0,0.0,4.9517817,265.65982,4.70055,11.829226,23.1039,15.0
PHX,2011-06-27,115.0,85.0,0.0,5.5870023,249.62631,4.44996,9.951211,21.4173,13.0
PHX,2011-06-28,111.0,86.0,0.0,5.7023063,293.8001,9.41372,13.8684635,21.4208,14.0
PHX,2011-06-29,112.0,90.0,0.0,6.9203353,244.16133,12.7049,18.69404,27.4345,17.0
PHX,2011-06-30,105.0,86.0,0.0,6.1802936,276.75742,8.394,12.537612,17.6157,13.0
PHX,2011-07-01,112.0,80.0,0.0,3.9832284,211.0238,4.79215,11.627681,25.1881,8.0
PHX,2011-07-02,118.0,84.0,0.0,6.5073376,78.753296,8.12756,13.188108,17.5712,18.0
PHX,2011-07-03,112.0,90.0,0.0001,7.738644,249.16835,13.9358,27.032366,36.723,23.0
PHX,2011-07-04,104.0,83.0,0.0,8.884696,258.7894,24.7325,38.58201,63.031284,16.0
PHX,2011-07-05,105.0,78.0,0.04,7.4116,217.74352,23.9475,38.38198,73.9485,27.0
PHX,2011-07-06,103.0,79.0,0.0,6.7819705,257.30487,24.2938,42.992764,69.1109,13.0
PHX,2011-07-07,107.0,87.0,0.0,8.496856,259.73093,18.11,31.663496,47.8308,15.0
PHX,2011-07-08,110.0,89.0,0.02,6.3920336,262.65744,18.362904,26.010937,37.8513,13.0
PHX,2011-07-09,110.0,83.0,0.0,7.772187,201.27777,15.8878,27.847364,52.928852,22.0
PHX,2011-07-10,106.0,82.0,0.09,6.441649,146.09718,19.9883,37.277443,52.9345,40.0
PHX,2011-07-11,100.0,76.0,0.43,6.055905,153.56369,25.6617,45.018986,84.4617,19.0
PHX,2011-07-12,103.0,84.0,0.0,5.245283,259.7348,13.1585,26.86838,51.1205,10.0
PHX,2011-07-13,104.0,82.0,0.0,6.5932913,173.24385,5.45269,11.658327,23.6319,13.0
PHX,2011-07-14,103.0,77.0,0.0,7.925227,175.5972,4.05272,11.492554,19.993546,14.0
PHX,2011-07-15,103.0,77.0,0.0,4.5513625,144.24683,5.28676,15.153643,27.534836,9.0
PHX,2011-07-16,107.0,79.0,0.0,4.461216,282.31717,6.27916,12.793595,24.7336,10.0
PHX,2011-07-17,111.0,85.0,0.0,6.2054505,239.63101,6.94962,13.337091,25.5055,14.0
PHX,2011-07-18,112.0,90.0,0.0,7.790356,141.97592,13.506089,26.383722,35.4019,22.0
PHX,2011-07-19,109.0,88.0,0.0,6.712788,233.86746,15.7794,26.365067,39.1666,12.0
PHX,2011-07-20,109.0,89.0,0.0,7.110412,219.68521,16.0713,26.806387,40.9043,16.0
PHX,2011-07-21,108.0,87.0,0.0,7.2620544,217.15317,10.6655,25.467827,45.044,13.0
PHX,2011-07-22,106.0,88.0,0.0,7.5932913,282.0786,10.8104,20.09832,35.8689,12.0
PHX,2011-07-23,106.0,86.0,0.0,9.178197,263.4028,19.2041,31.923172,40.7407,18.0
PHX,2011-07-24,103.0,74.0,0.74,7.7421384,283.08078,26.9674,42.18614,94.1002,22.0
PHX,2011-07-25,98.0,75.0,0.02,3.825996,254.23737,22.9622,52.42814,90.8013,10.0
PHX,2011-07-26,105.0,85.0,0.0,6.1802936,239.84464,16.5948,26.510683,47.974,12.0
PHX,2011-07-27,105.0,84.0,0.0,6.226415,261.13507,15.2822,25.141012,41.1451,11.0
PHX,2011-07-28,108.0,88.0,0.0,8.712789,282.50073,13.5182,23.880178,33.7539,15.0
PHX,2011-07-29,107.0,89.0,0.0,7.1802936,124.14284,18.8542,29.105259,39.4689,12.0
PHX,2011-07-30,110.0,87.0,0.0,6.3619847,128.68802,16.0182,29.811476,43.368904,14.0
PHX,2011-07-31,111.0,83.0,0.07,7.018868,182.66862,18.247883,35.927082,65.9485,17.0
PHX,2011-08-01,106.0,82.0,0.0,5.7819705,93.72175,21.469,38.865723,65.0019,14.0
PHX,2011-08-02,113.0,89.0,0.0,5.5094337,244.00461,13.2857,25.33063,40.604,9.0
PHX,2011-08-03,111.0,84.0,0.17,8.401817,143.77972,14.9961,27.793663,62.0291,21.0
PHX,2011-08-04,107.0,81.0,0.0,4.5513625,207.69653,18.2479,35.44933,64.8973,9.0
PHX,2011-08-05,109.0,88.0,0.0,5.903564,251.07812,12.7569,24.767963,41.9124,11.0
PHX,2011-08-06,108.0,87.0,0.0,5.293501,279.47757,10.7001,21.510279,33.7539,14.0
PHX,2011-08-07,108.0,88.0,0.0,7.155136,253.99875,15.640128,32.46029,48.2631,12.0
PHX,2011-08-08,104.0,87.0,0.0,5.784067,228.68114,23.5183,35.604263,51.2356,14.0
PHX,2011-08-09,105.0,88.0,0.0,4.5932913,248.26134,9.99869,21.614458,39.4689,10.0
PHX,2011-08-10,106.0,90.0,0.0,4.155136,289.11697,11.860339,17.964773,33.4372,10.0
PHX,2011-08-11,103.0,85.0,0.0,6.981132,274.06348,27.8438,37.37668,53.2115,14.0
PHX,2011-08-12,101.0,87.0,0.0,7.5073376,242.57172,27.5535,34.05216,39.7697,15.0
PHX,2011-08-13,103.0,86.0,0.0001,5.174004,201.5027,19.8323,33.985176,49.791943,12.0
PHX,2011-08-14,109.0,88.0,0.0,6.197065,89.778465,18.5983,28.364763,40.604,11.0
PHX,2011-08-15,108.0,90.0,0.0,5.922432,191.62674,14.9254,26.314432,38.290726,12.0
PHX,2011-08-16,107.0,88.0,0.0,4.8791056,205.96655,15.9398,29.442905,46.4831,13.0
PHX,2011-08-17,110.0,88.0,0.0,3.903564,139.21756,16.0182,27.992039,46.6422,7.0
PHX,2011-08-18,112.0,83.0,0.0,7.0132775,162.02376,14.5337,29.428303,61.8076,24.0
PHX,2011-08-19,106.0,83.0,0.0,6.6415095,140.33325,19.2041,36.625217,52.9345,11.0
PHX,2011-08-20,107.0,86.0,0.0,5.5031447,123.948814,14.3034,26.538923,45.044,10.0
PHX,2011-08-21,108.0,86.0,0.0,4.197065,285.41525,10.1377,15.74037,22.3249,9.0
PHX,2011-08-22,113.0,88.0,0.0,3.144654,231.53836,10.3259,17.560995,32.6203,7.0
PHX,2011-08-23,114.0,89.0,0.0,4.748428,183.82884,10.3599,18.781677,32.9712,10.0
PHX,2011-08-24,114.0,90.0,0.0,6.519916,174.56119,9.06618,18.145771,30.6517,10.0
PHX,2011-08-25,113.0,92.0,0.0,6.7938504,118.009995,11.8031,20.680634,30.988476,23.0
PHX,2011-08-26,117.0,93.0,0.0,7.077568,128.31232,11.8472,20.975426,30.4229,10.0
PHX,2011-08-27,112.0,90.0,0.0,6.5779176,26.956593,14.0584,25.658707,43.3387,20.0
PHX,2011-08-28,107.0,89.0,0.0,7.9874215,273.75217,18.11,28.291475,39.4689,15.0
PHX,2011-08-29,112.0,88.0,0.0,5.226415,279.9635,10.3599,22.932613,39.0815,13.0
PHX,2011-08-30,113.0,90.0,0.0,4.5870023,271.93045,11.5293,18.897837,31.7083,9.0
PHX,2011-08-31,112.0,91.0,0.0,4.4444447,239.15974,10.4931,19.572681,32.009186,12.0
PHX,2011-09-01,112.0,90.0,0.0,5.9098535,176.33217,10.6103,19.285643,32.9712,10.0
PHX,2011-09-02,102.0,87.0,0.0001,7.4933615,276.3294,14.8522,31.229752,53.181,24.0
PHX,2011-09-03,109.0,85.0,0.0,4.5702305,269.2936,11.6281,21.196299,36.0179,10.0
PHX,2011-09-04,110.0,85.0,0.0,4.2767296,186.18195,10.0624,20.447351,32.6684,16.0
PHX,2011-09-05,106.0,91.0,0.0001,9.477987,148.92241,18.5983,26.708908,36.723,14.0
PHX,2011-09-06,107.0,85.0,0.0,5.7777777,266.7259,18.9296,30.774982,46.35,12.0
PHX,2011-09-07,108.0,87.0,0.0,4.651992,263.84988,13.729181,23.45916,35.5671,10.0
PHX,2011-09-08,109.0,87.0,0.0,5.245283,114.52943,8.81008,20.63044,33.6156,12.0
PHX,2011-09-09,100.0,79.0,0.0001,9.849755,76.632164,15.1952,23.92955,55.9745,16.0
PHX,2011-09-10,101.0,78.0,0.0,9.064291,119.108475,21.3524,36.97227,52.3744,27.0
PHX,2011-09-11,99.0,77.0,0.0001,6.214535,117.19908,21.6184,35.28085,50.105274,17.0
PHX,2011-09-12,102.0,79.0,0.0,8.641509,125.345024,20.108,34.382473,52.6554,22.0
PHX,2011-09-13,99.0,74.0,0.02,7.4143953,236.1345,21.346,42.612305,68.568,18.0
PHX,2011-09-14,94.0,72.0,0.0,4.3563943,233.0788,27.122,45.91246,73.4057,14.0
PHX,2011-09-15,98.0,77.0,0.0,4.215933,183.89664,17.2829,33.703487,55.9133,9.0
PHX,2011-09-16,100.0,78.0,0.0,6.0,194.1465,15.7302,31.667143,49.9391,12.0
PHX,2011-09-17,97.0,77.0,0.0,4.4675055,153.87657,13.2975,24.441538,39.2206,7.0
PHX,2011-09-18,101.0,74.0,0.0,2.9580712,115.980125,9.71992,19.138155,33.0829,7.0
PHX,2011-09-19,104.0,75.0,0.0,3.5220125,147.27481,8.90931,18.59704,30.8041,9.0
PHX,2011-09-20,105.0,74.0,0.0,3.731656,153.07982,4.98875,16.751764,30.804089,9.0
PHX,2011-09-21,107.0,75.0,0.0,3.6582808,128.00172,5.78244,14.916946,24.1445,10.0
PHX,2011-09-22,106.0,78.0,0.0,3.6645703,122.88865,7.29959,16.008295,27.8372,7.0
PHX,2011-09-23,108.0,78.0,0.0,4.4129977,148.12221,4.7949,14.631384,25.188095,7.0
PHX,2011-09-24,107.0,78.0,0.0001,5.9259257,118.86922,7.03534,13.020732,20.2679,14.0
PHX,2011-09-25,102.0,81.0,0.0,5.628931,264.57718,10.2716,16.908052,24.3315,12.0
PHX,2011-09-26,100.0,74.0,0.0,5.6415095,150.73929,9.426807,16.313984,27.2319,11.0
PHX,2011-09-27,101.0,78.0,0.0,4.5471697,142.76564,9.6161,18.674639,30.0866,15.0
PHX,2011-09-28,99.0,76.0,0.0,5.371069,218.99217,13.5233,25.162601,41.6913,10.0
PHX,2011-09-29,101.0,76.0,0.0,3.519916,7.699208,12.7352,23.217646,34.718,8.0
PHX,2011-09-30,104.0,79.0,0.0,9.102725,116.27504,11.585,20.106113,33.70366,18.0
PHX,2011-10-01,97.0,82.0,0.0,6.0649896,116.80505,15.4879,21.785572,28.741,11.0
PHX,2011-10-02,100.0,77.0,0.0,3.2264152,80.85464,16.3941,26.793938,41.8585,7.0
PHX,2011-10-03,100.0,79.0,0.0,7.1257863,141.39183,14.1069,23.644512,37.7753,15.0
PHX,2011-10-04,95.0,67.0,0.06,10.331237,187.37294,14.3403,35.617325,72.9178,25.0
PHX,2011-10-05,83.0,64.0,0.0,3.7002096,175.65419,21.4549,46.5386,84.26,9.0
PHX,2011-10-06,76.0,63.0,0.0001,8.5702305,224.01773,17.935,34.161533,52.66842,18.0
PHX,2011-10-07,77.0,57.0,0.0,5.9161425,255.93785,13.8097,32.679623,64.2179,12.0
PHX,2011-10-08,79.0,58.0,0.0,4.0251575,127.01379,13.4505,26.063068,43.674854,7.0
PHX,2011-10-09,85.0,59.0,0.0,2.316562,91.10535,11.082,22.522257,37.3657,8.0
PHX,2011-10-10,88.0,62.0,0.0,2.8511531,174.5694,10.5915,22.398966,36.3645,7.0
PHX,2011-10-11,91.0,63.0,0.0,3.2872117,116.414444,10.3385,21.13048,33.7451,7.0
PHX,2011-10-12,96.0,65.0,0.0,2.9874213,68.64113,10.7428,21.404043,35.4709,9.0
PHX,2011-10-13,99.0,68.0,0.0,3.0607967,81.97756,7.41255,18.443085,35.0424,9.0
PHX,2011-10-14,99.0,69.0,0.0,4.8867927,134.56764,8.01234,18.502333,35.0424,7.0
PHX,2011-10-15,99.0,71.0,0.0,3.922432,94.2007,7.75262,17.143139,31.2624,8.0
PHX,2011-10-16,97.0,69.0,0.0,4.4549265,162.12659,7.58477,18.414892,29.1034,11.0
PHX,2011-10-17,97.0,68.0,0.0,4.5283017,197.7099,10.9654,20.784866,33.4395,9.0
PHX,2011-10-18,97.0,69.0,0.0,4.3095737,67.75143,5.85069,15.299388,31.9178,12.0
PHX,2011-10-19,98.0,70.0,0.0,5.0293503,108.593445,7.58477,13.272226,22.60829,10.0
PHX,2011-10-20,94.0,67.0,0.0,3.9161425,94.430855,8.33628,17.301023,29.873991,10.0
PHX,2011-10-21,94.0,68.0,0.0,5.0314465,48.964893,12.4754,24.129456,37.2957,8.0
PHX,2011-10-22,97.0,68.0,0.0,2.683438,105.42597,9.55226,24.64602,47.1288,7.0
PHX,2011-10-23,97.0,67.0,0.0,2.3291404,108.759865,8.33628,18.853182,33.1241,8.0
PHX,2011-10-24,93.0,68.0,0.0001,2.4486372,118.60643,11.3288,22.426115,44.9997,6.0
PHX,2011-10-25,91.0,71.0,0.04,5.0356393,94.53174,23.6768,37.193306,59.5826,7.0
PHX,2011-10-26,80.0,66.0,0.01,7.3563943,300.16196,25.196789,44.1491,67.7898,16.0
PHX,2011-10-27,78.0,57.0,0.0,3.1551363,253.28578,16.2852,30.647333,49.2596,12.0
PHX,2011-10-28,86.0,58.0,0.0,3.3962264,71.092476,14.2663,25.092937,36.3645,14.0
PHX,2011-10-29,88.0,61.0,0.0,1.9287212,203.19936,13.2869,27.366695,45.738,7.0
PHX,2011-10-30,90.0,61.0,0.0,2.3480084,144.75784,11.0055,25.406103,41.178627,7.0
PHX,2011-10-31,90.0,63.0,0.0,2.5136268,107.464226,9.326583,22.16968,35.5486,7.0
PHX,2011-11-01,88.0,61.0,0.0,4.3354297,107.938,9.60309,20.765974,33.425,7.0
PHX,2011-11-02,79.0,62.0,0.0,4.7798743,0.48052144,4.20917,10.095255,20.5166,11.0
PHX,2011-11-03,84.0,53.0,0.0,3.4486372,141.47603,9.27161,17.55065,27.2967,9.0
PHX,2011-11-04,84.0,54.0,0.25,9.661077,193.12857,15.7111,33.57397,93.5972,25.0
PHX,2011-11-05,63.0,51.0,0.21,5.475891,229.20251,39.0091,60.882095,93.5972,25.0
PHX,2011-11-06,67.0,48.0,0.0,2.825996,106.71922,32.4902,54.531654,79.85685,6.0
PHX,2011-11-07,61.0,48.0,0.25,7.785465,237.57205,43.8471,65.796776,93.449,17.0
PHX,2011-11-08,64.0,45.0,0.0,4.0838575,105.90184,30.0083,56.838665,79.6987,8.0
PHX,2011-11-09,74.0,47.0,0.0,5.408805,47.76037,16.5219,38.228794,73.99,15.0
PHX,2011-11-10,76.0,59.0,0.0,10.184486,69.89865,12.699913,22.765768,32.55085,18.0
PHX,2011-11-11,73.0,59.0,0.0,4.3773584,94.45182,15.7738,24.790222,34.307835,8.0
PHX,2011-11-12,76.0,55.0,0.01,5.215933,133.03986,18.2034,34.418713,70.0687,11.0
PHX,2011-11-13,71.0,59.0,0.07,3.951782,248.20158,52.6684,72.22954,89.6125,9.0
PHX,2011-11-14,72.0,54.0,0.0,2.8092244,216.76924,36.3556,63.199257,86.5214,8.0
PHX,2011-11-15,72.0,53.0,0.0,3.3123689,135.32631,39.1264,58.99987,77.0571,8.0
PHX,2011-11-16,74.0,53.0,0.0,3.2935011,127.90409,35.1853,57.30196,77.1518,6.0
PHX,2011-11-17,79.0,54.0,0.0,2.2452831,129.47792,21.0457,45.801727,80.2516,9.0
PHX,2011-11-18,76.0,53.0,0.0,4.5744233,100.84339,28.2041,46.23873,63.4719,7.0
PHX,2011-11-19,75.0,53.0,0.0,4.36478,103.2381,27.066418,46.164364,66.175,7.0
PHX,2011-11-20,74.0,53.0,0.0,5.1614256,50.21419,38.2627,52.657326,68.5048,9.0
PHX,2011-11-21,69.0,55.0,0.02,3.5744236,259.67447,40.2791,63.27643,90.0283,8.0
PHX,2011-11-22,73.0,50.0,0.0,2.538784,5.1614814,30.1848,54.78927,80.097855,8.0
PHX,2011-11-23,82.0,52.0,0.0,3.4549267,118.51008,14.9611,38.097427,68.5048,9.0
PHX,2011-11-24,68.0,51.0,0.0001,3.932914,116.93657,32.8077,47.25011,64.4621,9.0
PHX,2011-11-25,72.0,56.0,0.0,3.9161425,268.203,35.9608,54.039135,71.91202,8.0
PHX,2011-11-26,78.0,49.0,0.0,3.3773584,107.26664,12.8646,41.048477,79.9424,8.0
PHX,2011-11-27,75.0,52.0,0.0,3.538784,92.81168,9.56212,17.676622,32.605072,8.0
PHX,2011-11-28,75.0,48.0,0.0,1.7295598,99.15061,14.0987,29.617716,47.8567,5.0
PHX,2011-11-29,73.0,50.0,0.0,2.7484276,112.69243,19.454418,36.346207,50.112,7.0
PHX,2011-11-30,76.0,48.0,0.0,4.5870023,108.56461,17.5444,36.170834,58.06506,8.0
PHX,2011-12-01,63.0,49.0,0.02,6.1257863,249.58705,28.4132,45.739956,74.09639,14.0
PHX,2011-12-02,61.0,44.0,0.0,3.7064989,256.40076,36.9599,63.249966,89.5622,9.0
PHX,2011-12-03,57.0,44.0,0.11,6.0901465,141.77873,46.7686,65.08145,88.99294,14.0
PHX,2011-12-04,56.0,40.0,0.0,3.8993711,198.58505,35.2196,67.32926,89.3374,8.0
PHX,2011-12-05,56.0,40.0,0.04,3.9098532,113.68293,29.939,59.0196,82.09313,11.0
PHX,2011-12-06,56.0,36.0,0.0,3.6289308,88.60078,16.286919,37.950893,72.66432,10.0
PHX,2011-12-07,60.0,37.0,0.0,1.6939204,305.0731,20.7761,39.116966,59.3743,5.0
PHX,2011-12-08,63.0,38.0,0.0,2.096436,149.05363,24.1464,45.361336,64.4261,6.0
PHX,2011-12-09,68.0,38.0,0.0,2.7002096,173.3495,20.5166,43.839836,64.679955,5.0
PHX,2011-12-10,71.0,42.0,0.0,3.3542976,76.23261,15.5192,30.835434,50.7262,12.0
PHX,2011-12-11,70.0,45.0,0.0,3.1865828,113.47047,25.0368,37.58609,51.0338,9.0
PHX,2011-12-12,58.0,49.0,0.32,7.554857,122.33025,38.3353,71.64803,93.5972,14.0
PHX,2011-12-13,55.0,48.0,0.49,7.4102025,114.56403,74.4813,88.12628,93.499,10.0
PHX,2011-12-14,57.0,47.0,0.0001,3.7232704,153.04533,59.5762,75.93442,89.6486,8.0
PHX,2011-12-15,60.0,41.0,0.0,2.4486372,150.21576,42.015938,69.674255,92.7153,6.0
PHX,2011-12-16,70.0,46.0,0.0,10.169811,82.14133,26.32,42.048523,82.4549,15.0
PHX,2011-12-17,70.0,54.0,0.0,6.6415095,101.08606,31.917837,43.17991,64.2766,10.0
PHX,2011-12-18,56.0,49.0,0.12,6.6366177,259.62762,68.5048,80.06433,92.2797,17.0
PHX,2011-12-19,58.0,48.0,0.0,3.490566,271.32352,53.2016,71.43934,87.28,13.0
PHX,2011-12-20,62.0,51.0,0.0001,3.125786,271.60495,49.7267,66.36133,89.2215,6.0
PHX,2011-12-21,63.0,45.0,0.0,2.412998,243.59021,42.3332,63.47212,86.0182,9.0
PHX,2011-12-22,57.0,43.0,0.0,5.30608,2.214665,19.6977,57.870663,85.903824,13.0
PHX,2011-12-23,61.0,39.0,0.0,4.4255767,351.05264,19.986956,32.994755,52.257374,11.0
PHX,2011-12-24,62.0,38.0,0.0,1.5932914,333.12677,16.9755,37.876877,64.2866,6.0
PHX,2011-12-25,66.0,39.0,0.0,2.9350104,111.26778,16.4568,36.729065,64.4261,7.0
PHX,2011-12-26,64.0,40.0,0.0,2.568134,100.854935,20.5617,42.716145,64.68,7.0
PHX,2011-12-27,66.0,39.0,0.0,2.1383648,99.21995,21.6781,46.244495,69.9581,5.0
PHX,2011-12-28,68.0,41.0,0.0,2.9161425,110.153336,21.0064,44.759224,67.0869,7.0
PHX,2011-12-29,70.0,42.0,0.0,2.9638638,77.43682,20.5189,44.305298,67.8137,6.0
PHX,2011-12-30,75.0,45.0,0.0,2.825996,97.28191,22.316,44.513042,65.5607,7.0
PHX,2011-12-31,74.0,48.0,0.0,3.0712788,98.700325,25.879585,48.749638,65.6715,7.0
PHX,2012-01-01,81.0,46.0,0.0,5.744235,73.425026,13.0852,35.981323,68.2786,13.0
PHX,2012-01-02,79.0,57.0,0.0,8.251573,77.83267,12.8552,22.293486,30.2109,15.0
PHX,2012-01-03,75.0,54.0,0.0,4.3354297,103.10305,17.5444,29.575872,48.6477,9.0
PHX,2012-01-04,79.0,48.0,0.0,3.3542976,87.33702,12.4796,33.46392,54.1539,8.0
PHX,2012-01-05,77.0,50.0,0.0,3.412998,112.44531,13.3228,28.429167,47.6785,11.0
PHX,2012-01-06,73.0,47.0,0.0,3.874214,109.683044,16.5219,34.445213,48.16,8.0
PHX,2012-01-07,71.0,46.0,0.0,4.287212,160.7819,18.3292,36.202465,56.0101,10.0
PHX,2012-01-08,67.0,47.0,0.0,5.4067087,289.66534,15.0126,27.043434,43.8143,12.0
PHX,2012-01-09,67.0,44.0,0.0,2.1614256,254.9367,18.4766,28.165627,43.9872,5.0
PHX,2012-01-10,67.0,43.0,0.0,3.018868,107.82174,20.2322,36.90519,55.0236,8.0
PHX,2012-01-11,66.0,44.0,0.0,3.1970649,106.52042,22.5077,40.61293,55.5626,8.0
PHX,2012-01-12,65.0,45.0,0.0,2.0125787,359.41037,10.2957,31.776144,60.3494,5.0
PHX,2012-01-13,70.0,38.0,0.0,3.9161425,50.668182,7.48538,18.876072,42.3235,12.0
PHX,2012-01-14,72.0,43.0,0.0,4.360587,94.244995,9.57718,20.567461,35.1384,14.0
PHX,2012-01-15,63.0,53.0,0.0,3.412998,112.492165,23.2409,32.648045,47.2203,7.0
PHX,2012-01-16,66.0,52.0,0.0001,4.5681343,176.69922,36.6844,55.596157,83.0024,9.0
PHX,2012-01-17,69.0,46.0,0.0,3.8490567,100.168884,29.5624,52.337196,76.4278,8.0
PHX,2012-01-18,67.0,44.0,0.0,1.9937106,88.45538,21.9702,45.904125,70.5211,7.0
PHX,2012-01-19,70.0,44.0,0.0,3.7966456,107.4126,23.2594,42.511883,72.9818,8.0
PHX,2012-01-20,71.0,43.0,0.0,3.6582808,99.97446,18.3292,37.985165,60.3494,8.0
PHX,2012-01-21,72.0,48.0,0.0,8.5576515,192.50679,20.0498,36.903214,51.8522,20.0
PHX,2012-01-22,63.0,45.0,0.0,2.5786164,276.4203,19.514,31.80028,45.3295,10.0
PHX,2012-01-23,63.0,42.0,0.0001,4.821803,45.657265,23.2409,37.415485,57.2158,13.0
PHX,2012-01-24,67.0,46.0,0.0,5.2033544,276.02554,20.2742,42.89889,73.7934,11.0
PHX,2012-01-25,71.0,45.0,0.0,2.1719077,275.46838,13.5088,26.111382,43.3411,8.0
PHX,2012-01-26,74.0,45.0,0.0,3.5639412,107.50294,15.913,31.593975,51.2437,7.0
PHX,2012-01-27,69.0,46.0,0.0,4.1614256,95.34644,23.0984,36.854435,52.0165,7.0
PHX,2012-01-28,77.0,46.0,0.0,5.167715,46.370903,11.4658,20.067371,38.0106,12.0
PHX,2012-01-29,78.0,46.0,0.0,3.0712788,60.614048,9.81198,19.09268,33.878,13.0
PHX,2012-01-30,74.0,48.0,0.0,3.4192872,105.917625,14.5322,26.855293,39.3972,8.0
PHX,2012-01-31,75.0,50.0,0.0,3.9098532,103.80296,14.5322,27.820051,40.8769,7.0
PHX,2012-02-01,75.0,47.0,0.0,3.4549267,109.102936,14.8897,28.88382,44.1368,8.0
PHX,2012-02-02,68.0,45.0,0.0,7.5702305,282.05255,16.6093,32.621246,47.5422,15.0
PHX,2012-02-03,68.0,45.0,0.0,3.1069183,152.59106,21.0064,34.93366,57.6302,7.0
PHX,2012-02-04,69.0,45.0,0.0,2.0125787,290.50644,16.6258,31.154127,51.0338,5.0
PHX,2012-02-05,72.0,43.0,0.0,3.568134,130.0643,17.6536,30.51832,47.2255,8.0
PHX,2012-02-06,68.0,47.0,0.0,3.3773584,95.51561,18.743,32.226685,49.4971,6.0
PHX,2012-02-07,74.0,50.0,0.0,5.9119496,69.648384,14.5089,22.807838,42.2591,13.0
PHX,2012-02-08,75.0,54.0,0.0,2.538784,293.32538,19.4544,28.005466,41.8232,6.0
PHX,2012-02-09,78.0,53.0,0.0,3.412998,228.97514,17.5444,30.85655,48.16,9.0
PHX,2012-02-10,80.0,52.0,0.0,3.7232704,116.93265,15.7111,29.809738,46.4556,8.0
PHX,2012-02-11,81.0,53.0,0.0,4.748428,130.38235,13.557218,26.185993,43.0386,8.0
PHX,2012-02-12,69.0,53.0,0.0,5.287212,277.58508,24.746288,33.65694,41.823204,13.0
PHX,2012-02-13,68.0,48.0,0.0,4.90566,139.75996,27.837317,41.495285,58.06506,10.0
PHX,2012-02-14,61.0,47.0,0.0,6.2131376,197.12628,29.203285,48.441715,76.42778,14.0
PHX,2012-02-15,64.0,42.0,0.0,5.735849,110.74294,24.43271,50.98532,79.53873,9.0
PHX,2012-02-16,69.0,45.0,0.0,4.7610064,192.43039,19.616613,38.22877,57.6302,12.0
PHX,2012-02-17,70.0,48.0,0.0,4.3584905,256.91537,23.09839,44.47384,68.50767,10.0
PHX,2012-02-18,70.0,45.0,0.0,4.36478,102.10363,19.336704,43.31817,73.3855,7.0
PHX,2012-02-19,68.0,47.0,0.0,5.658281,215.90886,24.734884,38.03757,56.010136,16.0
PHX,2012-02-20,70.0,47.0,0.0,2.7002096,111.42579,17.399763,33.429405,53.467407,10.0
PHX,2012-02-21,75.0,44.0,0.0,3.3584905,263.4709,9.654619,25.231531,49.015896,7.0
PHX,2012-02-22,77.0,47.0,0.0,2.9350104,110.46078,9.222288,21.846933,38.742233,7.0
PHX,2012-02-23,78.0,50.0,0.0,4.825996,122.019196,13.5718,24.73715,40.551723,9.0
PHX,2012-02-24,81.0,50.0,0.0,1.9937106,199.65033,8.633952,22.447777,44.162,6.0
PHX,2012-02-25,79.0,52.0,0.0,4.8385744,120.02424,9.976207,21.098833,33.435818,9.0
PHX,2012-02-26,81.0,50.0,0.0,4.274633,112.9431,11.478833,22.461529,37.356686,8.0
PHX,2012-02-27,79.0,54.0,0.0,12.379455,184.38896,12.730227,27.733116,45.113434,21.0
PHX,2012-02-28,65.0,49.0,0.0001,5.8532495,260.65613,26.194105,38.126305,73.99,16.0
PHX,2012-02-29,70.0,44.0,0.0,2.557652,100.88752,18.2056,32.392395,51.243702,7.0
PHX,2012-03-01,71.0,46.0,0.0,5.167715,66.050026,17.6536,31.488949,45.4753,11.0
PHX,2012-03-02,68.0,51.0,0.0,9.073376,342.2715,4.89184,17.787167,42.5814,19.0
PHX,2012-03-03,72.0,44.0,0.0,3.825996,325.68542,6.74148,12.632325,20.6549,9.0
PHX,2012-03-04,81.0,47.0,0.0,2.0545073,330.07504,9.43978,17.475603,31.567,7.0
PHX,2012-03-05,85.0,52.0,0.0,2.7777777,103.80433,8.22297,19.524864,34.8936,7.0
PHX,2012-03-06,86.0,53.0,0.0,9.180293,183.50266,6.59642,18.337473,35.3673,23.0
PHX,2012-03-07,69.0,49.0,0.0,10.881202,270.50476,12.4176,20.921335,31.8521,20.0
PHX,2012-03-08,72.0,45.0,0.0,4.5262055,255.23228,16.2628,25.860947,39.7161,10.0
PHX,2012-03-09,77.0,51.0,0.0,5.922432,100.65646,12.5005,21.017532,36.308,12.0
PHX,2012-03-10,73.0,54.0,0.0,6.5870023,102.302986,16.8723,24.381285,35.0419,11.0
PHX,2012-03-11,80.0,51.0,0.0,5.0293503,111.692566,11.2629,23.12797,39.3972,9.0
PHX,2012-03-12,83.0,52.0,0.0,3.9874213,113.27998,4.84837,16.242094,32.1334,8.0
PHX,2012-03-13,85.0,52.0,0.0,5.023061,108.28859,4.26959,12.660299,24.8098,9.0
PHX,2012-03-14,82.0,52.0,0.0,4.167715,80.995766,6.43996,13.418682,24.5968,7.0
PHX,2012-03-15,85.0,54.0,0.0,3.1677148,96.71551,6.04045,14.011267,25.4315,9.0
PHX,2012-03-16,87.0,56.0,0.0,3.7484276,104.36387,8.22297,15.296905,24.4574,8.0
PHX,2012-03-17,81.0,58.0,0.0,11.073376,159.20602,14.5322,24.404037,46.2154,18.0
PHX,2012-03-18,64.0,42.0,0.25,11.477987,227.62634,48.0004,68.61616,89.6486,28.0
PHX,2012-03-19,58.0,45.0,0.0001,5.63522,251.57808,30.0361,46.814255,73.1847,14.0
PHX,2012-03-20,66.0,42.0,0.0,3.5220125,236.28992,21.9702,41.051495,73.3938,10.0
PHX,2012-03-21,75.0,48.0,0.0,3.8805032,98.27342,18.2034,35.33579,58.61,9.0
PHX,2012-03-22,84.0,53.0,0.0,4.4067087,129.4043,15.6565,32.349785,56.863,7.0
PHX,2012-03-23,87.0,58.0,0.0,5.077568,100.823784,12.0339,26.606577,47.2203,9.0
PHX,2012-03-24,88.0,59.0,0.0,4.119497,117.61516,10.0478,22.86387,42.1892,7.0
PHX,2012-03-25,85.0,60.0,0.0,7.253669,201.16968,11.506,25.784878,40.8612,18.0
PHX,2012-03-26,74.0,57.0,0.0,3.710692,289.32883,19.4544,37.119965,57.2943,10.0
PHX,2012-03-27,83.0,55.0,0.0,4.192872,220.47412,14.4195,28.64956,50.7183,10.0
PHX,2012-03-28,86.0,58.0,0.0,4.234801,289.33948,8.85167,21.576149,42.1428,10.0
PHX,2012-03-29,86.0,60.0,0.0,3.8993711,162.22502,9.30485,20.126616,34.5113,9.0
PHX,2012-03-30,89.0,61.0,0.0,3.731656,119.69747,11.0055,20.596539,33.5997,7.0
PHX,2012-03-31,94.0,63.0,0.0,7.215933,204.34753,10.1384,20.218855,34.2375,16.0
PHX,2012-04-01,77.0,63.0,0.0,11.023061,273.1945,9.82399,22.171665,35.8667,21.0
PHX,2012-04-02,74.0,57.0,0.0,8.802935,299.01608,6.30449,14.120115,24.5968,14.0
PHX,2012-04-03,80.0,52.0,0.0,4.0482183,290.43024,9.0537,15.457677,26.9804,10.0
PHX,2012-04-04,83.0,57.0,0.0,4.400419,111.78708,8.33253,16.616245,29.2475,8.0
PHX,2012-04-05,88.0,59.0,0.0,7.599581,254.89774,6.52591,15.936727,29.5201,14.0
PHX,2012-04-06,81.0,60.0,0.0,5.8930817,263.61234,5.66655,13.104991,25.3764,11.0
PHX,2012-04-07,90.0,56.0,0.0,2.6226416,346.97458,2.46888,10.88627,24.5968,7.0
PHX,2012-04-08,91.0,59.0,0.0,3.5639412,290.40674,5.35428,11.899969,22.5077,8.0
PHX,2012-04-09,94.0,65.0,0.0,3.7735848,86.80249,5.27814,13.354197,27.1468,8.0
PHX,2012-04-10,93.0,63.0,0.0,7.1055207,150.16048,7.23879,14.823928,22.316,20.0
PHX,2012-04-11,77.0,66.0,0.0,8.786163,263.08786,23.2975,30.283787,42.2905,17.0
PHX,2012-04-12,75.0,59.0,0.0,7.2033544,266.46976,14.2873,25.222004,41.6659,14.0
PHX,2012-04-13,80.0,58.0,0.0,6.918239,231.83594,7.40867,19.949392,45.907,24.0
PHX,2012-04-14,65.0,50.0,0.05,12.194968,251.22147,20.7186,34.666794,71.6984,23.0
PHX,2012-04-15,74.0,53.0,0.0,3.7735848,275.69604,21.087,30.415354,44.949,8.0
PHX,2012-04-16,84.0,56.0,0.0,4.155136,165.52652,12.8298,25.680866,45.1134,9.0
PHX,2012-04-17,92.0,62.0,0.0,3.9832284,103.68936,7.41145,18.501352,32.5508,7.0
PHX,2012-04-18,95.0,64.0,0.0,5.2997904,169.68088,6.43039,14.879433,24.7524,11.0
PHX,2012-04-19,95.0,66.0,0.0,5.7190776,289.92276,7.40341,15.061513,26.1538,14.0
PHX,2012-04-20,96.0,69.0,0.0,4.903564,254.46434,8.54854,15.451122,24.6002,9.0
PHX,2012-04-21,103.0,71.0,0.0,3.6708596,119.23933,6.98055,15.604347,27.5924,7.0
PHX,2012-04-22,105.0,73.0,0.0,4.748428,67.03536,4.1141,13.787791,24.156,11.0
PHX,2012-04-23,103.0,74.0,0.0,5.366876,189.02684,7.26548,12.647643,19.731,13.0
PHX,2012-04-24,96.0,68.0,0.0,5.0587,270.4637,6.80643,14.359891,27.3147,13.0
PHX,2012-04-25,91.0,73.0,0.0,4.1320753,87.325226,9.62898,16.110329,23.8496,9.0
PHX,2012-04-26,81.0,62.0,0.03,9.89448,234.554,15.9635,27.841679,65.4381,22.0
PHX,2012-04-27,85.0,62.0,0.0,4.419287,236.35034,17.3397,28.936592,51.6382,9.0
PHX,2012-04-28,92.0,65.0,0.0,4.821803,288.7609,7.70195,21.572891,43.2615,10.0
PHX,2012-04-29,93.0,66.0,0.0,5.077568,290.306,9.43675,19.29671,35.8667,11.0
PHX,2012-04-30,95.0,70.0,0.0,6.1257863,276.62878,12.9212,22.167145,36.2762,10.0
PHX,2012-05-01,93.0,70.0,0.0,4.5681343,293.9959,11.328838,18.93489,32.2869,10.0
PHX,2012-05-02,95.0,71.0,0.0,6.9706497,212.03006,10.1915,19.092987,25.8239,16.0
PHX,2012-05-03,96.0,68.0,0.0,5.3354297,182.34001,8.93708,18.768225,30.808,10.0
PHX,2012-05-04,96.0,68.0,0.0,4.7798743,304.31943,7.87323,15.7753315,30.9502,12.0
PHX,2012-05-05,94.0,68.0,0.0,5.995807,328.6693,7.8471,15.271876,27.5924,13.0
PHX,2012-05-06,92.0,67.0,0.0,5.2410903,303.28625,6.96577,13.359867,24.6002,9.0
PHX,2012-05-07,92.0,68.0,0.0,7.8930817,247.61635,3.36904,10.113265,18.8936,21.0
PHX,2012-05-08,92.0,66.0,0.0,6.5094337,11.033317,3.15147,8.72106,18.4766,15.0
PHX,2012-05-09,95.0,68.0,0.03,8.782669,113.48738,15.4879,28.926342,54.7291,35.0
PHX,2012-05-10,94.0,63.0,0.0,5.264151,237.47664,13.98,33.92664,67.5656,10.0
PHX,2012-05-11,99.0,71.0,0.0,6.2285113,207.33203,5.33883,17.178596,42.6003,15.0
PHX,2012-05-12,99.0,70.0,0.0,4.4968553,90.16469,4.072,11.693289,25.5221,9.0
PHX,2012-05-13,103.0,72.0,0.0,6.557652,236.56041,5.11801,11.139811,20.3304,12.0
PHX,2012-05-14,102.0,74.0,0.0,3.951782,102.7905,4.42192,8.831475,14.8499,10.0
PHX,2012-05-15,106.0,78.0,0.0,8.779874,117.62852,5.1773,11.427536,19.4456,18.0
PHX,2012-05-16,105.0,79.0,0.0,7.6107616,203.73013,3.59405,9.96402,17.7077,13.0
PHX,2012-05-17,105.0,75.0,0.0,7.096436,188.4171,4.98203,10.437819,19.731,12.0
PHX,2012-05-18,97.0,76.0,0.0,9.1090145,262.0271,5.13174,11.635403,21.8108,20.0
PHX,2012-05-19,98.0,70.0,0.0,4.2206235,209.58319,6.19529,12.740633,22.5543,7.0
PHX,2012-05-20,104.0,73.0,0.0,4.442348,124.37075,5.28676,11.775449,18.460306,7.0
PHX,2012-05-21,108.0,75.0,0.0,4.1090145,191.5938,3.15184,9.608189,19.1473,9.0
PHX,2012-05-22,108.0,76.0,0.0,7.1509433,212.72932,3.44193,9.248214,17.7077,15.0
PHX,2012-05-23,103.0,74.0,0.0,8.234801,235.04343,7.71683,11.087224,16.2724,18.0
PHX,2012-05-24,99.0,76.0,0.0,6.419287,226.75089,13.9764,19.606262,25.7904,16.0
PHX,2012-05-25,95.0,74.0,0.0,10.681342,205.64844,12.0519,22.606213,36.9837,19.0
PHX,2012-05-26,82.0,66.0,0.0,9.142558,256.47766,6.94345,20.562605,52.2226,18.0
PHX,2012-05-27,87.0,62.0,0.0,3.7714884,255.12903,6.66809,14.180504,26.1941,9.0
PHX,2012-05-28,94.0,66.0,0.0,3.9832284,63.53411,5.35428,11.617042,20.8029,8.0
PHX,2012-05-29,100.0,69.0,0.0,3.6289308,133.3547,5.29749,10.435665,17.6536,8.0
PHX,2012-05-30,101.0,71.0,0.0,5.3354297,249.03668,3.94147,11.398537,23.0056,13.0
PHX,2012-05-31,109.0,73.0,0.0,4.192872,262.5509,4.29212,10.542515,24.1445,13.0
PHX,2012-06-01,111.0,79.0,0.0,6.2285113,236.72711,3.6447,9.666267,19.9935,17.0
PHX,2012-06-02,107.0,79.0,0.0,7.691824,267.36676,6.11429,10.479782,21.1736,18.0
PHX,2012-06-03,103.0,75.0,0.0,6.773585,161.0258,6.72327,12.8847685,24.1445,10.0
PHX,2012-06-04,102.0,76.0,0.0,6.2222223,205.32526,8.58966,14.309671,21.8108,12.0
PHX,2012-06-05,101.0,77.0,0.0,7.599581,279.41086,6.04799,15.683822,25.7921,16.0
PHX,2012-06-06,101.0,74.0,0.0,4.7777777,263.354,6.59642,11.09594,22.3195,12.0
PHX,2012-06-07,103.0,76.0,0.0,7.096436,194.39978,6.98055,12.983988,23.5814,11.0
PHX,2012-06-08,104.0,77.0,0.0,5.8867927,282.35248,5.85069,11.73264,24.4392,15.0
PHX,2012-06-09,103.0,75.0,0.0,7.5283017,208.79669,7.57758,11.83179,21.6558,14.0
PHX,2012-06-10,102.0,76.0,0.0,4.4968553,27.852688,8.21953,12.474552,17.0421,9.0
PHX,2012-06-11,104.0,79.0,0.0,6.538784,262.36493,6.42569,13.457478,26.8905,11.0
PHX,2012-06-12,107.0,79.0,0.0,5.6226416,277.33603,6.48368,11.80164,23.0495,11.0
PHX,2012-06-13,107.0,77.0,0.0,6.138365,239.74359,5.4206,10.599417,21.8108,14.0
PHX,2012-06-14,107.0,78.0,0.0,8.27044,194.41325,5.45269,11.226315,18.8906,16.0
PHX,2012-06-15,103.0,78.0,0.0,6.880503,225.03288,8.17098,13.717521,22.0953,18.0
PHX,2012-06-16,106.0,78.0,0.0,5.152341,177.72334,9.52829,15.055698,21.9768,21.0
PHX,2012-06-17,110.0,82.0,0.0,4.7190776,265.42166,8.61408,17.99038,35.7112,14.0
PHX,2012-06-18,112.0,87.0,0.0,9.048218,258.69257,5.2769,11.90506,23.392,19.0
PHX,2012-06-19,108.0,81.0,0.0,6.5513625,247.75716,2.52297,8.270343,19.1479,15.0
PHX,2012-06-20,109.0,79.0,0.0,6.3773584,266.942,3.71384,7.6402245,13.2888,10.0
PHX,2012-06-21,109.0,80.0,0.0,5.461216,302.8251,7.03947,13.216015,24.1725,11.0
PHX,2012-06-22,107.0,85.0,0.0,5.2389936,285.0225,5.63062,13.276678,22.9516,13.0
PHX,2012-06-23,107.0,81.0,0.0,5.8867927,269.32144,7.19368,13.95729,22.8221,15.0
PHX,2012-06-24,105.0,87.0,0.0,7.63522,279.59967,14.5382,19.898296,24.0703,16.0
PHX,2012-06-25,108.0,89.0,0.0,6.3941298,284.84195,13.8523,17.854633,25.7847,12.0
PHX,2012-06-26,110.0,89.0,0.0,5.5562544,261.1026,14.1817,18.816006,26.2279,16.0
PHX,2012-06-27,110.0,89.0,0.0,6.677848,130.14832,14.3057,25.33655,36.3548,27.0
PHX,2012-06-28,110.0,89.0,0.0,6.112509,262.82733,14.0786,24.246384,37.8513,13.0
PHX,2012-06-29,110.0,90.0,0.0,6.861635,268.60684,11.5293,20.096235,31.8725,17.0
PHX,2012-06-30,109.0,89.0,0.0,7.832285,279.00375,8.17473,16.175333,25.9428,15.0
PHX,2012-07-01,109.0,85.0,0.0,6.1257863,267.2375,6.11429,11.417667,23.1071,12.0
PHX,2012-07-02,106.0,87.0,0.0001,7.438155,275.60388,12.494,17.957901,28.0232,13.0
PHX,2012-07-03,100.0,86.0,0.0001,10.318658,285.61496,22.2179,30.60946,37.3812,19.0
PHX,2012-07-04,91.0,74.0,0.14,6.599581,224.30074,35.4019,63.671326,87.4515,14.0
PHX,2012-07-05,99.0,77.0,0.0,4.90566,254.3598,24.6853,47.525764,78.9629,10.0
PHX,2012-07-06,104.0,85.0,0.0,8.186583,280.87546,9.30679,19.950394,35.7044,16.0
PHX,2012-07-07,109.0,86.0,0.0,6.9874215,263.22873,7.71436,11.598491,19.0326,14.0
PHX,2012-07-08,110.0,88.0,0.0,6.5639415,167.70879,9.31335,19.402367,36.2543,9.0
PHX,2012-07-09,113.0,92.0,0.0,5.712788,254.18326,7.87991,18.00655,32.0092,13.0
PHX,2012-07-10,112.0,91.0,0.0,6.4968553,137.4193,12.427,19.81178,28.1833,15.0
PHX,2012-07-11,111.0,90.0,0.0001,7.3431168,122.35455,16.7749,26.21035,36.7931,20.0
PHX,2012-07-12,105.0,79.0,0.24,7.037736,268.31836,24.7325,45.88063,74.1149,19.0
PHX,2012-07-13,95.0,77.0,0.17,5.6058702,158.86292,34.8818,49.212067,71.7228,16.0
PHX,2012-07-14,97.0,76.0,0.18,5.49406,127.336334,39.9545,59.51653,81.9588,27.0
PHX,2012-07-15,100.0,76.0,0.04,5.7966456,136.07957,30.7994,53.60422,76.6215,17.0
PHX,2012-07-16,103.0,78.0,0.0,6.5932913,173.11972,19.1684,35.86775,66.5828,13.0
PHX,2012-07-17,103.0,82.0,0.0,6.0062895,182.7878,12.8352,21.291475,34.3201,12.0
PHX,2012-07-18,106.0,82.0,0.0,6.0901465,265.26562,9.37656,14.162534,22.9516,14.0
PHX,2012-07-19,107.0,87.0,0.0,7.341719,262.45425,10.773791,18.647087,24.93219,15.0
PHX,2012-07-20,109.0,86.0,0.0001,6.289308,118.02895,14.3057,25.460146,39.468872,18.0
PHX,2012-07-21,108.0,83.0,0.0001,7.350804,110.43725,18.854189,39.029675,62.774475,30.0
PHX,2012-07-22,105.0,83.0,0.0,6.50594,143.0672,24.3154,42.55149,60.73586,19.0
PHX,2012-07-23,106.0,85.0,0.0,5.7749825,160.7128,23.043575,36.984573,53.0308,16.0
PHX,2012-07-24,104.0,83.0,0.0,9.691824,90.068794,24.7325,37.9609,52.7537,21.0
PHX,2012-07-25,106.0,86.0,0.0,5.9098535,234.25955,15.400016,29.609037,47.973976,11.0
PHX,2012-07-26,107.0,87.0,0.0,6.4297695,267.22986,15.159458,20.181227,27.30038,13.0
PHX,2012-07-27,109.0,89.0,0.0,5.2327046,277.3358,10.973226,18.356525,31.7083,10.0
PHX,2012-07-28,101.0,77.0,0.16,7.5450735,137.01181,22.342993,41.729443,84.5256,25.0
PHX,2012-07-29,104.0,78.0,0.03,4.1306777,122.76651,26.9674,59.43454,82.05593,23.0
PHX,2012-07-30,100.0,80.0,0.0001,7.5450735,218.96667,28.769205,50.569695,76.36474,13.0
PHX,2012-07-31,104.0,83.0,0.0001,5.851153,214.5808,24.293777,43.0081,65.001915,12.0
PHX,2012-08-01,103.0,84.0,0.0,5.9643607,263.74176,17.9306,33.754868,56.509,12.0
PHX,2012-08-02,107.0,85.0,0.0,3.8385744,249.84467,15.2822,25.216734,40.1371,9.0
PHX,2012-08-03,109.0,87.0,0.0,4.802935,271.18802,14.0786,23.074068,38.7784,10.0
PHX,2012-08-04,111.0,88.0,0.0,4.610063,309.0585,12.7569,19.038055,31.5713,8.0
PHX,2012-08-05,107.0,89.0,0.0001,5.825996,158.1999,16.7285,22.551935,37.0954,14.0
PHX,2012-08-06,112.0,88.0,0.0001,5.283019,120.32133,16.127,26.10082,39.0815,11.0
PHX,2012-08-07,112.0,90.0,0.0,5.4737945,267.8296,14.8907,24.421534,38.1537,10.0
PHX,2012-08-08,116.0,93.0,0.0,6.958071,248.61758,11.0289,20.297552,30.9509,23.0
PHX,2012-08-09,114.0,93.0,0.0,3.981132,235.6169,12.0438,21.165995,31.2875,9.0
PHX,2012-08-10,113.0,90.0,0.0,4.802935,235.95242,12.5431,20.605383,34.2222,10.0
PHX,2012-08-11,110.0,92.0,0.0,4.8553457,184.31766,14.5335,22.167728,30.9885,18.0
PHX,2012-08-12,115.0,91.0,0.0,4.341719,144.81674,10.9953,20.51027,31.8725,8.0
PHX,2012-08-13,115.0,90.0,0.0001,5.851153,218.54048,10.8871,18.87099,30.6517,17.0
PHX,2012-08-14,113.0,83.0,0.05,5.649895,190.29514,12.4227,21.976383,62.0291,20.0
PHX,2012-08-15,98.0,81.0,0.0001,7.442348,253.80206,26.5214,42.39581,66.9263,15.0
PHX,2012-08-16,99.0,83.0,0.03,6.976939,271.2041,32.9334,42.815853,59.1645,21.0
PHX,2012-08-17,96.0,76.0,0.17,5.795947,227.39473,38.5912,60.29846,84.4617,18.0
PHX,2012-08-18,100.0,82.0,0.0,6.0838575,251.30106,32.0448,47.050972,65.0019,11.0
PHX,2012-08-19,104.0,85.0,0.0,6.389937,257.6096,26.5312,39.97816,63.2692,15.0
PHX,2012-08-20,106.0,86.0,0.0,6.709993,226.07068,24.7325,36.457333,49.7919,11.0
PHX,2012-08-21,102.0,75.0,0.33,9.183088,288.0557,27.5535,45.276478,90.8013,22.0
PHX,2012-08-22,91.0,76.0,0.07,5.9517817,133.5445,51.6825,69.03523,87.6003,12.0
PHX,2012-08-23,94.0,73.0,0.8,5.7414393,218.4943,40.9043,63.35298,94.1002,21.0
PHX,2012-08-24,98.0,81.0,0.0,5.1991615,169.69568,27.2627,51.126377,71.9184,10.0
PHX,2012-08-25,103.0,81.0,0.0,4.3773584,279.00784,20.0967,37.47747,65.0019,9.0
PHX,2012-08-26,105.0,84.0,0.0,3.8616352,272.76654,13.045,29.212975,52.7537,10.0
PHX,2012-08-27,107.0,85.0,0.0,3.60587,73.53585,18.11,28.837446,44.748,7.0
PHX,2012-08-28,109.0,86.0,0.0,5.1844864,107.30505,13.8523,27.454672,45.044,11.0
PHX,2012-08-29,106.0,85.0,0.0001,5.4318657,218.64355,21.4614,33.037743,47.8308,12.0
PHX,2012-08-30,102.0,85.0,0.0,7.7945495,274.85883,28.9286,39.251354,53.2115,15.0
PHX,2012-08-31,102.0,84.0,0.0,4.861635,271.09418,26.2334,36.321133,47.8155,10.0
PHX,2012-09-01,105.0,88.0,0.0,5.744235,269.76855,25.6908,34.464127,43.6661,9.0
PHX,2012-09-02,107.0,88.0,0.0,4.8490567,259.9262,19.3455,32.835056,46.6422,11.0
PHX,2012-09-03,104.0,88.0,0.0,6.1802936,274.62366,22.7684,33.342365,41.9124,13.0
PHX,2012-09-04,101.0,80.0,0.0,7.885395,292.2989,27.8438,41.850353,67.2191,17.0
PHX,2012-09-05,101.0,83.0,0.0,9.5450735,277.0178,30.7189,43.905323,60.7359,12.0
PHX,2012-09-06,102.0,85.0,0.0,7.0545073,255.06602,29.0612,45.582745,59.135,21.0
PHX,2012-09-07,85.0,72.0,0.51,4.287212,134.03981,58.5141,68.86511,90.14,11.0
PHX,2012-09-08,94.0,78.0,0.0,7.6477985,93.90499,34.5805,54.600727,81.4972,14.0
PHX,2012-09-09,93.0,79.0,0.0,9.8909855,78.0949,30.6517,40.848263,62.1581,16.0
PHX,2012-09-10,98.0,73.0,0.06,5.2131376,157.25667,29.2725,50.54803,84.2241,16.0
PHX,2012-09-11,82.0,72.0,0.02,3.884696,121.22386,56.4515,66.355484,84.2241,9.0
PHX,2012-09-12,94.0,75.0,0.0,3.0838575,304.2164,33.273,53.161587,78.8081,9.0
PHX,2012-09-13,100.0,78.0,0.0,5.408805,98.40539,19.5775,34.931168,60.4858,17.0
PHX,2012-09-14,96.0,79.0,0.0,9.377358,83.74329,16.1474,25.319872,36.6003,17.0
PHX,2012-09-15,98.0,78.0,0.0,5.8197064,77.14971,12.2991,21.854448,33.3361,15.0
PHX,2012-09-16,100.0,73.0,0.0,4.7610064,127.58735,12.0814,24.471098,42.9084,8.0
PHX,2012-09-17,99.0,76.0,0.0,4.5513625,238.21017,18.1698,32.422424,51.9108,10.0
PHX,2012-09-18,102.0,77.0,0.0,3.7064989,177.35757,11.9986,28.07908,49.9391,7.0
PHX,2012-09-19,105.0,78.0,0.0,3.4381552,147.70421,9.49371,21.259146,36.2913,8.0
PHX,2012-09-20,104.0,79.0,0.0,4.696017,37.41942,10.2716,19.180471,32.67,12.0
PHX,2012-09-21,105.0,78.0,0.0,3.6289308,119.30242,9.64795,20.875298,35.9081,8.0
PHX,2012-09-22,106.0,78.0,0.0,3.8322852,179.56282,9.34234,18.86061,31.2803,9.0
PHX,2012-09-23,103.0,80.0,0.0,3.7735848,176.7771,11.1054,19.329243,28.1391,9.0
PHX,2012-09-24,101.0,79.0,0.0,5.366876,218.18707,11.4716,22.28843,36.6003,13.0
PHX,2012-09-25,99.0,76.0,0.0,6.7190776,232.13753,12.0814,22.12387,37.2957,13.0
PHX,2012-09-26,97.0,74.0,0.0,4.9643607,52.982376,13.7466,23.084295,34.302,9.0
PHX,2012-09-27,97.0,74.0,0.0,4.402516,229.02686,16.0132,24.071371,34.302,13.0
PHX,2012-09-28,98.0,75.0,0.0,3.855346,226.7216,14.8522,37.84009,66.1311,9.0
PHX,2012-09-29,97.0,75.0,0.0,4.100629,127.889565,17.4214,29.102728,44.5322,8.0
PHX,2012-09-30,103.0,75.0,0.0,4.580713,120.3918,9.05761,22.922848,40.3277,10.0
PHX,2012-10-01,103.0,74.0,0.0,2.36478,78.58306,7.26548,15.678634,29.7565,10.0
PHX,2012-10-02,104.0,74.0,0.0,3.7064989,139.41821,8.21953,17.048067,30.4949,8.0
PHX,2012-10-03,102.0,73.0,0.0,5.513627,120.75918,9.71992,18.832546,29.4111,10.0
PHX,2012-10-04,100.0,74.0,0.0,4.9454927,100.34382,12.5166,21.353971,31.7936,10.0
PHX,2012-10-05,95.0,70.0,0.0,4.461216,94.27753,11.7504,22.985245,37.9499,9.0
PHX,2012-10-06,93.0,71.0,0.0,3.6708596,88.40198,15.7676,22.959587,31.2624,7.0
PHX,2012-10-07,95.0,73.0,0.0,4.735849,124.045586,14.8522,24.33889,31.7432,8.0
PHX,2012-10-08,95.0,71.0,0.0,5.7190776,161.47739,17.2829,25.390718,33.9247,9.0
PHX,2012-10-09,95.0,71.0,0.0,4.155136,140.83524,20.653,29.893904,42.50745,8.0
PHX,2012-10-10,94.0,71.0,0.0,5.7966456,155.38313,15.2463,29.459154,43.0757,12.0
PHX,2012-10-11,92.0,73.0,0.0001,8.774982,185.41951,21.7363,32.190952,49.5217,17.0
PHX,2012-10-12,76.0,65.0,0.0001,6.802935,249.66948,24.1445,33.45365,47.1288,15.0
PHX,2012-10-13,81.0,61.0,0.0,2.6415095,23.389145,21.327,33.2914,51.4774,7.0
PHX,2012-10-14,94.0,63.0,0.0,2.0587003,132.72186,12.9212,29.565542,53.9373,7.0
PHX,2012-10-15,96.0,66.0,0.0,2.7672956,138.28572,9.55226,21.719849,38.9092,9.0
PHX,2012-10-16,93.0,65.0,0.0,4.0251575,114.22508,12.0519,21.53556,32.2869,8.0
PHX,2012-10-17,93.0,66.0,0.0,5.0482183,118.90384,12.494,24.00186,37.4923,9.0
PHX,2012-10-18,90.0,67.0,0.0,4.3291407,215.53471,13.6428,30.70908,47.5235,8.0
PHX,2012-10-19,93.0,66.0,0.0,4.041929,294.10413,13.8744,27.83107,48.4677,13.0
PHX,2012-10-20,91.0,66.0,0.0,4.322851,99.29025,12.6978,24.06466,39.224,8.0
PHX,2012-10-21,91.0,68.0,0.0,7.9706497,166.21352,18.8906,33.2413,46.4735,14.0
PHX,2012-10-22,87.0,66.0,0.0,4.1509433,172.18007,28.741,43.1464,56.7343,8.0
PHX,2012-10-23,85.0,65.0,0.0,3.874214,357.66324,25.478,40.642548,58.5315,7.0
PHX,2012-10-24,83.0,65.0,0.0,5.3249474,265.12698,11.696,28.234255,52.2226,17.0
PHX,2012-10-25,84.0,57.0,0.0,3.7840672,244.43257,7.45297,19.35218,40.5421,9.0
PHX,2012-10-26,84.0,57.0,0.0,4.402516,325.1082,6.83048,15.639743,28.8857,13.0
PHX,2012-10-27,86.0,58.0,0.0,3.9412997,69.94415,11.082,17.069893,29.3921,16.0
PHX,2012-10-28,90.0,59.0,0.0,1.802935,87.99666,9.7647,19.39833,31.9974,9.0
PHX,2012-10-29,89.0,61.0,0.0,3.268344,96.69731,10.6035,20.775537,32.2869,7.0
PHX,2012-10-30,89.0,61.0,0.0,3.7127883,111.84909,9.3325,21.998741,32.5508,7.0
PHX,2012-10-31,88.0,60.0,0.0,3.7127883,126.14975,10.4323,21.490906,33.7451,7.0
PHX,2012-11-01,88.0,59.0,0.0,3.442348,109.33748,9.3325,20.014034,30.4796,7.0
PHX,2012-11-02,87.0,63.0,0.0,3.0712788,109.062546,13.1618,22.485907,31.3403,8.0
PHX,2012-11-03,85.0,61.0,0.0,3.3542976,118.86964,16.1354,26.736685,36.6844,7.0
PHX,2012-11-04,91.0,59.0,0.0,2.1383648,220.31328,11.1193,25.737242,44.1615,6.0
PHX,2012-11-05,91.0,59.0,0.0,2.3060796,174.33928,7.41145,20.43985,43.7091,8.0
PHX,2012-11-06,91.0,61.0,0.0,2.9350104,117.986206,9.96089,21.331848,32.4902,7.0
PHX,2012-11-07,89.0,62.0,0.0,4.251572,126.051285,10.302,22.118626,36.5101,9.0
PHX,2012-11-08,87.0,62.0,0.0001,5.287212,97.43261,12.7143,30.532362,50.5993,13.0
PHX,2012-11-09,78.0,61.0,0.05,9.606569,247.36754,29.7181,45.47146,60.1081,17.0
PHX,2012-11-10,65.0,50.0,0.0001,9.412998,264.93036,22.2123,32.46148,49.2456,16.0
PHX,2012-11-11,65.0,43.0,0.0,2.874214,155.63681,13.402,32.05306,60.2014,7.0
PHX,2012-11-12,73.0,44.0,0.0,4.9874215,67.90746,8.996,20.980194,39.7161,17.0
PHX,2012-11-13,77.0,47.0,0.0,3.874214,11.715816,9.22229,19.811672,34.2079,10.0
PHX,2012-11-14,82.0,51.0,0.0,2.5157232,111.31425,8.58125,20.500893,35.8891,7.0
PHX,2012-11-15,75.0,55.0,0.0,2.7253668,78.90549,15.7738,22.174818,30.5306,7.0
PHX,2012-11-16,81.0,53.0,0.0,2.557652,109.0705,11.4788,27.10268,50.4163,6.0
PHX,2012-11-17,76.0,56.0,0.0,3.7484276,96.32787,15.4595,29.678951,41.8232,8.0
PHX,2012-11-18,81.0,57.0,0.0,3.1551363,89.92949,25.7921,35.95528,50.0262,6.0
PHX,2012-11-19,80.0,56.0,0.0,2.2452831,104.98457,18.6191,38.189953,54.954,7.0
PHX,2012-11-20,84.0,55.0,0.0,2.9350104,82.650116,15.2063,31.86819,51.0182,11.0
PHX,2012-11-21,82.0,56.0,0.0,1.3836478,260.93518,19.1479,31.637796,43.6749,6.0
PHX,2012-11-22,79.0,53.0,0.0,2.3480084,97.84182,16.444,36.981888,58.7689,7.0
PHX,2012-11-23,85.0,52.0,0.0,2.1551363,90.99307,12.4901,30.438381,50.4163,6.0
PHX,2012-11-24,85.0,62.0,0.0,5.0293503,82.3751,13.0578,21.586037,33.9192,12.0
PHX,2012-11-25,82.0,57.0,0.0,2.7672956,95.16975,16.2166,27.94771,39.329,7.0
PHX,2012-11-26,80.0,55.0,0.0,3.1844864,105.722694,17.3031,33.471077,48.4689,7.0
PHX,2012-11-27,84.0,55.0,0.0,3.0712788,94.02284,12.9333,28.425535,45.2647,9.0
PHX,2012-11-28,80.0,57.0,0.0,3.3962264,132.59738,16.6823,28.454426,40.5421,8.0
PHX,2012-11-29,78.0,53.0,0.0,3.8805032,101.02023,21.8113,35.415707,50.4163,6.0
PHX,2012-11-30,76.0,54.0,0.0,3.922432,75.47454,27.8985,41.16982,55.522,9.0
PHX,2012-12-01,76.0,54.0,0.0,3.7777777,103.71885,29.2433,46.737995,61.5557,8.0
PHX,2012-12-02,77.0,53.0,0.0,2.9454927,93.46461,28.2041,43.58476,59.0413,8.0
PHX,2012-12-03,77.0,55.0,0.0,3.78826,98.44817,30.6636,44.466057,56.6182,11.0
PHX,2012-12-04,78.0,54.0,0.0,2.0125787,9.01923,25.4946,44.66459,64.0289,6.0
PHX,2012-12-05,82.0,54.0,0.0,1.8448638,94.549675,14.9611,34.589027,53.201595,7.0
PHX,2012-12-06,77.0,53.0,0.0,3.4004192,102.3702,20.8894,35.13257,48.6477,7.0
PHX,2012-12-07,75.0,53.0,0.0,2.9098532,114.32161,26.9284,40.17233,54.6666,6.0
PHX,2012-12-08,73.0,51.0,0.0,3.7358491,110.66158,25.5027,43.391296,61.151,7.0
PHX,2012-12-09,70.0,47.0,0.0,6.312369,27.6202,12.0697,34.084126,58.0651,10.0
PHX,2012-12-10,65.0,45.0,0.0,3.490566,357.01135,9.29838,16.801447,26.9364,11.0
PHX,2012-12-11,69.0,41.0,0.0,3.6645703,106.81415,13.3785,24.241196,36.1826,6.0
PHX,2012-12-12,72.0,44.0,0.0,4.4549265,107.42536,11.6866,23.864824,37.7898,8.0
PHX,2012-12-13,72.0,49.0,0.1,6.7589097,127.77903,15.5395,39.3759,89.4819,17.0
PHX,2012-12-14,61.0,52.0,0.43,6.879804,204.9122,39.0091,65.575645,89.4819,13.0
PHX,2012-12-15,58.0,49.0,0.25,5.725367,167.4251,53.7274,79.460205,93.5972,12.0
PHX,2012-12-16,59.0,46.0,0.0,2.7672956,238.635,42.1428,68.04745,92.8098,6.0
PHX,2012-12-17,63.0,45.0,0.0,2.4067085,106.89391,36.3645,61.241444,82.3783,8.0
PHX,2012-12-18,62.0,44.0,0.07,3.731656,158.53044,47.6955,66.03252,85.9664,17.0
PHX,2012-12-19,57.0,43.0,0.01,9.494759,251.42056,31.4141,49.689297,80.25161,22.0
PHX,2012-12-20,63.0,39.0,0.0,6.8742137,69.94776,14.9556,30.438114,67.2174,13.0
PHX,2012-12-21,70.0,45.0,0.0,4.4360585,90.96241,11.7022,24.933714,43.2128,12.0
PHX,2012-12-22,71.0,50.0,0.0,3.6897275,122.93876,19.611,33.181374,60.6015,8.0
PHX,2012-12-23,68.0,43.0,0.0,2.9161425,157.77496,27.1468,50.05892,76.062,6.0
PHX,2012-12-24,64.0,47.0,0.0,4.419287,141.97554,35.1523,54.4999,70.8559,11.0
PHX,2012-12-25,57.0,45.0,0.0,4.371069,320.86288,17.7919,31.079048,63.3341,11.0
PHX,2012-12-26,62.0,43.0,0.0,2.7672956,152.46967,24.1303,38.71303,55.5626,7.0
PHX,2012-12-27,58.0,41.0,0.0001,4.4444447,113.76934,32.7814,50.741844,65.1805,13.0
PHX,2012-12-28,59.0,38.0,0.0,2.8427672,95.0948,30.210892,54.610527,79.1234,8.0
PHX,2012-12-29,65.0,37.0,0.0,3.6708596,143.01724,19.0571,39.575066,67.2085,9.0
PHX,2012-12-30,56.0,45.0,0.01,3.9098532,148.4028,31.0341,51.62354,79.6987,12.0
PHX,2012-12-31,56.0,41.0,0.0,4.2389936,211.67688,28.248299,56.736313,88.7573,7.0
PHX,2013-01-01,57.0,35.0,0.0,3.7547169,60.405594,28.885677,50.80047,78.78851,8.0
PHX,2013-01-02,63.0,37.0,0.0,4.167715,33.934326,14.955619,33.994556,57.32768,12.0
PHX,2013-01-03,63.0,40.0,0.0,7.2285113,58.980244,15.82463,23.12357,42.5076,15.0
PHX,2013-01-04,62.0,41.0,0.0,4.7421384,77.127045,20.143612,30.246168,45.329494,15.0
PHX,2013-01-05,63.0,37.0,0.0,2.5995808,110.25613,18.625874,37.382896,59.221527,11.0
PHX,2013-01-06,68.0,42.0,0.0,3.9643605,137.67921,15.845089,31.999817,50.936054,7.0
PHX,2013-01-07,60.0,41.0,0.0,3.7735848,263.9044,25.9109,38.524204,54.974903,8.0
PHX,2013-01-08,67.0,39.0,0.0,2.9937108,118.413666,14.326344,35.562984,62.20537,6.0
PHX,2013-01-09,72.0,42.0,0.0,3.2872117,101.74554,14.958663,34.072765,52.867077,9.0
PHX,2013-01-10,61.0,46.0,0.01,7.0587,198.04645,25.7418,38.472126,66.28312,21.0
PHX,2013-01-11,54.0,39.0,0.0,7.0796647,262.09442,15.252756,28.771582,43.341095,21.0
PHX,2013-01-12,53.0,31.0,0.0,3.9832284,228.34814,15.759,31.419395,55.724415,12.0
PHX,2013-01-13,50.0,30.0,0.0,3.4192872,196.55023,13.558734,30.211918,53.43535,7.0
PHX,2013-01-14,45.0,30.0,0.0,3.3773584,272.62717,18.586996,27.33272,44.7438,10.0
PHX,2013-01-15,51.0,29.0,0.0,3.1677148,244.37163,10.2463,23.17471,44.584694,9.0
PHX,2013-01-16,61.0,34.0,0.0,2.4549267,233.11182,15.441691,23.624489,34.836,6.0
PHX,2013-01-17,73.0,38.0,0.0,5.744235,60.23431,11.680957,24.548052,50.142593,15.0
PHX,2013-01-18,74.0,44.0,0.0,2.9203355,63.43707,12.46913,25.233198,39.896072,13.0
PHX,2013-01-19,75.0,44.0,0.0,1.5932914,356.6192,12.962647,28.263626,49.02222,8.0
PHX,2013-01-20,74.0,45.0,0.0,1.509434,269.05786,10.9318,26.340353,45.329494,5.0
PHX,2013-01-21,79.0,45.0,0.0,2.3899372,344.9673,10.231419,22.898554,40.224762,6.0
PHX,2013-01-22,81.0,52.0,0.0,3.8574424,83.75232,9.72155,18.537903,32.13337,11.0
PHX,2013-01-23,81.0,51.0,0.0,3.8155136,92.75824,12.045085,20.921526,36.63463,8.0
PHX,2013-01-24,65.0,58.0,0.02,3.490566,128.19148,23.748512,48.984478,71.9038,7.0
PHX,2013-01-25,77.0,56.0,0.01,2.5744236,162.0971,32.1042,59.525223,75.32682,7.0
PHX,2013-01-26,64.0,58.0,1.18,4.1705103,197.47832,77.829636,89.43268,96.811195,11.0
PHX,2013-01-27,69.0,57.0,0.16,3.5897973,157.08055,61.03,83.01404,93.693306,8.0
PHX,2013-01-28,60.0,47.0,0.01,7.3333335,257.13724,42.1428,57.472973,83.33808,22.0
PHX,2013-01-29,58.0,41.0,0.0,6.5094337,271.5307,26.58966,46.340313,64.3466,16.0
PHX,2013-01-30,63.0,39.0,0.0,2.7002096,143.2678,20.431007,49.316334,79.21337,7.0
PHX,2013-01-31,69.0,43.0,0.0,2.8930817,290.52032,23.09839,49.648346,72.985916,7.0
PHX,2013-02-01,73.0,44.0,0.0,2.7840672,105.58334,19.896837,46.775253,76.2459,6.0
PHX,2013-02-02,76.0,48.0,0.0,3.018868,69.86878,19.02034,41.912014,68.50767,7.0
PHX,2013-02-03,69.0,56.0,0.0001,2.557652,258.92514,30.637081,47.672054,59.31141,8.0
PHX,2013-02-04,76.0,57.0,0.0,1.1320754,8.782867,29.243343,49.113716,71.9038,6.0
PHX,2013-02-05,76.0,52.0,0.0,3.1907756,96.68284,27.066418,46.795002,68.85722,6.0
PHX,2013-02-06,74.0,53.0,0.0,3.9937108,106.12522,31.262436,48.176174,61.413486,8.0
PHX,2013-02-07,74.0,51.0,0.0,3.3773584,119.15249,25.502748,47.840034,74.28986,7.0
PHX,2013-02-08,68.0,51.0,0.0,7.402516,238.37393,20.935188,37.75581,63.4719,14.0
PHX,2013-02-09,57.0,45.0,0.0001,7.746331,259.87296,30.0361,48.02215,70.6399,19.0
PHX,2013-02-10,59.0,42.0,0.0,4.2997904,114.52978,29.2475,46.996223,70.426094,8.0
PHX,2013-02-11,54.0,44.0,0.08,5.3354297,64.872505,53.50473,63.51804,79.07088,18.0
PHX,2013-02-12,59.0,38.0,0.0,3.4968553,133.10938,25.4315,55.35116,85.55243,8.0
PHX,2013-02-13,65.0,39.0,0.0,2.36478,164.35281,15.322445,40.189003,73.07919,6.0
PHX,2013-02-14,70.0,43.0,0.0,2.1802936,85.09622,17.254177,36.439297,60.349407,6.0
PHX,2013-02-15,77.0,48.0,0.0,4.402516,41.610504,9.49155,22.161606,52.01654,10.0
PHX,2013-02-16,80.0,52.0,0.0,5.57652,88.04854,7.15071,16.250797,29.247526,15.0
PHX,2013-02-17,76.0,50.0,0.0,5.0125785,185.5739,9.028803,18.594612,33.762005,10.0
PHX,2013-02-18,76.0,47.0,0.0,4.5324945,95.04267,9.562117,25.410412,45.64971,9.0
PHX,2013-02-19,74.0,50.0,0.0,7.725367,172.16003,11.232278,22.96005,40.7293,13.0
PHX,2013-02-20,58.0,40.0,0.23,8.1174,179.64612,36.866936,70.92933,85.8089,16.0
PHX,2013-02-21,58.0,39.0,0.0,4.4129977,121.668625,38.335285,60.720394,85.75554,7.0
PHX,2013-02-22,63.0,42.0,0.0,4.0062895,244.83745,22.051134,48.843422,85.1318,8.0
PHX,2013-02-23,66.0,43.0,0.0,4.790356,131.38445,20.718624,41.357765,65.067535,8.0
PHX,2013-02-24,61.0,48.0,0.0,11.946192,337.06635,8.565391,21.871937,51.809525,20.0
PHX,2013-02-25,64.0,40.0,0.0,2.8616352,239.83572,12.774937,24.9405,42.8366,8.0
PHX,2013-02-26,69.0,42.0,0.0,5.9161425,89.39024,12.2711,28.668785,54.72834,10.0
PHX,2013-02-27,68.0,41.0,0.0,3.3542976,292.37756,8.780111,18.288273,36.3645,11.0
PHX,2013-02-28,72.0,42.0,0.0,3.9832284,332.5342,7.5184975,19.631487,37.7898,10.0
PHX,2013-03-01,80.0,46.0,0.0,2.9392033,54.40288,9.98047,22.407234,40.6759,9.0
PHX,2013-03-02,85.0,51.0,0.0,3.2704403,117.63583,11.4752,26.158876,46.4556,8.0
PHX,2013-03-03,77.0,54.0,0.0,3.825996,105.543045,16.2852,30.56977,46.5981,8.0
PHX,2013-03-04,77.0,53.0,0.0,4.8993435,271.40628,19.0231,32.852848,54.6666,17.0
PHX,2013-03-05,81.0,57.0,0.0,5.616352,122.10109,13.0852,29.69608,45.5783,11.0
PHX,2013-03-06,82.0,55.0,0.0,3.7777777,102.97385,13.9214,29.55324,48.9547,8.0
PHX,2013-03-07,81.0,53.0,0.0,4.4905663,122.639465,15.7111,28.605942,46.7686,10.0
PHX,2013-03-08,68.0,46.0,0.84,10.788959,164.91386,18.8936,67.573586,87.3739,25.0
PHX,2013-03-09,58.0,44.0,0.01,4.1069183,87.37616,48.7756,66.98352,85.9664,8.0
PHX,2013-03-10,71.0,44.0,0.0,2.3480084,185.9035,29.5214,55.99055,85.9038,8.0
PHX,2013-03-11,76.0,48.0,0.0,2.5744236,122.69509,13.5977,40.95446,71.1855,6.0
PHX,2013-03-12,83.0,51.0,0.0,2.981132,42.326485,11.292,35.62132,71.1855,8.0
PHX,2013-03-13,89.0,57.0,0.0,3.7127883,79.79628,6.91434,30.132633,63.9715,10.0
PHX,2013-03-14,95.0,59.0,0.0,3.5744236,79.34806,6.96577,23.947859,53.44,11.0
PHX,2013-03-15,92.0,62.0,0.0,4.844864,112.14566,5.95768,26.003809,48.3033,10.0
PHX,2013-03-16,88.0,61.0,0.0,5.610063,100.28387,6.66809,25.859957,47.6955,13.0
PHX,2013-03-17,87.0,58.0,0.0,6.5031447,219.41467,5.18652,21.937782,47.3885,11.0
PHX,2013-03-18,86.0,58.0,0.0,4.4067087,118.27132,10.7897,23.383717,40.5421,8.0
PHX,2013-03-19,84.0,62.0,0.0,4.0,57.525105,10.0878,25.727839,42.5055,7.0
PHX,2013-03-20,85.0,62.0,0.0,3.7358491,104.08095,12.9333,24.9234,39.4739,7.0
PHX,2013-03-21,86.0,65.0,0.0,5.041929,275.39157,10.9673,23.901636,39.964,10.0
PHX,2013-03-22,84.0,60.0,0.0,6.287212,235.25716,11.292,26.025534,45.907,14.0
PHX,2013-03-23,80.0,55.0,0.0,6.3773584,284.16162,1.11447,10.602282,36.9599,16.0
PHX,2013-03-24,81.0,53.0,0.0,4.825996,266.6466,2.56165,9.432375,22.7535,11.0
PHX,2013-03-25,84.0,55.0,0.0,3.538784,91.69033,6.43996,14.091923,28.9291,7.0
PHX,2013-03-26,89.0,62.0,0.0,4.8392735,114.61903,6.34202,14.903964,25.3764,10.0
PHX,2013-03-27,87.0,61.0,0.0,5.8742137,88.701416,7.62326,18.011469,29.8362,11.0
PHX,2013-03-28,88.0,60.0,0.0,4.7421384,88.862404,9.83169,19.349142,31.9974,9.0
PHX,2013-03-29,89.0,60.0,0.0,4.251572,88.9073,7.24553,18.354918,34.9087,8.0
PHX,2013-03-30,88.0,67.0,0.0,4.245283,108.1996,9.17595,17.626371,25.2013,8.0
PHX,2013-03-31,90.0,60.0,0.0,5.2410903,236.87357,8.91739,20.904594,34.9087,14.0
PHX,2013-04-01,85.0,63.0,0.0,5.880503,272.32852,8.22297,22.326813,41.1786,11.0
PHX,2013-04-02,85.0,58.0,0.0,6.9454927,266.20615,10.0878,18.896685,38.9387,14.0
PHX,2013-04-03,88.0,62.0,0.0,3.2872117,223.55177,11.8393,20.64337,29.8362,8.0
PHX,2013-04-04,93.0,63.0,0.0,3.8616352,111.64639,6.64873,19.02665,35.1523,9.0
PHX,2013-04-05,90.0,65.0,0.0,5.706499,239.59914,10.0478,18.487549,29.25,14.0
PHX,2013-04-06,89.0,63.0,0.0,3.7064989,85.68007,12.284,20.086393,31.4843,6.0
PHX,2013-04-07,90.0,64.0,0.0,4.3186584,259.5403,12.7143,22.19587,35.5486,11.0
PHX,2013-04-08,84.0,57.0,0.06,12.15304,226.56917,15.2063,30.698223,59.8435,25.0
PHX,2013-04-09,75.0,55.0,0.0001,11.144654,273.73285,14.5089,30.906004,74.0807,19.0
PHX,2013-04-10,76.0,53.0,0.0,4.651992,302.1324,15.4384,22.547894,31.0341,13.0
PHX,2013-04-11,83.0,56.0,0.0,5.484277,90.555275,9.11372,23.766714,45.2647,10.0
PHX,2013-04-12,89.0,60.0,0.0,4.5450735,135.55519,8.40277,18.207031,36.0433,8.0
PHX,2013-04-13,91.0,61.0,0.0,6.9657583,212.67389,8.6179,18.119816,33.425,15.0
PHX,2013-04-14,91.0,63.0,0.0,6.4675055,221.03476,9.01907,17.761003,30.3231,13.0
PHX,2013-04-15,89.0,64.0,0.0,6.5828094,261.12927,11.5369,21.503332,34.064,20.0
PHX,2013-04-16,83.0,65.0,0.0,9.57652,257.65225,11.0516,25.16199,38.9092,22.0
PHX,2013-04-17,75.0,59.0,0.0,11.443746,281.21097,5.46709,15.762041,28.7267,19.0
PHX,2013-04-18,76.0,56.0,0.0,7.1614256,322.86703,6.69974,11.397196,18.789,11.0
PHX,2013-04-19,82.0,58.0,0.0,4.958071,68.129036,3.66937,8.59242,17.2542,11.0
PHX,2013-04-20,90.0,58.0,0.0,6.389937,246.21669,5.46008,12.383494,24.9312,15.0
PHX,2013-04-21,93.0,62.0,0.0,4.4255767,98.58051,5.33982,12.795263,25.0342,11.0
PHX,2013-04-22,94.0,64.0,0.0,4.947589,198.73155,5.95768,12.912278,23.9754,10.0
PHX,2013-04-23,93.0,66.0,0.0,6.2285113,225.70851,8.63395,13.406041,23.8395,12.0
PHX,2013-04-24,90.0,64.0,0.0,4.958071,298.5412,8.29581,14.154093,31.3403,8.0
PHX,2013-04-25,86.0,69.0,0.0,8.26485,245.6252,13.3228,17.794786,21.4515,18.0
PHX,2013-04-26,92.0,63.0,0.0,4.3186584,241.68686,8.43653,19.250584,35.2293,8.0
PHX,2013-04-27,97.0,67.0,0.0,2.7672956,237.37306,5.33883,14.248472,30.6371,11.0
PHX,2013-04-28,100.0,69.0,0.0,3.0419288,94.01832,3.09824,10.023198,18.9022,8.0
PHX,2013-04-29,102.0,70.0,0.0,6.4067087,231.56374,3.66465,9.702563,18.1909,11.0
PHX,2013-04-30,101.0,71.0,0.0,8.522013,247.98439,4.24975,9.206142,17.1359,21.0
PHX,2013-05-01,94.0,72.0,0.0,6.748428,241.37497,6.65026,10.6830435,17.331926,13.0
PHX,2013-05-02,93.0,74.0,0.0,8.857442,56.6798,2.9202,4.9390073,12.2834,17.0
PHX,2013-05-03,92.0,69.0,0.0,7.3102727,89.56513,5.278142,9.932908,16.872263,15.0
PHX,2013-05-04,96.0,68.0,0.0,5.283019,246.51463,4.4488187,10.207494,19.170086,13.0
PHX,2013-05-05,93.0,71.0,0.0,8.528302,222.5035,6.57963,11.966744,17.92203,17.0
PHX,2013-05-06,87.0,69.0,0.0,6.610063,220.92102,20.45808,27.220049,38.8122,11.0
PHX,2013-05-07,85.0,67.0,0.0,8.821104,233.4464,19.428825,27.11041,37.1471,20.0
PHX,2013-05-08,84.0,66.0,0.0,3.9392033,257.1256,18.210943,25.990475,37.002823,8.0
PHX,2013-05-09,88.0,67.0,0.0,5.3354297,267.2952,14.6607,22.093716,31.972324,11.0
PHX,2013-05-10,93.0,68.0,0.0,4.8176103,237.03352,9.36189,19.218185,31.972324,13.0
PHX,2013-05-11,96.0,73.0,0.0,6.784067,84.8481,8.51444,17.051195,29.103369,18.0
PHX,2013-05-12,99.0,73.0,0.0,4.2767296,90.07349,9.426807,16.07683,25.196789,8.0
PHX,2013-05-13,103.0,75.0,0.0,5.2809224,120.18581,7.53055,14.177172,25.196789,9.0
PHX,2013-05-14,103.0,77.0,0.0,7.6484976,224.29607,7.10533,12.578138,19.020372,15.0
PHX,2013-05-15,101.0,76.0,0.0,7.813417,251.70776,8.589656,15.2451515,24.4392,18.0
PHX,2013-05-16,101.0,73.0,0.0,7.7379456,219.0116,4.7893105,13.052561,24.451351,17.0
PHX,2013-05-17,94.0,71.0,0.0,6.3773584,231.73697,9.439779,13.000352,21.3708,13.0
PHX,2013-05-18,94.0,75.0,0.0,6.037736,266.46844,12.697778,20.641499,34.61408,14.0
PHX,2013-05-19,95.0,71.0,0.0,6.9161425,255.546,10.390337,18.83705,30.142359,15.0
PHX,2013-05-20,97.0,73.0,0.0,8.693221,279.1079,5.21262,13.036403,29.103369,23.0
PHX,2013-05-21,99.0,71.0,0.0,4.880503,196.4914,5.507107,10.858981,21.085913,9.0
PHX,2013-05-22,103.0,72.0,0.0,8.341719,172.89114,5.055344,11.035998,21.087013,19.0
PHX,2013-05-23,100.0,73.0,0.0,7.5450735,220.14388,7.2098002,12.103461,22.027794,13.0
PHX,2013-05-24,101.0,71.0,0.0,7.8385744,250.28705,5.09255,10.413772,20.8029,18.0
PHX,2013-05-25,98.0,71.0,0.0,4.821803,263.0811,5.74043,10.096865,21.087013,12.0
PHX,2013-05-26,96.0,72.0,0.0,4.5681343,244.12859,5.59942,10.044979,17.400084,12.0
PHX,2013-05-27,94.0,71.0,0.0,4.821803,53.948708,9.62898,13.587103,22.027794,9.0
PHX,2013-05-28,98.0,70.0,0.0,7.7330537,270.9392,8.837229,16.997332,27.622189,18.0
PHX,2013-05-29,98.0,74.0,0.0,7.129979,242.4083,12.935965,19.48394,30.804089,14.0
PHX,2013-05-30,100.0,77.0,0.0,7.0356393,268.66693,14.565633,23.909609,35.980938,13.0
PHX,2013-05-31,101.0,78.0,0.0,3.9685535,257.4807,10.6672,24.33966,43.261497,9.0
PHX,2013-06-01,108.0,80.0,0.0,4.3186584,264.97568,5.84608,15.711541,29.6194,10.0
PHX,2013-06-02,109.0,82.0,0.0,6.677149,295.21353,6.96848,13.868427,22.6666,18.0
PHX,2013-06-03,105.0,79.0,0.0,7.966457,225.72739,6.16611,11.479832,23.881,13.0
PHX,2013-06-04,104.0,79.0,0.0,6.5932913,264.13644,7.46379,11.900111,23.0495,12.0
PHX,2013-06-05,108.0,79.0,0.0,4.6121593,189.36493,5.1773,11.616052,23.0495,11.0
PHX,2013-06-06,110.0,79.0,0.0,6.2473793,274.8541,5.14718,10.973425,21.7363,13.0
PHX,2013-06-07,111.0,81.0,0.0,6.498952,266.00894,4.644385,10.532636,20.3927,15.0
PHX,2013-06-08,110.0,83.0,0.0,8.958072,266.73822,5.58933,9.98093,20.2679,18.0
PHX,2013-06-09,108.0,79.0,0.0,5.3249474,266.1081,3.29025,10.345237,20.7089,13.0
PHX,2013-06-10,109.0,82.0,0.0,6.3584905,252.61621,3.16204,9.32947,21.6084,12.0
PHX,2013-06-11,109.0,81.0,0.0,5.30608,262.78177,5.98724,9.927842,17.955,15.0
PHX,2013-06-12,110.0,84.0,0.0,6.2285113,277.87024,6.06489,12.525573,20.5425,14.0
PHX,2013-06-13,106.0,85.0,0.0,7.3941298,285.60257,13.2961,17.760946,24.7549,12.0
PHX,2013-06-14,106.0,84.0,0.0,5.2138367,278.97125,9.99869,18.43494,33.5037,11.0
PHX,2013-06-15,107.0,84.0,0.0,6.018868,265.03198,8.00444,13.515486,25.7904,14.0
PHX,2013-06-16,108.0,84.0,0.0,6.5220127,287.3251,5.78244,11.250492,20.3927,12.0
PHX,2013-06-17,108.0,81.0,0.0,4.7002096,304.51202,5.08332,10.046838,21.6084,10.0
PHX,2013-06-18,108.0,80.0,0.0,5.880503,217.95895,3.58149,9.215184,20.7089,13.0
PHX,2013-06-19,106.0,77.0,0.0,6.383648,167.68118,4.67204,9.6732855,20.7089,13.0
PHX,2013-06-20,106.0,79.0,0.0,5.1802936,68.66735,5.63062,10.353394,19.7194,10.0
PHX,2013-06-21,107.0,77.0,0.0,5.7966456,197.2016,5.0133,10.634688,21.4549,13.0
PHX,2013-06-22,105.0,78.0,0.0,5.4507337,132.50983,5.4206,11.049961,21.8108,8.0
PHX,2013-06-23,107.0,76.0,0.0,7.7330537,185.85353,3.06908,9.527639,20.8924,14.0
PHX,2013-06-24,104.0,78.0,0.0,6.658281,212.61368,6.16611,11.889889,21.0457,13.0
PHX,2013-06-25,106.0,79.0,0.0,5.832285,124.35601,6.00372,13.061555,21.4173,11.0
PHX,2013-06-26,107.0,79.0,0.0,5.628931,199.93512,7.1393,11.593781,18.8775,8.0
PHX,2013-06-27,110.0,83.0,0.0,6.287212,273.38754,3.18803,12.243802,22.6666,14.0
PHX,2013-06-28,116.0,82.0,0.0,5.073375,129.02786,8.13857,13.816327,22.1713,10.0
PHX,2013-06-29,119.0,91.0,0.0,9.264151,203.27496,6.22251,12.8548975,21.2422,19.0
PHX,2013-06-30,115.0,91.0,0.0,8.176101,258.5701,10.198,18.903677,30.6517,29.0
PHX,2013-07-01,112.0,90.0,0.0,7.305381,263.36407,12.426974,21.533459,35.56706,13.0
PHX,2013-07-02,108.0,85.0,0.0001,9.914046,171.04251,16.840082,26.395384,41.912376,20.0
PHX,2013-07-03,111.0,87.0,0.0,8.616352,180.75606,11.6412,21.356411,33.6156,17.0
PHX,2013-07-04,108.0,91.0,0.0,8.0062895,284.42685,16.312902,21.976973,27.729084,15.0
PHX,2013-07-05,106.0,89.0,0.0,6.3941298,288.1953,18.581274,27.517635,37.024742,10.0
PHX,2013-07-06,111.0,88.0,0.0,5.958071,316.62866,15.772492,27.70729,42.015064,12.0
PHX,2013-07-07,112.0,90.0,0.0,4.844864,203.4772,13.285722,24.100267,38.15369,9.0
PHX,2013-07-08,113.0,91.0,0.0,7.4486375,147.89052,10.519981,21.160675,32.009186,12.0
PHX,2013-07-09,107.0,90.0,0.0,10.779874,275.97543,20.639368,31.03163,40.069065,15.0
PHX,2013-07-10,104.0,86.0,0.0,9.920336,280.92264,24.446907,34.832123,51.40249,16.0
PHX,2013-07-11,97.0,82.0,0.0001,6.8972745,287.40475,32.770966,43.27584,65.001915,11.0
PHX,2013-07-12,101.0,87.0,0.0,7.524109,184.01001,29.56697,38.587425,48.263123,15.0
PHX,2013-07-13,106.0,84.0,0.0,5.197065,243.7172,21.4614,32.885803,49.219475,10.0
PHX,2013-07-14,110.0,93.0,0.0001,6.84696,274.87036,17.332287,27.007488,35.868946,21.0
PHX,2013-07-15,110.0,92.0,0.0001,4.90566,264.17188,18.501038,30.438807,39.9822,15.0
PHX,2013-07-16,104.0,83.0,0.0,12.030747,108.35453,27.843819,43.403732,56.98148,27.0
PHX,2013-07-17,107.0,84.0,0.0,6.2620544,61.75728,17.857466,36.965942,58.654602,14.0
PHX,2013-07-18,108.0,88.0,0.0,8.090147,111.81431,17.543037,25.724197,35.09822,15.0
PHX,2013-07-19,105.0,81.0,0.03,6.5422783,126.29145,23.518332,40.370705,67.219124,19.0
PHX,2013-07-20,103.0,77.0,0.06,7.8756113,289.54846,27.843819,53.76076,84.5256,23.0
PHX,2013-07-21,87.0,74.0,0.89,5.628931,44.34172,65.1269,72.79548,90.2933,17.0
PHX,2013-07-22,96.0,79.0,0.0,4.654088,212.45854,35.8689,56.531166,82.05593,15.0
PHX,2013-07-23,102.0,82.0,0.0,6.293501,272.88605,24.293777,41.560104,69.434296,11.0
PHX,2013-07-24,107.0,88.0,0.04,6.5262055,269.9635,21.469019,32.806602,42.611866,11.0
PHX,2013-07-25,101.0,76.0,0.75,6.1844864,132.31427,31.708694,48.750793,87.5481,17.0
PHX,2013-07-26,103.0,87.0,0.0001,5.371069,145.48447,26.233362,44.095142,60.87999,13.0
PHX,2013-07-27,105.0,84.0,0.0,5.1174006,118.7078,26.233362,40.142258,65.12692,13.0
PHX,2013-07-28,108.0,87.0,0.0,7.264151,241.60576,13.165912,27.47541,49.6625,17.0
PHX,2013-07-29,107.0,85.0,0.0,6.8574424,198.91689,11.793891,19.328585,32.364677,10.0
PHX,2013-07-30,108.0,86.0,0.0,5.903564,268.9944,14.92543,19.810812,31.406563,10.0
PHX,2013-07-31,109.0,91.0,0.0,6.3878407,304.31354,13.285722,20.220968,28.1607,15.0
PHX,2013-08-01,106.0,91.0,0.0,8.947589,121.13157,19.9883,28.596766,37.0954,18.0
PHX,2013-08-02,107.0,88.0,0.0,7.1027255,134.53096,15.2822,29.321335,43.5312,14.0
PHX,2013-08-03,109.0,86.0,0.0,5.1069183,124.33025,15.4116,26.248278,43.0701,13.0
PHX,2013-08-04,106.0,90.0,0.0,4.7896576,109.24222,9.49371,14.71936,24.246,10.0
PHX,2013-08-05,101.0,86.0,0.0001,6.6415095,196.47273,13.8458,28.009224,40.7407,13.0
PHX,2013-08-06,92.0,76.0,0.01,6.383648,150.15585,31.8725,54.19215,81.8483,12.0
PHX,2013-08-07,102.0,79.0,0.0,5.400419,187.445,15.4594,36.9807,64.5384,10.0
PHX,2013-08-08,107.0,79.0,0.0,5.599581,137.35225,7.26548,22.533337,48.6395,10.0
PHX,2013-08-09,109.0,79.0,0.0,7.253669,168.54794,8.53553,15.561577,26.868,14.0
PHX,2013-08-10,106.0,83.0,0.0,6.30608,169.14929,7.38765,13.164138,25.4963,13.0
PHX,2013-08-11,107.0,79.0,0.0,4.7966456,262.36035,10.8539,16.444788,27.1903,14.0
PHX,2013-08-12,111.0,84.0,0.0,6.1802936,226.48799,7.87782,19.476736,38.3073,15.0
PHX,2013-08-13,107.0,82.0,0.0,5.408805,278.4014,5.92288,13.296429,27.1671,13.0
PHX,2013-08-14,109.0,86.0,0.0,5.914745,258.19608,9.13037,14.885546,23.1039,10.0
PHX,2013-08-15,110.0,89.0,0.0,5.6813416,120.971725,15.3942,24.696457,36.7931,10.0
PHX,2013-08-16,113.0,91.0,0.0,6.1027255,96.04598,12.0438,21.240393,29.666,11.0
PHX,2013-08-17,114.0,88.0,0.0001,6.3438153,89.842545,12.427,25.352978,46.6422,16.0
PHX,2013-08-18,111.0,86.0,0.0,6.7274632,136.07294,14.1817,26.715853,43.0701,17.0
PHX,2013-08-19,110.0,91.0,0.0,5.69392,245.2197,14.1817,23.653578,34.2222,13.0
PHX,2013-08-20,111.0,88.0,0.0001,7.1187983,189.73528,12.2149,23.823719,31.5713,23.0
PHX,2013-08-21,100.0,90.0,0.0001,4.639413,107.873825,24.6788,29.050737,35.4019,9.0
PHX,2013-08-22,106.0,88.0,0.0,6.1446543,283.6712,19.8323,27.491947,35.5671,15.0
PHX,2013-08-23,103.0,85.0,0.0001,5.658281,252.35599,18.9296,30.400635,44.748,12.0
PHX,2013-08-24,101.0,81.0,0.0001,7.8420687,280.00217,26.5214,38.78833,60.2464,15.0
PHX,2013-08-25,89.0,80.0,0.01,7.463312,305.03577,40.604,50.05936,62.5339,14.0
PHX,2013-08-26,100.0,77.0,0.34,5.4074073,236.39954,30.7189,49.588963,81.922,40.0
PHX,2013-08-27,107.0,80.0,0.0,5.5450735,206.35944,18.8376,43.94614,74.0652,11.0
PHX,2013-08-28,107.0,83.0,0.0,9.647799,142.38269,20.2509,33.497345,60.7359,17.0
PHX,2013-08-29,100.0,81.0,0.0,5.6149545,233.20534,33.0686,51.025524,64.7712,12.0
PHX,2013-08-30,101.0,81.0,0.0001,5.1767993,286.67712,33.9856,56.044216,76.9034,18.0
PHX,2013-08-31,101.0,81.0,0.0001,4.041929,28.35139,28.9286,49.265526,74.247,12.0
PHX,2013-09-01,105.0,84.0,0.0,5.245283,298.67487,24.4469,36.01042,53.2115,13.0
PHX,2013-09-02,103.0,87.0,0.0001,5.3165617,180.25961,27.63,37.434467,45.921745,13.0
PHX,2013-09-03,109.0,85.0,0.0,5.174004,201.98273,17.7724,30.613401,51.2489,11.0
PHX,2013-09-04,110.0,88.0,0.0,5.0,167.09467,13.7411,26.6176,40.604,8.0
PHX,2013-09-05,111.0,88.0,0.0,4.958071,140.82895,11.5293,21.785229,35.4019,11.0
PHX,2013-09-06,111.0,89.0,0.0001,7.1313767,154.03542,13.2857,25.03277,35.5671,18.0
PHX,2013-09-07,94.0,83.0,0.0001,6.0985327,273.15472,30.9509,40.756428,51.2489,17.0
PHX,2013-09-08,89.0,73.0,0.36,4.795248,113.34752,39.0815,58.304745,90.7287,17.0
PHX,2013-09-09,84.0,73.0,0.5,6.389937,103.42162,52.9345,73.20794,90.7287,16.0
PHX,2013-09-10,86.0,74.0,0.0001,6.8867927,221.49489,49.2195,64.06405,81.7866,22.0
PHX,2013-09-11,94.0,74.0,0.0,4.360587,281.82224,26.8298,50.42269,78.723,10.0
PHX,2013-09-12,100.0,75.0,0.0,3.9161425,261.30887,15.8627,34.972523,55.9745,7.0
PHX,2013-09-13,101.0,80.0,0.0,3.60587,83.21172,21.0453,33.166042,45.5983,7.0
PHX,2013-09-14,105.0,85.0,0.0,7.305381,74.59957,19.7129,32.28779,44.5858,13.0
PHX,2013-09-15,105.0,82.0,0.0,3.7966456,98.97277,15.6993,28.47005,42.605,11.0
PHX,2013-09-16,106.0,88.0,0.0,6.809224,79.44526,17.1377,25.577772,35.0982,14.0
PHX,2013-09-17,108.0,88.0,0.0,8.012579,117.80455,17.5227,26.244118,37.6857,15.0
PHX,2013-09-18,107.0,84.0,0.0,7.821803,209.61589,5.97079,16.525492,33.144,15.0
PHX,2013-09-19,103.0,78.0,0.0,4.844864,255.88603,7.57758,16.756376,32.2217,10.0
PHX,2013-09-20,105.0,77.0,0.0,5.2578616,263.33215,11.6798,19.244934,29.8853,12.0
PHX,2013-09-21,103.0,81.0,0.0,6.167715,141.07317,16.2169,26.30354,42.4675,11.0
PHX,2013-09-22,91.0,73.0,0.0,10.186583,265.45602,6.52591,22.922121,39.8331,18.0
PHX,2013-09-23,94.0,67.0,0.0,3.6897275,161.48277,8.33628,16.747816,29.5624,7.0
PHX,2013-09-24,99.0,70.0,0.0,4.5450735,44.78514,9.46067,18.346338,34.8706,8.0
PHX,2013-09-25,97.0,72.0,0.0,6.174004,160.54175,8.93708,21.342907,34.302,14.0
PHX,2013-09-26,97.0,72.0,0.0,11.30608,227.94211,11.3246,18.573236,24.156,24.0
PHX,2013-09-27,87.0,69.0,0.0,5.6813416,249.3167,7.33042,14.338448,20.8012,10.0
PHX,2013-09-28,92.0,63.0,0.0,2.7672956,73.80385,8.37698,15.9976845,31.4843,10.0
PHX,2013-09-29,94.0,67.0,0.0,3.6477988,263.0411,11.0468,18.61411,29.874,10.0
PHX,2013-09-30,95.0,68.0,0.0,4.402516,155.93939,9.82258,21.524654,37.6356,8.0
PHX,2013-10-01,96.0,68.0,0.0,5.4129977,134.71788,9.82258,19.944927,33.2963,8.0
PHX,2013-10-02,95.0,69.0,0.0,5.787746,102.02645,16.4664,24.921726,36.6703,10.0
PHX,2013-10-03,94.0,69.0,0.0,6.557652,235.95581,11.5396,26.157162,41.074,15.0
PHX,2013-10-04,89.0,68.0,0.0,6.748428,267.84045,4.14683,19.66271,46.9915,14.0
PHX,2013-10-05,86.0,66.0,0.0,6.348008,355.44037,5.59101,10.523481,16.6093,12.0
PHX,2013-10-06,93.0,61.0,0.0,4.802935,81.28006,5.87021,14.020698,26.1941,13.0
PHX,2013-10-07,97.0,66.0,0.0,3.7735848,99.26033,6.04827,13.414738,25.055,13.0
PHX,2013-10-08,94.0,67.0,0.0,5.5513625,160.20908,9.99402,18.4077,28.6264,12.0
PHX,2013-10-09,88.0,68.0,0.0,11.582809,196.31078,18.3412,24.31347,45.5669,23.0
PHX,2013-10-10,72.0,56.0,0.0001,7.863732,282.83633,26.4585,39.405525,69.3018,18.0
PHX,2013-10-11,79.0,57.0,0.0,2.096436,232.14896,17.8239,32.86566,52.6986,4.0
PHX,2013-10-12,87.0,60.0,0.0,4.2809224,159.70563,15.5643,27.86325,42.1892,10.0
PHX,2013-10-13,86.0,62.0,0.0,5.408805,225.68791,15.8847,27.839565,45.907,10.0
PHX,2013-10-14,84.0,62.0,0.0,4.1509433,290.885,12.9333,28.496008,44.4739,7.0
PHX,2013-10-15,84.0,60.0,0.0,4.9895177,230.78413,11.1757,21.779324,37.7812,11.0
PHX,2013-10-16,83.0,58.0,0.0,4.4067087,166.90886,12.7059,21.231352,34.9087,7.0
PHX,2013-10-17,83.0,58.0,0.0,4.402516,172.1164,12.267,23.075243,39.0091,8.0
PHX,2013-10-18,86.0,58.0,0.0,4.1090145,135.2296,9.74212,22.753233,40.5421,9.0
PHX,2013-10-19,88.0,58.0,0.0,3.2389936,123.4495,6.4414,17.675356,34.4108,7.0
PHX,2013-10-20,86.0,60.0,0.0,5.4486375,128.61632,7.98841,17.412203,27.8373,9.0
PHX,2013-10-21,88.0,59.0,0.0,4.0587,122.959885,7.45561,18.181253,29.3762,8.0
PHX,2013-10-22,94.0,59.0,0.0,3.2033544,75.935165,6.65026,17.489023,31.9974,6.0
PHX,2013-10-23,95.0,64.0,0.0,3.8155136,115.753944,8.33628,15.717066,25.8038,9.0
PHX,2013-10-24,93.0,66.0,0.0,4.251572,130.84058,7.87323,17.281887,31.8004,11.0
PHX,2013-10-25,89.0,62.0,0.0,4.215933,129.78914,8.6179,19.61874,32.1716,8.0
PHX,2013-10-26,91.0,62.0,0.0,2.951782,165.11275,12.1555,22.72208,32.5508,8.0
PHX,2013-10-27,91.0,64.0,0.0,5.0314465,171.70999,10.6035,21.062225,36.6844,10.0
PHX,2013-10-28,86.0,64.0,0.0,7.63522,183.82184,15.5643,26.14916,37.8072,16.0
PHX,2013-10-29,74.0,61.0,0.0,7.155136,266.0952,26.9284,36.219997,49.7267,17.0
PHX,2013-10-30,74.0,55.0,0.0,5.1572328,258.01102,20.3304,33.857914,54.7975,9.0
PHX,2013-10-31,76.0,53.0,0.0,4.0251575,132.64705,15.4595,29.112457,46.4556,8.0
PHX,2013-11-01,81.0,54.0,0.0,3.7421384,107.90749,12.0451,26.62097,43.3576,7.0
PHX,2013-11-02,90.0,54.0,0.0,5.1320753,141.77872,7.27926,21.353048,46.5981,14.0
PHX,2013-11-03,85.0,61.0,0.0,4.616352,33.720642,12.4609,24.886955,39.7914,7.0
PHX,2013-11-04,80.0,57.0,0.0001,7.821104,346.9986,18.6191,32.716015,52.5117,17.0
PHX,2013-11-05,76.0,58.0,0.0,4.1844864,262.4324,18.743,43.96027,64.5221,10.0
PHX,2013-11-06,79.0,55.0,0.0,5.138365,56.610332,4.78919,13.115121,25.2373,14.0
PHX,2013-11-07,84.0,53.0,0.0,4.790356,68.65535,5.45,11.422089,22.3152,12.0
PHX,2013-11-08,85.0,55.0,0.0,3.461216,120.46604,13.1618,21.907852,38.4198,10.0
PHX,2013-11-09,85.0,58.0,0.0,3.4968553,95.671234,15.2063,28.352407,45.5783,6.0
PHX,2013-11-10,83.0,58.0,0.0,2.7672956,296.9286,16.9401,29.070143,42.0159,7.0
PHX,2013-11-11,90.0,58.0,0.0,2.1802936,283.98132,15.3022,29.230759,47.3885,7.0
PHX,2013-11-12,92.0,60.0,0.0,6.289308,68.15674,9.99402,23.857258,39.4739,13.0
PHX,2013-11-13,85.0,69.0,0.0,8.054507,78.11836,23.6255,30.410486,39.224,15.0
PHX,2013-11-14,82.0,63.0,0.0,4.832285,104.331955,25.202,36.442513,46.2154,13.0
PHX,2013-11-15,84.0,62.0,0.0,7.825996,177.74344,20.7138,38.109154,52.6684,11.0
PHX,2013-11-16,73.0,62.0,0.0,4.580713,293.11896,33.4395,51.08312,67.3393,11.0
PHX,2013-11-17,76.0,55.0,0.0,4.6708593,117.72509,33.2244,49.838837,71.8107,8.0
PHX,2013-11-18,81.0,57.0,0.0,2.951782,278.63458,25.7921,41.440857,59.3114,7.0
PHX,2013-11-19,79.0,56.0,0.0,4.4444447,263.87372,30.9281,45.602287,61.8146,9.0
PHX,2013-11-20,75.0,62.0,0.0,3.6897275,226.84778,32.6004,44.01346,57.6007,8.0
PHX,2013-11-21,71.0,58.0,0.42,4.4486375,93.27312,40.5926,53.064327,89.5667,8.0
PHX,2013-11-22,60.0,53.0,1.6,5.92942,264.13788,77.324,87.56192,93.6933,17.0
PHX,2013-11-23,59.0,51.0,0.4,7.4479384,88.17642,54.954,75.11768,92.961334,12.0
PHX,2013-11-24,61.0,50.0,0.01,4.3186584,74.36547,49.0803,60.22308,71.396,8.0
PHX,2013-11-25,64.0,46.0,0.0,1.981132,145.9991,40.7458,62.657703,80.0979,5.0
PHX,2013-11-26,71.0,47.0,0.0,7.3375263,76.07852,25.5221,50.079517,83.2272,15.0
PHX,2013-11-27,71.0,55.0,0.0,9.125786,77.096664,20.5189,32.101818,43.5309,15.0
PHX,2013-11-28,74.0,50.0,0.0,4.4255767,103.65537,19.4469,37.455853,59.0413,10.0
PHX,2013-11-29,75.0,51.0,0.0,3.9832284,177.23169,25.8038,44.890022,66.175,12.0
PHX,2013-11-30,71.0,50.0,0.0,1.9937106,249.35573,33.4395,56.399002,76.8018,6.0
PHX,2013-12-01,72.0,51.0,0.0,3.077568,308.82013,33.4395,58.987312,80.0979,7.0
PHX,2013-12-02,70.0,48.0,0.0,3.1027253,105.69989,34.485,57.10878,76.882,7.0
PHX,2013-12-03,74.0,50.0,0.0,4.9098535,119.80802,23.8496,49.498913,74.2899,8.0
PHX,2013-12-04,63.0,49.0,0.0,7.947589,261.33917,34.3356,45.771076,56.6182,17.0
PHX,2013-12-05,57.0,42.0,0.0,6.2997904,273.25793,20.3522,32.21555,46.9068,11.0
PHX,2013-12-06,57.0,36.0,0.0,3.412998,122.40811,22.0156,41.60578,66.6025,7.0
PHX,2013-12-07,58.0,37.0,0.0,5.0293503,117.41267,27.2967,44.48704,64.1698,9.0
PHX,2013-12-08,59.0,47.0,0.0,7.4318657,264.97885,24.1505,39.995518,63.3341,11.0
PHX,2013-12-09,56.0,36.0,0.0,3.8805032,242.30356,19.3212,31.067644,47.7459,8.0
PHX,2013-12-10,63.0,38.0,0.0,3.3710692,36.509624,11.038,26.933004,42.1768,14.0
PHX,2013-12-11,72.0,42.0,0.0,4.0251575,62.119503,12.5005,28.473671,50.9361,11.0
PHX,2013-12-12,74.0,55.0,0.0,8.696016,49.10585,19.4469,24.219273,32.4579,14.0
PHX,2013-12-13,64.0,45.0,0.0,2.8930817,295.66458,25.2373,39.735706,62.8737,8.0
PHX,2013-12-14,69.0,41.0,0.0,2.6519916,335.0612,17.2542,40.10774,73.1908,11.0
PHX,2013-12-15,71.0,45.0,0.0,3.5639412,352.24844,12.5005,26.387072,43.6651,8.0
PHX,2013-12-16,74.0,46.0,0.0,1.9287212,280.18643,16.5219,34.657692,55.8528,6.0
PHX,2013-12-17,82.0,47.0,0.0,2.9161425,87.22159,10.758,36.048996,63.132,9.0
PHX,2013-12-18,77.0,52.0,0.0,3.3354297,110.84357,17.0254,31.674763,50.2782,7.0
PHX,2013-12-19,72.0,50.0,0.16,7.631027,108.205154,20.0498,49.295746,83.6915,12.0
PHX,2013-12-20,58.0,51.0,0.23,6.334731,141.41176,61.8146,77.33154,92.9293,11.0
PHX,2013-12-21,59.0,46.0,0.0,3.003494,230.61603,37.4597,68.84498,92.8098,8.0
PHX,2013-12-22,62.0,42.0,0.0,2.981132,92.01273,39.0091,62.62798,79.5387,8.0
PHX,2013-12-23,69.0,42.0,0.0,2.6876311,26.161837,19.6166,49.939587,85.1318,7.0
PHX,2013-12-24,71.0,44.0,0.0,2.3291404,351.34677,18.9022,42.868782,70.5211,6.0
PHX,2013-12-25,71.0,42.0,0.0,4.0251575,64.41095,12.0489,34.800865,75.9777,11.0
PHX,2013-12-26,71.0,49.0,0.0,8.092243,65.88832,13.6175,24.643665,46.284,15.0
PHX,2013-12-27,74.0,46.0,0.0,4.4905663,94.98192,12.2749,31.362543,51.8522,9.0
PHX,2013-12-28,67.0,46.0,0.0,3.568134,110.91561,18.743,35.94077,56.0514,10.0
PHX,2013-12-29,69.0,43.0,0.0,3.2096436,250.47415,22.1029,45.270077,70.4217,9.0
PHX,2013-12-30,69.0,43.0,0.0,2.4067085,127.15396,14.5516,32.032948,55.2699,5.0
PHX,2013-12-31,72.0,43.0,0.0,2.9392033,57.67604,16.2628,38.153206,59.9281,7.0
PHX,2014-01-01,70.0,43.0,0.0,2.7840672,119.229355,20.5189,41.74294,60.2014,5.0
PHX,2014-01-02,77.0,44.0,0.0,2.8930817,79.37523,13.0895,37.758488,68.0473,8.0
PHX,2014-01-03,74.0,48.0,0.0,2.3060796,111.87176,17.2799,33.95333,56.1407,9.0
PHX,2014-01-04,68.0,48.0,0.0,3.4004192,98.60046,28.3519,47.60694,60.7407,8.0
PHX,2014-01-05,67.0,42.0,0.0,2.2389936,213.36006,11.9191,36.108315,70.6399,6.0
PHX,2014-01-06,68.0,39.0,0.0,3.4381552,357.58588,6.61855,22.943947,46.9068,10.0
PHX,2014-01-07,69.0,42.0,0.0,2.538784,85.1047,9.81198,25.724346,45.0072,8.0
PHX,2014-01-08,69.0,43.0,0.0,3.3123689,105.42308,13.3785,32.475384,53.0317,8.0
PHX,2014-01-09,68.0,45.0,0.0,3.36478,118.89373,16.4661,34.958363,49.1863,9.0
PHX,2014-01-10,67.0,42.0,0.0,3.2935011,112.273384,20.2322,38.811768,57.3458,6.0
PHX,2014-01-11,71.0,43.0,0.0,3.4192872,98.775154,19.1701,40.675735,62.3019,10.0
PHX,2014-01-12,69.0,46.0,0.0,4.197065,107.55541,24.1385,44.96832,60.619,7.0
PHX,2014-01-13,71.0,41.0,0.0,2.7253668,248.54048,10.8366,35.290268,68.0473,9.0
PHX,2014-01-14,74.0,41.0,0.0,3.2096436,90.770966,12.8572,31.3728,54.7283,8.0
PHX,2014-01-15,77.0,44.0,0.0,2.0545073,222.948,10.1383,24.95139,40.5517,7.0
PHX,2014-01-16,76.0,44.0,0.0,3.7777777,210.84576,12.4737,30.37752,53.1684,9.0
PHX,2014-01-17,79.0,44.0,0.0,3.0,187.94693,6.98524,26.655489,49.6376,8.0
PHX,2014-01-18,75.0,47.0,0.0,4.3354297,117.23999,11.9088,25.961782,42.0702,8.0
PHX,2014-01-19,76.0,47.0,0.0,3.3354297,109.86694,11.1457,28.945896,44.4811,9.0
PHX,2014-01-20,77.0,47.0,0.0,2.8197064,95.284935,12.0304,29.24305,44.4811,6.0
PHX,2014-01-21,81.0,46.0,0.0,3.951782,85.68721,8.1854,26.824636,50.112,11.0
PHX,2014-01-22,78.0,53.0,0.0,2.9769392,139.2604,10.1383,23.178125,35.3673,7.0
PHX,2014-01-23,76.0,47.0,0.0,3.7064989,107.065834,14.0987,28.665314,47.3643,8.0
PHX,2014-01-24,70.0,58.0,0.0,8.857442,78.60065,14.7095,19.272707,24.4495,17.0
PHX,2014-01-25,75.0,58.0,0.0,3.2264152,99.14311,12.9626,19.596848,30.4796,7.0
PHX,2014-01-26,73.0,50.0,0.0,3.7903564,98.82998,12.731,29.01433,44.162,8.0
PHX,2014-01-27,75.0,56.0,0.0,4.813417,141.19475,13.335,25.391554,35.5442,10.0
PHX,2014-01-28,73.0,47.0,0.0,3.7421384,126.7489,15.0722,32.0525,47.8567,6.0
PHX,2014-01-29,75.0,47.0,0.0,3.874214,102.662094,12.9626,29.051657,47.8567,6.0
PHX,2014-01-30,77.0,52.0,0.0,4.832285,98.068855,13.1954,25.959055,40.8769,10.0
PHX,2014-01-31,70.0,55.0,0.0,5.209644,263.40323,28.7267,37.201313,45.2647,12.0
PHX,2014-02-01,66.0,52.0,0.0,8.209643,274.66754,18.0694,33.519817,48.6477,14.0
PHX,2014-02-02,65.0,42.0,0.0,3.0838575,170.36697,16.7067,27.702503,48.7017,7.0
PHX,2014-02-03,61.0,48.0,0.0,4.5932913,182.00322,14.84,29.083258,40.7293,14.0
PHX,2014-02-04,64.0,41.0,0.0,5.6226416,89.70891,29.6926,41.056046,57.2158,9.0
PHX,2014-02-05,66.0,51.0,0.0,2.5744236,71.02652,27.696,37.5311,48.3386,6.0
PHX,2014-02-06,62.0,47.0,0.0,4.748428,109.03189,31.9974,44.330246,56.0101,7.0
PHX,2014-02-07,69.0,50.0,0.0,4.1132073,129.46854,31.6568,42.736168,56.2968,7.0
PHX,2014-02-08,72.0,50.0,0.0,4.0649896,117.49056,25.2013,41.51858,58.3434,8.0
PHX,2014-02-09,77.0,50.0,0.0,3.3584905,114.10755,22.6083,38.71371,56.0514,7.0
PHX,2014-02-10,78.0,52.0,0.0,5.599581,180.6141,20.8924,38.155697,56.3359,11.0
PHX,2014-02-11,78.0,51.0,0.0,2.8930817,274.7441,16.443962,34.244507,58.7689,10.0
PHX,2014-02-12,79.0,50.0,0.0,3.9580712,79.28158,12.7302,26.524113,44.162,10.0
PHX,2014-02-13,82.0,52.0,0.0,4.754717,106.1325,13.0852,25.850199,44.4811,8.0
PHX,2014-02-14,85.0,54.0,0.0,3.6226416,108.58707,12.4901,25.84829,39.609,7.0
PHX,2014-02-15,86.0,53.0,0.0,4.0356393,115.74431,10.1204,25.545816,44.949,7.0
PHX,2014-02-16,84.0,56.0,0.0,4.748428,110.503395,11.4752,23.740221,38.3353,8.0
PHX,2014-02-17,88.0,55.0,0.0,4.167715,115.823425,9.03943,22.498703,38.9387,7.0
PHX,2014-02-18,86.0,57.0,0.0,4.580713,83.84941,12.6853,22.48235,34.0126,9.0
PHX,2014-02-19,82.0,58.0,0.0,4.844864,149.38458,11.0792,26.138014,42.3332,12.0
PHX,2014-02-20,77.0,52.0,0.0,3.3354297,305.6756,4.52169,18.441315,42.5814,7.0
PHX,2014-02-21,77.0,53.0,0.0,3.7840672,130.94307,7.33225,15.883948,26.4189,8.0
PHX,2014-02-22,79.0,50.0,0.0,4.1132073,119.02479,7.90925,18.404987,30.3871,7.0
PHX,2014-02-23,82.0,53.0,0.0,3.5031447,100.645874,8.92407,18.522945,27.8211,8.0
PHX,2014-02-24,83.0,53.0,0.0,4.1069183,115.32995,10.0878,19.13057,30.0361,8.0
PHX,2014-02-25,77.0,58.0,0.0,3.874214,220.57613,17.6649,27.579971,39.6473,7.0
PHX,2014-02-26,81.0,55.0,0.0,3.8155136,87.36845,20.4308,30.997656,43.5309,7.0
PHX,2014-02-27,81.0,56.0,0.0,6.1027255,260.13614,24.4392,35.714275,51.0182,14.0
PHX,2014-02-28,84.0,58.0,0.0,7.844864,148.20476,20.9871,36.2283,49.2596,18.0
PHX,2014-03-01,71.0,55.0,0.94,8.343117,275.72144,42.1727,73.36266,93.1031,19.0
PHX,2014-03-02,68.0,53.0,0.05,4.9706497,180.3574,44.7846,65.71361,89.9465,9.0
PHX,2014-03-03,75.0,53.0,0.0,3.3123689,234.10454,31.7936,55.798923,83.0024,8.0
PHX,2014-03-04,76.0,58.0,0.0,4.419287,79.39415,28.2353,49.27502,71.9038,11.0
PHX,2014-03-05,82.0,55.0,0.0,3.316562,79.982704,14.8499,41.64876,74.0807,7.0
PHX,2014-03-06,79.0,58.0,0.0,4.071279,111.16534,17.8239,35.241863,53.3604,10.0
PHX,2014-03-07,81.0,55.0,0.0,5.69392,193.68938,20.4363,37.787563,63.7229,9.0
PHX,2014-03-08,80.0,54.0,0.0,6.480084,43.26888,9.98047,26.108389,57.2943,16.0
PHX,2014-03-09,81.0,59.0,0.0,6.8197064,75.00443,9.35151,20.818611,33.0374,13.0
PHX,2014-03-10,81.0,56.0,0.0,5.561845,107.55667,11.5093,25.452726,43.5309,9.0
PHX,2014-03-11,82.0,55.0,0.0,6.580713,246.06456,8.75951,25.98538,48.9547,12.0
PHX,2014-03-12,83.0,54.0,0.0,4.616352,97.60491,11.8149,19.063236,35.5442,12.0
PHX,2014-03-13,81.0,61.0,0.0,5.0062895,102.80376,13.7926,21.5514,34.9087,9.0
PHX,2014-03-14,80.0,62.0,0.0,6.178197,65.85,15.711113,28.762852,42.8201,16.0
PHX,2014-03-15,86.0,55.0,0.0,9.312369,342.9973,4.44606,26.698364,61.6737,24.0
PHX,2014-03-16,82.0,56.0,0.0,6.111111,61.475407,5.75053,11.10869,24.4327,15.0
PHX,2014-03-17,87.0,54.0,0.0,7.832285,172.02707,5.47677,17.089054,36.5424,12.0
PHX,2014-03-18,81.0,61.0,0.0,6.580713,286.2269,4.02615,9.222706,20.5617,14.0
PHX,2014-03-19,82.0,54.0,0.0,4.4968553,57.99044,5.98558,13.406614,26.4189,8.0
PHX,2014-03-20,83.0,55.0,0.0,3.7777777,75.538574,6.70362,17.576061,29.3762,8.0
PHX,2014-03-21,85.0,56.0,0.0,4.9161425,68.54205,8.76682,20.157637,36.8669,10.0
PHX,2014-03-22,82.0,56.0,0.0,4.0,76.86132,10.1828,21.327814,36.9599,9.0
PHX,2014-03-23,84.0,58.0,0.0,4.371069,104.10661,8.51474,20.448078,35.8675,9.0
PHX,2014-03-24,89.0,59.0,0.0,4.041929,116.97381,8.83299,20.629337,39.0091,9.0
PHX,2014-03-25,89.0,61.0,0.0,5.809224,142.43867,8.29581,19.249979,32.1716,12.0
PHX,2014-03-26,80.0,61.0,0.0,11.522013,237.67993,16.444,25.81481,36.3645,22.0
PHX,2014-03-27,74.0,56.0,0.0,5.1425576,248.69858,23.0056,34.242184,49.2596,9.0
PHX,2014-03-28,79.0,55.0,0.0,4.174004,272.73343,14.4732,25.958633,45.2647,9.0
PHX,2014-03-29,88.0,57.0,0.0,4.0838575,105.47059,8.73212,22.450787,41.6969,8.0
PHX,2014-03-30,83.0,62.0,0.0,8.054507,231.33461,10.2314,19.535429,29.25,18.0
PHX,2014-03-31,85.0,55.0,0.0,7.63522,220.3943,6.27048,16.27048,36.9599,15.0
PHX,2014-04-01,79.0,57.0,0.0,9.515723,259.3459,6.41234,19.365246,31.6568,19.0
PHX,2014-04-02,71.0,55.0,0.0,9.534591,258.097,18.2018,27.61297,38.1879,17.0
PHX,2014-04-03,73.0,50.0,0.0,3.8679245,308.50656,14.9587,28.169199,54.0851,7.0
PHX,2014-04-04,80.0,52.0,0.0,5.119497,191.09114,7.42565,20.291325,39.2846,11.0
PHX,2014-04-05,78.0,58.0,0.0,6.419287,279.0478,11.1457,16.13931,27.9646,12.0
PHX,2014-04-06,83.0,57.0,0.0,6.731656,256.89062,8.3661,17.402414,29.2033,13.0
PHX,2014-04-07,89.0,58.0,0.0,3.914046,281.5514,8.73212,15.502919,26.1941,11.0
PHX,2014-04-08,94.0,62.0,0.0,4.077568,98.39171,5.03117,14.443167,27.5262,8.0
PHX,2014-04-09,95.0,65.0,0.0,4.8197064,112.67526,4.32926,13.433639,26.8386,10.0
PHX,2014-04-10,98.0,65.0,0.0,5.69392,75.75697,3.34795,10.93036,22.8031,10.0
PHX,2014-04-11,96.0,68.0,0.0,5.461216,96.73082,2.78521,9.065793,18.3292,9.0
PHX,2014-04-12,89.0,68.0,0.0,7.0125785,219.60231,5.32244,11.099811,19.7694,14.0
PHX,2014-04-13,88.0,61.0,0.0,8.599581,245.94102,11.9245,18.112598,27.5262,14.0
PHX,2014-04-14,85.0,66.0,0.0,7.1320753,28.453468,4.59071,9.422058,13.989,15.0
PHX,2014-04-15,90.0,60.0,0.0,4.0901465,83.42063,4.36042,11.099414,26.2205,12.0
PHX,2014-04-16,93.0,60.0,0.0,6.138365,214.8535,4.99989,11.595039,22.2123,11.0
PHX,2014-04-17,94.0,64.0,0.0,4.5324945,107.09813,6.83998,12.912825,23.2594,11.0
PHX,2014-04-18,82.0,70.0,0.0001,7.226415,129.57074,19.2964,24.530497,39.224,15.0
PHX,2014-04-19,89.0,63.0,0.0,2.5995808,212.80278,16.8451,29.850975,46.5218,7.0
PHX,2014-04-20,92.0,66.0,0.0,5.167715,178.12334,12.9396,25.5804,43.1328,9.0
PHX,2014-04-21,98.0,68.0,0.0,4.209644,160.92996,9.42681,20.263424,34.8706,12.0
PHX,2014-04-22,97.0,70.0,0.0,8.1090145,237.20549,8.51444,18.36803,33.4395,18.0
PHX,2014-04-23,86.0,70.0,0.0,8.939203,257.92755,5.59101,10.673288,18.4723,16.0
PHX,2014-04-24,91.0,62.0,0.0,4.7966456,34.5975,5.20459,11.382125,23.5403,9.0
PHX,2014-04-25,94.0,64.0,0.0,9.517819,212.36841,6.73546,15.097421,24.7349,17.0
PHX,2014-04-26,76.0,59.0,0.0001,13.725367,264.45187,14.0987,27.551628,42.6487,27.0
PHX,2014-04-27,80.0,57.0,0.0,5.677149,243.91718,13.9653,23.462542,40.3673,12.0
PHX,2014-04-28,88.0,60.0,0.0,7.3375263,278.9872,7.31785,18.292688,36.0433,17.0
PHX,2014-04-29,86.0,68.0,0.0,11.283019,30.50994,3.57299,6.128282,10.2983,21.0
PHX,2014-04-30,87.0,66.0,0.0,11.280923,20.355003,5.01095,7.682247,10.9342,21.0
PHX,2014-05-01,91.0,70.0,0.0,9.03564,39.36691,6.27888,10.624722,17.6671,20.0
PHX,2014-05-02,95.0,67.0,0.0,4.192872,97.82119,5.33982,9.081504,16.8723,9.0
PHX,2014-05-03,102.0,68.0,0.0,5.6645703,85.58399,3.81469,10.896648,22.2622,11.0
PHX,2014-05-04,101.0,69.0,0.0,7.809224,207.04385,3.56047,9.583276,20.3304,13.0
PHX,2014-05-05,98.0,70.0,0.0,7.7190776,234.11131,5.81805,11.163412,22.0278,14.0
PHX,2014-05-06,87.0,68.0,0.0,10.379455,247.00941,11.082,15.922918,21.8113,22.0
PHX,2014-05-07,77.0,59.0,0.0,6.6666665,262.046,19.0231,24.817532,35.8675,13.0
PHX,2014-05-08,84.0,63.0,0.0,4.155136,268.75632,14.029,24.565863,41.4944,10.0
PHX,2014-05-09,88.0,63.0,0.0,3.1844864,110.86422,11.5057,20.636705,32.8691,10.0
PHX,2014-05-10,94.0,65.0,0.0,8.054507,245.42776,11.4245,19.386833,30.3231,18.0
PHX,2014-05-11,82.0,70.0,0.0,14.38784,278.49207,6.54504,14.664784,28.23534,20.0
PHX,2014-05-12,88.0,67.0,0.0,7.268344,336.6166,6.52591,12.842705,20.3614,16.0
PHX,2014-05-13,89.0,69.0,0.0,13.090147,31.26321,4.73901,8.88993,16.2628,22.0
PHX,2014-05-14,94.0,70.0,0.0,8.958072,70.804535,5.59942,8.788941,15.7111,18.0
PHX,2014-05-15,99.0,69.0,0.0,6.4255767,91.45227,5.15455,9.830197,17.6671,16.0
PHX,2014-05-16,104.0,71.0,0.0,5.809224,258.76715,3.81469,10.131286,23.0056,11.0
PHX,2014-05-17,104.0,74.0,0.0,7.27044,224.2608,2.92851,8.211612,18.4723,15.0
PHX,2014-05-18,101.0,73.0,0.0,7.880503,174.47273,5.05534,8.214528,15.1372,11.0
PHX,2014-05-19,100.0,73.0,0.0,8.30608,233.7353,4.13495,8.216899,14.5322,14.0
PHX,2014-05-20,95.0,72.0,0.0,7.9608665,271.37384,5.40093,11.100395,20.3304,17.0
PHX,2014-05-21,91.0,67.0,0.0,6.2473793,272.6699,7.62326,12.89707,23.9754,13.0
PHX,2014-05-22,92.0,66.0,0.0,5.870021,237.57379,6.12903,11.921607,21.2956,12.0
PHX,2014-05-23,90.0,69.0,0.0,7.754717,231.18874,11.7213,18.470592,27.2319,17.0
PHX,2014-05-24,91.0,69.0,0.0,6.4968553,254.64134,9.52395,21.18815,34.8706,12.0
PHX,2014-05-25,96.0,77.0,0.0,5.8553457,259.39673,11.8677,18.357971,25.7921,13.0
PHX,2014-05-26,104.0,76.0,0.0,5.4318657,268.69366,8.67077,16.998688,27.6999,15.0
PHX,2014-05-27,107.0,78.0,0.0,6.8574424,254.60393,8.17473,15.030299,27.1903,13.0
PHX,2014-05-28,104.0,79.0,0.0,6.4360585,279.37955,6.36846,11.585484,23.0495,11.0
PHX,2014-05-29,99.0,84.0,0.0,7.7610064,84.70112,12.464,16.555517,21.9744,18.0
PHX,2014-05-30,106.0,79.0,0.0,5.599581,162.85495,9.24147,17.5334,28.3035,9.0
PHX,2014-05-31,108.0,80.0,0.0,5.8930817,272.70673,7.32839,13.752904,26.0893,15.0
PHX,2014-06-01,106.0,78.0,0.0,6.041929,277.44177,4.60571,10.825121,22.0964,13.0
PHX,2014-06-02,110.0,77.0,0.0,5.283019,109.81575,4.40695,9.886704,20.1591,11.0
PHX,2014-06-03,108.0,81.0,0.0,5.0,241.5549,4.09452,9.731005,19.1586,8.0
PHX,2014-06-04,107.0,76.0,0.0,5.383648,260.65848,2.38802,6.248471,15.4077,12.0
PHX,2014-06-05,107.0,76.0,0.0,4.802935,257.39673,1.96632,7.168252,18.4723,12.0
PHX,2014-06-06,107.0,75.0,0.0,6.077568,254.8798,3.00298,7.440402,15.7111,12.0
PHX,2014-06-07,105.0,76.0,0.0,6.0356393,300.67563,3.45269,9.235965,18.6191,13.0
PHX,2014-06-08,105.0,79.0,0.0,4.077568,263.62604,6.94962,12.202022,24.8941,9.0
PHX,2014-06-09,110.0,79.0,0.0,4.383648,238.77028,5.08332,12.486391,22.6666,8.0
PHX,2014-06-10,109.0,83.0,0.0,8.155136,252.68494,7.79427,16.568762,27.7884,19.0
PHX,2014-06-11,106.0,85.0,0.0,6.6415095,254.29266,6.27916,12.2476635,21.4208,17.0
PHX,2014-06-12,107.0,80.0,0.0,6.371069,277.12036,8.35975,14.276886,21.0806,11.0
PHX,2014-06-13,108.0,85.0,0.0,7.2222223,269.5207,9.6903,18.171463,31.2691,18.0
PHX,2014-06-14,103.0,83.0,0.0,7.557652,259.54068,2.38707,6.924051,13.9088,16.0
PHX,2014-06-15,101.0,75.0,0.0,6.331237,201.33714,4.76072,10.688478,19.1586,15.0
PHX,2014-06-16,105.0,75.0,0.0,8.553459,263.5312,4.45527,9.827603,21.6558,19.0
PHX,2014-06-17,104.0,83.0,0.0,10.209643,253.08766,6.27888,11.652247,17.3397,19.0
PHX,2014-06-18,100.0,79.0,0.0,8.293501,275.38892,8.87513,13.737494,23.0495,21.0
PHX,2014-06-19,103.0,76.0,0.0,5.1320753,311.85852,8.87513,14.212176,23.5814,12.0
PHX,2014-06-20,109.0,79.0,0.0,6.3962264,260.70932,7.06933,13.327447,23.881,15.0
PHX,2014-06-21,108.0,83.0,0.0,8.364779,265.04785,9.23001,14.378218,25.4818,16.0
PHX,2014-06-22,107.0,83.0,0.0,5.9119496,258.6685,3.83386,10.396466,22.8221,12.0
PHX,2014-06-23,107.0,78.0,0.0,5.7610064,167.05711,2.59047,9.343687,18.0751,11.0
PHX,2014-06-24,105.0,80.0,0.0,5.4926624,30.229206,5.45269,10.1137295,18.7532,10.0
PHX,2014-06-25,107.0,81.0,0.0,7.21174,195.9156,6.3352137,12.197212,25.4963,12.0
PHX,2014-06-26,105.0,80.0,0.0,6.7672954,227.64047,6.87853,13.266467,23.3376,14.0
PHX,2014-06-27,103.0,84.0,0.0,7.345912,258.9626,10.610272,16.72286,23.9203,12.0
PHX,2014-06-28,107.0,82.0,0.0,5.922432,282.66394,11.2772,17.805103,25.4818,12.0
PHX,2014-06-29,109.0,86.0,0.0,6.9748425,252.38954,12.8478,19.813618,30.0511,12.0
PHX,2014-06-30,109.0,87.0,0.0,6.5262055,263.5986,9.13037,19.354267,35.0982,14.0
PHX,2014-07-01,109.0,86.0,0.0,5.5031447,269.96606,7.44135,14.171238,25.7752,11.0
PHX,2014-07-02,109.0,86.0,0.0,5.283019,290.3201,8.9895,14.63732,21.4173,11.0
PHX,2014-07-03,108.0,79.0,0.0001,7.885395,247.14705,15.8878,28.566566,71.7228,36.0
PHX,2014-07-04,98.0,81.0,0.0,4.784067,292.41995,25.5055,43.11978,64.8973,10.0
PHX,2014-07-05,103.0,84.0,0.01,7.0020967,264.03055,24.9621,37.122406,56.9815,15.0
PHX,2014-07-06,105.0,84.0,0.0,6.039832,284.17493,20.6394,36.433975,52.7537,20.0
PHX,2014-07-07,108.0,88.0,0.0,6.0950384,109.890755,16.9741,32.99229,46.6422,15.0
PHX,2014-07-08,105.0,86.0,0.0001,8.020965,219.70686,21.4614,35.78717,47.906834,21.0
PHX,2014-07-09,101.0,83.0,0.0001,5.813417,218.98601,26.8101,39.431755,58.6546,11.0
PHX,2014-07-10,105.0,87.0,0.0,6.9643607,273.16342,22.7684,31.872953,45.044,14.0
PHX,2014-07-11,107.0,88.0,0.0,6.712788,278.0204,13.5233,24.323874,45.044,11.0
PHX,2014-07-12,110.0,88.0,0.0,6.8232007,139.57729,11.6281,24.579067,39.1666,14.0
PHX,2014-07-13,110.0,80.0,0.03,8.706499,140.72217,17.7724,34.800034,74.0652,26.0
PHX,2014-07-14,103.0,81.0,0.02,6.296995,60.94419,28.1336,45.736927,67.2191,15.0
PHX,2014-07-15,103.0,86.0,0.0,5.6974144,114.371765,26.8101,39.174107,49.9468,17.0
PHX,2014-07-16,107.0,84.0,0.0,6.322851,202.1466,15.0317,32.198017,54.7739,14.0
PHX,2014-07-17,105.0,86.0,0.0,5.9706497,275.20514,8.63205,20.465563,43.0701,13.0
PHX,2014-07-18,105.0,83.0,0.0,5.4968553,323.56775,10.7193,16.113783,25.7904,13.0
PHX,2014-07-19,104.0,88.0,0.0001,5.6645703,283.50223,14.7713,18.15789,27.1393,10.0
PHX,2014-07-20,106.0,85.0,0.0,5.3291407,267.73376,8.91442,13.208587,17.838652,9.0
PHX,2014-07-21,107.0,85.0,0.0,4.9517817,274.56897,9.68197,14.982896,23.9203,12.0
PHX,2014-07-22,113.0,89.0,0.0,5.7672954,279.18854,10.3599,18.069,27.3004,12.0
PHX,2014-07-23,114.0,94.0,0.0,6.6261353,104.39582,12.7567,20.240843,29.567,12.0
PHX,2014-07-24,116.0,93.0,0.0001,8.268344,144.0971,8.39441,21.437927,39.6834,15.0
PHX,2014-07-25,109.0,87.0,0.0001,9.375961,183.4448,20.2509,33.356678,45.044,24.0
PHX,2014-07-26,108.0,83.0,0.0001,8.268344,231.50998,19.6051,32.970932,52.9345,23.0
PHX,2014-07-27,104.0,83.0,0.0001,9.261355,270.5213,19.8323,33.68855,49.7919,23.0
PHX,2014-07-28,107.0,85.0,0.0,5.8679247,153.20879,18.11,29.511408,43.3689,11.0
PHX,2014-07-29,110.0,92.0,0.0,6.8155136,270.6737,16.0713,23.541288,32.1729,13.0
PHX,2014-07-30,111.0,92.0,0.0,4.6645703,269.02872,12.7569,19.804476,28.8432,12.0
PHX,2014-07-31,109.0,87.0,0.0001,7.5234103,35.995266,15.8878,24.00778,43.5312,21.0
PHX,2014-08-01,99.0,81.0,0.0001,6.770091,175.46283,26.5214,44.724445,64.7712,20.0
PHX,2014-08-02,102.0,78.0,0.0001,8.533194,117.85433,28.9286,49.239147,76.1914,18.0
PHX,2014-08-03,103.0,80.0,0.0001,6.7239695,141.00818,20.6291,47.803024,67.2191,15.0
PHX,2014-08-04,105.0,79.0,0.0,5.2997904,254.88126,16.7285,36.842155,69.1109,14.0
PHX,2014-08-05,105.0,83.0,0.0,5.2997904,275.63315,10.6103,25.31965,39.8331,10.0
PHX,2014-08-06,108.0,84.0,0.0,5.0062895,281.0105,8.63205,16.508766,30.388,11.0
PHX,2014-08-07,105.0,82.0,0.0,6.293501,291.54785,9.64795,16.518623,26.386,12.0
PHX,2014-08-08,105.0,85.0,0.0,7.2327046,276.9302,12.5121,19.989727,37.9889,16.0
PHX,2014-08-09,104.0,84.0,0.0001,8.02935,265.12686,17.6054,29.784513,47.8155,16.0
PHX,2014-08-10,104.0,84.0,0.0,6.958071,156.65791,19.1891,32.530098,51.2489,12.0
PHX,2014-08-11,109.0,87.0,0.0,6.578616,121.278244,17.543,28.893675,42.0151,18.0
PHX,2014-08-12,98.0,77.0,0.44,6.4668064,237.71461,29.9639,50.930595,88.7482,12.0
PHX,2014-08-13,95.0,73.0,0.11,4.348707,235.17805,39.9822,62.07586,90.2171,10.0
PHX,2014-08-14,102.0,83.0,0.0,6.460517,164.84102,27.0983,45.557144,69.5285,14.0
PHX,2014-08-15,104.0,83.0,0.0,5.4549265,222.4796,22.7684,36.78307,54.6256,10.0
PHX,2014-08-16,106.0,87.0,0.0,6.6226416,264.85696,21.7307,35.294765,53.181,12.0
PHX,2014-08-17,109.0,88.0,0.0001,8.97065,212.15039,17.4681,31.50983,48.2631,23.0
PHX,2014-08-18,98.0,83.0,0.0001,6.3186584,223.55246,31.2875,41.833046,56.7175,13.0
PHX,2014-08-19,91.0,74.0,0.43,8.225717,91.15942,43.531216,58.845543,84.9155,21.0
PHX,2014-08-20,98.0,75.0,0.0,5.851153,56.825954,22.6846,45.237556,79.3669,11.0
PHX,2014-08-21,90.0,71.0,0.19,6.7679944,275.90073,32.6203,46.815186,87.3539,23.0
PHX,2014-08-22,93.0,72.0,0.0,3.1551363,222.1143,32.9712,54.55128,81.5744,9.0
PHX,2014-08-23,97.0,76.0,0.0,4.7190776,55.732475,22.0677,37.168434,59.9796,9.0
PHX,2014-08-24,103.0,79.0,0.0,6.264151,173.0841,16.4162,30.116535,50.5508,13.0
PHX,2014-08-25,101.0,83.0,0.0,6.07058,201.81017,20.654,34.248074,49.6623,16.0
PHX,2014-08-26,100.0,80.0,0.0,6.438155,127.57183,24.6788,42.904934,62.2913,10.0
PHX,2014-08-27,103.0,83.0,0.0,6.4968553,79.74352,18.6862,34.783905,51.1205,13.0
PHX,2014-08-28,106.0,83.0,0.0,4.784067,277.86276,11.3099,26.014906,47.683,9.0
PHX,2014-08-29,108.0,83.0,0.0,4.863732,135.34688,9.37656,18.406662,32.1986,10.0
PHX,2014-08-30,111.0,83.0,0.0,5.209644,117.46586,8.9895,17.468126,26.8437,9.0
PHX,2014-08-31,109.0,83.0,0.0,6.784067,302.05807,8.84454,17.567535,29.5849,12.0
PHX,2014-09-01,108.0,81.0,0.0,5.5513625,102.62013,10.2979,18.540136,31.5873,10.0
PHX,2014-09-02,109.0,82.0,0.0,4.6121593,93.51161,10.5756,18.131548,30.388,9.0
PHX,2014-09-03,108.0,84.0,0.0,4.706499,107.85744,11.2326,19.423803,33.144,8.0
PHX,2014-09-04,107.0,83.0,0.0001,6.8693223,147.6457,17.2169,27.970554,52.9345,21.0
PHX,2014-09-05,101.0,80.0,0.0,5.197065,222.03113,24.0129,37.42026,58.1365,11.0
PHX,2014-09-06,105.0,86.0,0.0,8.279525,255.1806,22.7684,38.840084,51.4025,24.0
PHX,2014-09-07,104.0,84.0,0.0,6.918239,202.19519,24.4469,37.558395,52.7537,17.0
PHX,2014-09-08,90.0,71.0,3.3,7.7456326,105.05243,57.1246,76.4323,96.417175,23.0
PHX,2014-09-09,92.0,79.0,0.0001,5.1614256,210.23798,42.3142,62.168224,79.1989,13.0
PHX,2014-09-10,97.0,79.0,0.0,3.2872117,225.76396,23.4506,51.237778,82.0559,9.0
PHX,2014-09-11,100.0,79.0,0.0,4.7421384,116.72922,21.6184,39.942226,59.9939,8.0
PHX,2014-09-12,104.0,78.0,0.0,5.557652,128.48132,18.945,33.001343,55.7042,12.0
PHX,2014-09-13,100.0,83.0,0.0,8.333333,97.56109,22.4931,30.992216,43.1824,15.0
PHX,2014-09-14,102.0,81.0,0.0,5.3291407,98.493095,23.2405,32.396263,47.5235,12.0
PHX,2014-09-15,105.0,87.0,0.0,6.209644,89.90855,21.3145,30.231844,45.2158,12.0
PHX,2014-09-16,92.0,80.0,0.01,9.048218,98.337906,38.1537,52.452393,69.3207,16.0
PHX,2014-09-17,89.0,78.0,0.14,7.0125785,67.87393,48.2631,59.73246,81.4972,11.0
PHX,2014-09-18,96.0,76.0,0.0,4.136268,141.12148,33.687,47.848927,71.0816,9.0
PHX,2014-09-19,98.0,82.0,0.0,4.1320753,269.81543,26.8123,43.24702,69.4343,11.0
PHX,2014-09-20,99.0,81.0,0.0,4.802935,167.04442,32.6354,44.867027,62.5339,10.0
PHX,2014-09-21,99.0,80.0,0.0,4.371069,63.16336,20.2486,36.9236,67.2191,7.0
PHX,2014-09-22,101.0,80.0,0.0,4.928721,248.38489,16.8523,29.246845,47.2297,12.0
PHX,2014-09-23,102.0,77.0,0.0,3.8993711,298.09573,12.7352,29.660305,49.9391,10.0
PHX,2014-09-24,104.0,77.0,0.0,3.144654,258.04553,13.9495,24.31292,40.6355,8.0
PHX,2014-09-25,103.0,81.0,0.0,4.0670857,165.85982,17.4681,30.44563,45.5983,8.0
PHX,2014-09-26,101.0,82.0,0.0,5.209644,124.95236,30.7189,44.188217,56.509,15.0
PHX,2014-09-27,95.0,69.0,1.64,9.888889,143.5678,35.7044,68.21204,96.9683,45.0
PHX,2014-09-28,87.0,71.0,0.02,5.0,250.1691,28.4403,54.537514,90.14,12.0
PHX,2014-09-29,89.0,67.0,0.0,3.6645703,120.01552,19.0326,43.466347,81.2172,8.0
PHX,2014-09-30,89.0,66.0,0.0,3.9580712,136.2812,14.5263,37.01377,61.03,9.0
PHX,2014-10-01,91.0,67.0,0.0,4.5324945,130.76472,15.834,34.758003,56.5071,11.0
PHX,2014-10-02,92.0,69.0,0.0,4.8867927,53.13483,12.2747,29.254215,58.8195,12.0
PHX,2014-10-03,99.0,67.0,0.0,4.341719,223.07986,8.04653,21.421894,36.3556,11.0
PHX,2014-10-04,99.0,69.0,0.0,3.7903564,122.68127,9.02061,24.994963,52.9542,9.0
PHX,2014-10-05,96.0,69.0,0.0,4.7190776,123.260124,12.464,29.819166,44.0605,8.0
PHX,2014-10-06,93.0,70.0,0.0,4.419287,121.35596,16.7964,31.292877,42.6003,9.0
PHX,2014-10-07,90.0,72.0,0.0,5.3773584,224.67654,21.6958,33.825123,53.2379,11.0
PHX,2014-10-08,82.0,69.0,0.05,6.3354297,91.4948,37.7753,61.68334,84.0369,11.0
PHX,2014-10-09,84.0,70.0,0.0001,4.9937105,227.52983,42.4675,62.78127,87.2551,10.0
PHX,2014-10-10,89.0,69.0,0.0,5.2327046,126.42693,33.7539,57.529457,80.8582,8.0
PHX,2014-10-11,92.0,70.0,0.0,4.274633,127.273254,26.5203,50.087612,73.4057,8.0
PHX,2014-10-12,94.0,70.0,0.0,6.8742137,199.74797,15.2463,38.859737,70.8096,13.0
PHX,2014-10-13,90.0,65.0,0.0,4.8867927,60.34686,9.60309,18.454636,35.5486,14.0
PHX,2014-10-14,94.0,65.0,0.0,4.616352,88.07405,12.464,23.897184,36.9029,9.0
PHX,2014-10-15,90.0,69.0,0.0,3.6645703,126.0752,16.5444,28.40573,39.224,7.0
PHX,2014-10-16,92.0,67.0,0.0,3.3542976,105.36732,15.0055,34.658974,58.7975,7.0
PHX,2014-10-17,89.0,71.0,0.0001,4.5884,108.5077,22.4529,36.391655,45.4265,13.0
PHX,2014-10-18,90.0,68.0,0.0,3.4192872,104.05604,18.8906,34.361397,54.659,8.0
PHX,2014-10-19,94.0,69.0,0.08,4.6387143,131.90244,23.0158,41.609997,66.1995,18.0
PHX,2014-10-20,90.0,66.0,0.0,3.5639412,94.601265,23.3882,44.77844,75.6864,10.0
PHX,2014-10-21,91.0,69.0,0.0,4.2389936,114.74089,25.1927,39.15877,51.0717,10.0
PHX,2014-10-22,93.0,67.0,0.0,2.8197064,130.71082,21.2422,40.470425,58.7975,7.0
PHX,2014-10-23,94.0,67.0,0.0,2.9580712,122.72177,19.8238,36.773518,54.9386,7.0
PHX,2014-10-24,96.0,68.0,0.0,3.3962264,112.63931,16.7159,32.541485,46.036,9.0
PHX,2014-10-25,96.0,70.0,0.0,5.0,102.516525,19.433,32.31284,45.871,10.0
PHX,2014-10-26,89.0,71.0,0.0,3.7358491,239.71292,29.9219,40.78181,53.3662,6.0
PHX,2014-10-27,88.0,71.0,0.0,3.951782,245.08461,21.2654,37.740185,59.3231,8.0
PHX,2014-10-28,88.0,65.0,0.0,3.3542976,53.55844,20.5425,36.748276,54.0127,7.0
PHX,2014-10-29,91.0,64.0,0.0,3.1865828,324.08005,17.3754,35.236973,52.222626,6.0
PHX,2014-10-30,94.0,64.0,0.0,2.9098532,97.392555,15.5227,31.17284,48.7675,9.0
PHX,2014-10-31,95.0,67.0,0.0,4.821803,148.68446,16.0132,30.16777,44.5322,12.0
PHX,2014-11-01,83.0,69.0,0.0,5.828092,234.1053,37.6356,47.5856,62.9316,15.0
PHX,2014-11-02,73.0,60.0,0.0,7.807128,273.80484,24.4373,32.475254,40.4273,12.0
PHX,2014-11-03,75.0,53.0,0.0,5.3249474,263.21918,16.2628,32.66471,50.7183,11.0
PHX,2014-11-04,81.0,53.0,0.0,5.744235,20.16204,11.0792,24.387918,50.2782,12.0
PHX,2014-11-05,85.0,60.0,0.0,5.3396225,68.27525,11.506,18.506468,26.5298,11.0
PHX,2014-11-06,86.0,60.0,0.0,6.4549265,97.41333,11.6907,21.605936,33.1863,11.0
PHX,2014-11-07,84.0,59.0,0.0,4.197065,83.43577,16.5898,29.355928,44.1615,8.0
PHX,2014-11-08,90.0,58.0,0.0,3.1194968,113.15648,11.1193,28.66156,47.2246,7.0
PHX,2014-11-09,87.0,61.0,0.0,3.5220125,103.11762,16.2724,29.241247,44.4739,10.0
PHX,2014-11-10,84.0,59.0,0.0,4.9517817,95.127815,16.0214,32.253773,47.3885,10.0
PHX,2014-11-11,84.0,58.0,0.0,5.1614256,103.536255,23.3376,36.46905,47.2203,10.0
PHX,2014-11-12,80.0,60.0,0.0,4.580713,94.31187,28.979,43.669792,57.8443,10.0
PHX,2014-11-13,80.0,61.0,0.0,5.0,214.11806,32.5302,47.997177,57.8443,10.0
PHX,2014-11-14,73.0,61.0,0.0,4.880503,149.1115,44.0605,57.04339,69.8551,10.0
PHX,2014-11-15,77.0,57.0,0.0,5.348008,113.56712,37.2143,56.49022,77.9194,10.0
PHX,2014-11-16,71.0,53.0,0.0,7.27044,8.253074,6.2988,28.491444,77.5865,15.0
PHX,2014-11-17,71.0,47.0,0.0,4.928721,60.353626,8.48604,16.096092,28.3934,12.0
PHX,2014-11-18,74.0,47.0,0.0,4.7190776,78.46844,7.55766,16.883984,31.4514,14.0
PHX,2014-11-19,74.0,50.0,0.0,2.6415095,110.75375,11.680957,22.074745,34.3873,10.0
PHX,2014-11-20,74.0,48.0,0.0,4.4968553,111.41297,12.2749,26.393559,43.6651,8.0
PHX,2014-11-21,72.0,53.0,0.0,3.8679245,92.8852,15.5192,27.559076,40.2213,12.0
PHX,2014-11-22,72.0,46.0,0.0,4.7002096,105.15722,21.0859,37.74095,53.6295,8.0
PHX,2014-11-23,74.0,48.0,0.0,5.8532495,316.45468,6.53877,29.0999,56.0101,15.0
PHX,2014-11-24,71.0,42.0,0.0,5.9350104,298.42465,8.3,17.881058,42.8366,17.0
PHX,2014-11-25,69.0,46.0,0.0,4.2389936,69.354324,7.21278,14.701612,24.8098,9.0
PHX,2014-11-26,74.0,44.0,0.0,3.825996,108.95674,10.2223,21.898132,36.5157,8.0
PHX,2014-11-27,87.0,47.0,0.0,2.4737945,95.207184,8.73212,26.925047,49.4971,8.0
PHX,2014-11-28,84.0,52.0,0.0,3.2452831,106.13607,10.4795,25.958302,38.834,7.0
PHX,2014-11-29,80.0,51.0,0.0,4.36478,108.74602,13.5572,28.41235,42.7176,9.0
PHX,2014-11-30,80.0,53.0,0.0,6.371069,103.92618,12.6029,29.110498,45.1134,12.0
PHX,2014-12-01,73.0,51.0,0.0,3.6813416,109.80078,23.3936,37.40208,48.3386,8.0
PHX,2014-12-02,70.0,54.0,0.03,4.1509433,123.89345,24.125,44.042023,67.1108,7.0
PHX,2014-12-03,76.0,60.0,0.01,4.371069,70.892944,44.663,59.73343,83.6643,8.0
PHX,2014-12-04,68.0,60.0,0.61,3.97065,248.93626,70.4898,84.96107,96.2503,13.0
PHX,2014-12-05,72.0,57.0,0.0,3.412998,91.45514,43.921,69.40447,89.6505,8.0
PHX,2014-12-06,71.0,57.0,0.0,1.3836478,126.69363,45.4265,70.61757,90.1091,5.0
PHX,2014-12-07,77.0,51.0,0.0,2.6415095,59.44495,29.7181,61.952526,89.9465,8.0
PHX,2014-12-08,76.0,55.0,0.0,3.480084,68.67533,28.2041,52.910904,77.2303,10.0
PHX,2014-12-09,78.0,54.0,0.0,2.1802936,235.77184,29.8853,57.245617,89.9465,7.0
PHX,2014-12-10,77.0,54.0,0.0,2.3480084,166.94562,35.8111,61.446495,83.0024,7.0
PHX,2014-12-11,76.0,56.0,0.0,4.9643607,106.97042,38.4328,62.075123,83.6915,9.0
PHX,2014-12-12,78.0,57.0,0.0001,6.9706497,152.28288,30.8041,51.1287,66.6473,11.0
PHX,2014-12-13,66.0,51.0,0.08,6.245283,243.63506,44.7846,69.58015,100.0,14.0
PHX,2014-12-14,63.0,46.0,0.0,3.5744236,98.131584,40.8612,65.17219,85.9664,9.0
PHX,2014-12-15,64.0,46.0,0.0,3.02935,126.773926,35.1523,62.129642,82.4549,6.0
PHX,2014-12-16,65.0,49.0,0.0,2.874214,161.70337,41.0627,59.076626,83.2272,7.0
PHX,2014-12-17,61.0,51.0,0.07,4.658281,135.48938,47.2203,72.04136,89.2615,7.0
PHX,2014-12-18,62.0,50.0,0.0,3.4067085,265.93655,49.2456,71.01844,89.3093,7.0
PHX,2014-12-19,64.0,45.0,0.0,2.8322852,85.06772,32.5508,62.42356,89.5622,9.0
PHX,2014-12-20,66.0,45.0,0.0,2.874214,105.096535,32.8691,56.68641,79.0709,7.0
PHX,2014-12-21,65.0,47.0,0.0,3.568134,112.16118,39.4739,61.735535,79.8568,7.0
PHX,2014-12-22,66.0,47.0,0.0,3.9580712,96.16131,42.8201,62.583164,82.5941,9.0
PHX,2014-12-23,68.0,47.0,0.0,6.419287,44.559868,11.2462,38.89597,82.5941,12.0
PHX,2014-12-24,66.0,43.0,0.0,3.3319356,92.2528,12.7749,24.931885,38.1215,8.0
PHX,2014-12-25,64.0,45.0,0.0,6.9706497,252.29892,18.2018,36.27553,58.3321,16.0
PHX,2014-12-26,57.0,38.0,0.0,3.0649896,241.57779,20.1199,32.326607,52.7293,7.0
PHX,2014-12-27,60.0,35.0,0.0,3.4486372,250.55553,18.3474,40.435936,66.9665,9.0
PHX,2014-12-28,60.0,36.0,0.0,3.0838575,213.53036,19.0718,38.263172,61.6691,6.0
PHX,2014-12-29,61.0,36.0,0.0,3.5807128,109.81917,16.1924,41.01572,61.355,8.0
PHX,2014-12-30,63.0,37.0,0.0,4.616352,51.78234,16.4568,37.65217,57.0388,11.0
PHX,2014-12-31,50.0,36.0,0.11,7.4996505,261.32584,35.9799,71.12947,88.8084,17.0
PHX,2015-01-01,46.0,35.0,0.0,3.2389936,303.05295,47.2255,67.24724,88.4699,6.0
PHX,2015-01-02,54.0,31.0,0.0,4.119497,211.16461,28.2483,58.017975,85.1205,9.0
PHX,2015-01-03,54.0,34.0,0.0,3.6163523,111.07379,32.281,57.0224,78.7885,7.0
PHX,2015-01-04,65.0,35.0,0.0,2.5157232,87.74758,26.5026,53.08156,78.3077,5.0
PHX,2015-01-05,74.0,40.0,0.0,2.3899372,68.06992,15.913,44.29933,73.3938,9.0
PHX,2015-01-06,79.0,44.0,0.0,3.2746332,81.023735,14.7167,37.97028,62.5635,9.0
PHX,2015-01-07,81.0,47.0,0.0,3.7735848,108.10142,17.4458,39.261883,63.3879,8.0
PHX,2015-01-08,71.0,54.0,0.0,7.90566,101.207214,26.6244,38.257378,54.7975,15.0
PHX,2015-01-09,75.0,51.0,0.0,6.018868,101.297356,31.7936,44.004738,56.581,11.0
PHX,2015-01-10,65.0,54.0,0.0001,4.0293503,108.88784,39.4739,49.339207,74.4813,9.0
PHX,2015-01-11,72.0,54.0,0.01,4.947589,93.949776,35.1853,58.63025,83.3381,9.0
PHX,2015-01-12,67.0,56.0,0.02,2.2620544,238.78268,56.7343,78.465805,96.1697,7.0
PHX,2015-01-13,63.0,51.0,0.11,3.1418588,99.05682,58.116,77.28242,89.9465,13.0
PHX,2015-01-14,67.0,46.0,0.0,2.8679245,79.45473,35.4709,64.14923,89.7339,7.0
PHX,2015-01-15,72.0,47.0,0.0,5.534591,70.149,22.5486,44.656868,70.7384,13.0
PHX,2015-01-16,74.0,49.0,0.0,4.136268,82.676254,17.922,37.175533,60.6015,13.0
PHX,2015-01-17,73.0,47.0,0.0,4.174004,108.7462,20.0498,39.386875,60.619,8.0
PHX,2015-01-18,75.0,48.0,0.0,2.9161425,80.34632,22.316,43.273617,63.0796,7.0
PHX,2015-01-19,75.0,50.0,0.0,3.3123689,123.94411,22.316,46.02383,68.153,8.0
PHX,2015-01-20,75.0,48.0,0.0,2.5744236,103.56633,22.3195,47.126415,70.9534,7.0
PHX,2015-01-21,74.0,53.0,0.0,4.754717,352.57126,26.6244,40.265766,59.5762,17.0
PHX,2015-01-22,65.0,48.0,0.0,8.904263,36.50411,9.11634,21.327906,54.1539,17.0
PHX,2015-01-23,64.0,43.0,0.0,4.041929,90.88744,16.4411,27.09353,41.5648,7.0
PHX,2015-01-24,77.0,50.0,0.0,7.90566,71.202095,8.44821,18.18789,34.7153,19.0
PHX,2015-01-25,78.0,48.0,0.0,3.2285116,104.85915,13.0895,25.539288,40.0456,10.0
PHX,2015-01-26,71.0,53.0,0.01,2.9580712,148.60902,18.3292,36.557755,74.2722,7.0
PHX,2015-01-27,74.0,53.0,0.0,2.6582808,176.82924,39.439,64.09791,89.3093,8.0
PHX,2015-01-28,75.0,52.0,0.0,4.0062895,274.5376,38.1207,61.75852,89.2615,8.0
PHX,2015-01-29,71.0,58.0,0.24,2.431866,120.69361,37.8072,67.511024,89.6505,6.0
PHX,2015-01-30,60.0,55.0,0.35,6.379455,89.102615,87.8286,92.737,96.8112,11.0
PHX,2015-01-31,60.0,53.0,0.07,2.3487072,126.50285,77.4943,88.36313,93.0196,7.0
PHX,2015-02-01,69.0,50.0,0.0,2.803634,107.68891,43.4438,80.42658,100.0,8.0
PHX,2015-02-02,73.0,48.0,0.0,3.442348,100.14714,24.7359,59.490326,92.9293,8.0
PHX,2015-02-03,76.0,50.0,0.0,3.922432,107.86439,30.6636,58.405457,80.0979,7.0
PHX,2015-02-04,77.0,52.0,0.0,4.0,105.12974,32.1042,57.789574,80.2516,8.0
PHX,2015-02-05,82.0,52.0,0.0,3.6163523,100.540375,18.4865,49.788635,82.9414,9.0
PHX,2015-02-06,84.0,54.0,0.0,3.2872117,112.7041,17.955,40.910797,63.9715,8.0
PHX,2015-02-07,81.0,53.0,0.0,3.4842768,125.280876,21.327,44.725513,68.9522,6.0
PHX,2015-02-08,82.0,55.0,0.0,3.6394129,106.617256,16.7007,40.786434,64.2766,8.0
PHX,2015-02-09,83.0,55.0,0.0,3.951782,113.73979,22.6666,45.11417,69.3018,8.0
PHX,2015-02-10,83.0,57.0,0.0,4.832285,127.2635,16.9401,40.920506,68.9522,12.0
PHX,2015-02-11,81.0,54.0,0.0,4.821803,42.773792,9.72155,32.187046,64.2766,11.0
PHX,2015-02-12,78.0,58.0,0.0,6.4716983,94.182495,17.0254,25.505753,39.329,14.0
PHX,2015-02-13,80.0,55.0,0.0,4.580713,97.24185,16.6823,30.433002,45.5783,10.0
PHX,2015-02-14,83.0,54.0,0.0,2.1551363,125.8132,19.1586,34.625446,59.0413,8.0
PHX,2015-02-15,79.0,63.0,0.0,5.515723,340.18777,30.0244,46.50578,64.8351,12.0
PHX,2015-02-16,79.0,55.0,0.0,5.264151,241.74864,29.7181,51.185684,74.6708,12.0
PHX,2015-02-17,77.0,55.0,0.0,5.42348,62.126503,8.19827,26.481125,64.5943,15.0
PHX,2015-02-18,79.0,50.0,0.0,5.0356393,101.49456,10.2314,23.637634,39.3972,9.0
PHX,2015-02-19,80.0,52.0,0.0,3.8679245,106.84764,11.9245,29.960121,48.6477,6.0
PHX,2015-02-20,79.0,55.0,0.0,3.8134172,105.42627,17.8239,30.295324,45.2647,10.0
PHX,2015-02-21,79.0,54.0,0.0,4.5324945,88.84704,20.1591,34.219143,50.7183,9.0
PHX,2015-02-22,72.0,56.0,0.0,5.383648,226.93394,37.8072,46.881214,59.5762,12.0
PHX,2015-02-23,70.0,59.0,0.01,6.8763103,185.52339,45.0934,57.407696,80.7832,17.0
PHX,2015-02-24,67.0,51.0,0.0001,7.9517817,265.1437,30.3701,49.1204,63.4719,25.0
PHX,2015-02-25,72.0,47.0,0.0,5.2389936,109.92488,20.8012,43.52492,73.3855,9.0
PHX,2015-02-26,77.0,51.0,0.0,5.442348,116.14247,13.5718,31.551727,52.3162,11.0
PHX,2015-02-27,78.0,50.0,0.0,7.7966456,171.11443,15.0021,32.217346,52.0165,13.0
PHX,2015-02-28,70.0,60.0,0.0001,5.1132073,196.92322,34.064,45.78177,53.7274,11.0
PHX,2015-03-01,77.0,61.0,0.0,7.677149,174.82568,32.0531,49.14083,62.3257,15.0
PHX,2015-03-02,66.0,52.0,0.23,7.0363383,195.64815,54.2225,75.23714,89.2615,18.0
PHX,2015-03-03,65.0,47.0,0.07,4.1390634,213.86682,40.7458,67.119484,100.0,8.0
PHX,2015-03-04,70.0,47.0,0.0,5.2997904,260.56866,21.2944,50.140247,86.08,13.0
PHX,2015-03-05,75.0,46.0,0.0,3.60587,61.436966,8.67369,30.304045,67.6898,12.0
PHX,2015-03-06,83.0,51.0,0.0,9.054507,76.40476,5.89222,17.862202,40.8769,21.0
PHX,2015-03-07,83.0,55.0,0.0,4.7379456,51.57644,13.685497,22.788645,40.0456,12.0
PHX,2015-03-08,83.0,55.0,0.0,4.251572,246.47707,11.8149,30.010517,57.1427,12.0
PHX,2015-03-09,84.0,56.0,0.0,4.538784,162.36667,11.8149,28.208515,48.7756,9.0
PHX,2015-03-10,87.0,58.0,0.0,4.5031447,115.53303,7.54566,20.790213,38.834,9.0
PHX,2015-03-11,87.0,59.0,0.0,4.4968553,99.61619,9.74212,19.648254,31.9974,8.0
PHX,2015-03-12,86.0,68.0,0.0,6.969951,27.181763,13.0578,21.420065,29.8322,17.0
PHX,2015-03-13,88.0,60.0,0.0,5.8867927,75.88319,12.4754,27.121922,45.738,14.0
PHX,2015-03-14,88.0,63.0,0.0,4.8679247,91.314026,12.7143,22.643372,39.6473,15.0
PHX,2015-03-15,89.0,63.0,0.0,7.3354297,105.58742,8.5841,18.189728,32.8691,16.0
PHX,2015-03-16,90.0,65.0,0.0,5.6708593,77.8975,13.0852,18.573015,28.9352,10.0
PHX,2015-03-17,91.0,64.0,0.0,6.899371,251.132,12.0564,25.094576,39.7914,14.0
PHX,2015-03-18,81.0,62.0,0.02,7.081761,190.2944,25.9542,46.109356,83.5372,15.0
PHX,2015-03-19,70.0,60.0,0.01,5.48218,297.46237,45.121,66.50806,89.6125,10.0
PHX,2015-03-20,81.0,61.0,0.0,4.7819705,200.12456,29.2433,48.80291,75.1442,17.0
PHX,2015-03-21,85.0,60.0,0.0,5.5870023,97.24433,17.1985,37.03292,66.5571,11.0
PHX,2015-03-22,89.0,60.0,0.0,5.077568,109.47333,12.284,30.704395,59.8448,8.0
PHX,2015-03-23,88.0,61.0,0.0,5.4549265,323.581,10.0478,25.237629,44.4739,13.0
PHX,2015-03-24,86.0,59.0,0.0,4.287212,285.26495,9.43978,21.298605,36.1895,9.0
PHX,2015-03-25,88.0,62.0,0.0,5.1991615,261.15585,11.3246,21.063042,32.5508,10.0
PHX,2015-03-26,89.0,64.0,0.0,5.6708593,22.35322,6.91434,14.212738,31.6568,13.0
PHX,2015-03-27,95.0,63.0,0.0,4.3773584,68.620995,5.75916,15.079764,27.696,10.0
PHX,2015-03-28,95.0,64.0,0.0,4.947589,86.46811,4.96207,15.252968,27.8373,7.0
PHX,2015-03-29,97.0,65.0,0.0,4.832285,112.1759,5.33883,14.19193,25.8487,8.0
PHX,2015-03-30,96.0,70.0,0.0,4.654088,87.81372,7.84091,14.443246,21.7396,8.0
PHX,2015-03-31,95.0,68.0,0.0,6.312369,252.83636,9.91104,18.395117,27.2857,11.0
PHX,2015-04-01,91.0,67.0,0.0,6.712788,205.47769,9.96089,20.8399,38.8122,11.0
PHX,2015-04-02,87.0,64.0,0.0,8.360587,259.63742,7.94815,16.478266,29.0793,14.0
PHX,2015-04-03,86.0,60.0,0.0,4.4067087,7.425189,5.05232,11.592133,22.5154,14.0
PHX,2015-04-04,89.0,62.0,0.0,4.677149,282.57965,5.84487,13.778267,32.5508,10.0
PHX,2015-04-05,89.0,61.0,0.0,6.6666665,198.55775,5.26324,13.535711,26.5298,10.0
PHX,2015-04-06,86.0,61.0,0.0,6.5408807,257.20917,5.05232,12.572575,24.1464,15.0
PHX,2015-04-07,84.0,58.0,0.0,8.031446,254.75568,7.2843,13.911359,25.9109,13.0
PHX,2015-04-08,78.0,61.0,0.0,8.484277,268.05487,7.87583,19.271257,33.7451,14.0
PHX,2015-04-09,83.0,54.0,0.0,4.5283017,125.807274,6.94345,14.019554,26.5897,9.0
PHX,2015-04-10,87.0,57.0,0.0,4.616352,95.948616,7.08121,14.7122555,27.9646,7.0
PHX,2015-04-11,86.0,60.0,0.0,3.7735848,29.097208,9.30485,16.96976,25.8852,7.0
PHX,2015-04-12,86.0,65.0,0.0,6.8574424,261.70126,19.4469,22.993591,31.2624,15.0
PHX,2015-04-13,90.0,63.0,0.0,5.4129977,325.67557,12.5051,30.977667,53.9373,10.0
PHX,2015-04-14,94.0,67.0,0.0,8.048218,222.26566,7.92346,20.667141,37.3199,20.0
PHX,2015-04-15,84.0,65.0,0.0,10.857442,281.8035,3.59101,9.457638,23.3936,21.0
PHX,2015-04-16,75.0,56.0,0.0,8.092942,273.53748,7.29056,9.912715,15.5875,15.0
PHX,2015-04-17,82.0,55.0,0.0,5.419287,229.64555,9.43978,16.690493,26.5897,12.0
PHX,2015-04-18,90.0,59.0,0.0,6.8930817,242.4453,6.52591,14.146785,27.0727,14.0
PHX,2015-04-19,92.0,62.0,0.0,4.784067,291.982,6.80643,13.921885,24.1303,10.0
PHX,2015-04-20,93.0,65.0,0.0,5.5932913,343.10144,7.16449,14.04934,28.0067,11.0
PHX,2015-04-21,91.0,65.0,0.0,7.6415095,195.86414,5.07107,13.38344,22.8031,14.0
PHX,2015-04-22,89.0,65.0,0.0,6.9161425,192.19945,7.24553,17.937717,29.0793,14.0
PHX,2015-04-23,83.0,62.0,0.0,5.6645703,272.6479,15.6565,22.590788,32.2316,10.0
PHX,2015-04-24,78.0,62.0,0.02,5.4318657,144.08112,32.6004,44.092514,67.6882,11.0
PHX,2015-04-25,81.0,56.0,0.02,9.835779,252.90942,25.9542,36.965145,80.4859,30.0
PHX,2015-04-26,75.0,54.0,0.14,6.4325647,46.73652,29.2433,60.5109,86.5214,16.0
PHX,2015-04-27,87.0,57.0,0.0,2.5995808,182.55205,17.4575,40.274418,77.9194,6.0
PHX,2015-04-28,93.0,68.0,0.0,6.8155136,110.62629,13.2899,25.948524,45.261,11.0
PHX,2015-04-29,96.0,71.0,0.0,4.7610064,104.687965,8.41708,19.652088,36.2762,9.0
PHX,2015-04-30,99.0,70.0,0.0,4.4486375,103.388275,6.25342,14.150705,24.6002,10.0
PHX,2015-05-01,101.0,70.0,0.0,5.828092,279.66077,4.91894,14.02275,27.5924,12.0
PHX,2015-05-02,98.0,72.0,0.0,6.226415,244.21678,9.27276,15.986827,25.8038,12.0
PHX,2015-05-03,96.0,75.0,0.0,6.071279,200.7395,13.2686,22.426323,36.46,13.0
PHX,2015-05-04,85.0,65.0,0.24,9.558351,271.9342,26.0893,51.820377,84.26,19.0
PHX,2015-05-05,86.0,67.0,0.0,5.7966456,241.71245,25.4818,41.841263,60.7683,11.0
PHX,2015-05-06,90.0,69.0,0.0,7.0545073,206.9191,11.5057,25.184448,47.293,19.0
PHX,2015-05-07,86.0,65.0,0.0,8.199162,201.90509,16.0214,28.517385,41.4944,16.0
PHX,2015-05-08,75.0,61.0,0.0001,9.935011,262.20938,15.913,31.162354,44.7846,22.0
PHX,2015-05-09,77.0,57.0,0.0,4.3941298,247.60649,18.4603,33.67324,59.3114,11.0
PHX,2015-05-10,89.0,61.0,0.0,4.706499,251.75052,11.5057,23.961435,41.1786,15.0
PHX,2015-05-11,96.0,67.0,0.0,5.371069,134.1199,6.58353,18.022978,34.5547,10.0
PHX,2015-05-12,91.0,70.0,0.0,9.847659,167.8497,8.06389,15.494407,25.4946,16.0
PHX,2015-05-13,91.0,69.0,0.0,8.274633,185.98074,17.3397,25.865849,37.6356,18.0
PHX,2015-05-14,87.0,70.0,0.0,10.8658285,216.51743,14.3962,29.901932,46.036,20.0
PHX,2015-05-15,76.0,57.0,0.93,9.334032,220.11432,29.4111,53.470333,90.1091,19.0
PHX,2015-05-16,75.0,57.0,0.0001,3.144654,272.45224,30.1848,52.620052,80.4859,7.0
PHX,2015-05-17,86.0,64.0,0.0,4.580713,110.720436,13.0578,32.79118,58.3854,10.0
PHX,2015-05-18,90.0,65.0,0.0,7.480084,235.91331,7.33042,24.321838,56.232044,15.0
PHX,2015-05-19,87.0,65.0,0.0,4.0,26.986784,12.9333,22.447727,39.964,8.0
PHX,2015-05-20,93.0,67.0,0.0,6.5094337,179.71054,8.62132,20.982424,38.9092,12.0
PHX,2015-05-21,91.0,72.0,0.0,8.427673,195.39711,10.5915,19.724604,29.1034,16.0
PHX,2015-05-22,82.0,66.0,0.0,8.721174,238.54633,20.1591,26.963339,37.3199,19.0
PHX,2015-05-23,83.0,64.0,0.0,4.6645703,267.49603,18.8887,27.984873,39.964,8.0
PHX,2015-05-24,85.0,66.0,0.0,5.096436,277.4024,17.1985,27.359865,43.1328,10.0
PHX,2015-05-25,92.0,67.0,0.0,5.844864,272.3161,16.0819,26.137287,40.2791,12.0
PHX,2015-05-26,96.0,71.0,0.0,5.484277,241.25728,12.2685,20.321003,32.6004,13.0
PHX,2015-05-27,97.0,73.0,0.0,5.8672256,225.25691,9.77761,18.325151,34.302,14.0
PHX,2015-05-28,98.0,71.0,0.0,5.712788,237.62932,8.2363,16.656914,30.1424,11.0
PHX,2015-05-29,103.0,73.0,0.0,4.922432,259.2047,5.4322,13.597437,29.2433,10.0
PHX,2015-05-30,105.0,74.0,0.0,4.658281,289.17673,5.4206,13.097804,28.2041,10.0
PHX,2015-05-31,107.0,78.0,0.0,5.0167713,260.25372,7.74804,13.4310055,26.5684,13.0
PHX,2015-06-01,105.0,78.0,0.0,7.8944793,241.40584,5.1773,10.949776,21.327,17.0
PHX,2015-06-02,104.0,76.0,0.0,7.6897273,268.8945,5.4322,11.929916,23.881,15.0
PHX,2015-06-03,102.0,74.0,0.0,6.8763103,268.2155,4.02181,9.569138,22.316,14.0
PHX,2015-06-04,97.0,73.0,0.0,8.192872,137.13834,5.6916,17.838491,38.391,15.0
PHX,2015-06-05,90.0,72.0,0.16,9.709294,82.171906,35.3361,55.358383,76.569,17.0
PHX,2015-06-06,97.0,73.0,0.03,7.018868,227.51047,7.24905,37.229843,84.2241,12.0
PHX,2015-06-07,100.0,71.0,0.0,5.077568,88.21515,6.98055,18.49253,39.439,10.0
PHX,2015-06-08,105.0,78.0,0.0,4.5870023,275.23175,8.63205,16.258444,26.386,10.0
PHX,2015-06-09,95.0,83.0,0.0001,5.9538784,210.15483,17.1676,39.741695,51.2489,14.0
PHX,2015-06-10,95.0,80.0,0.0001,7.2620544,279.9633,31.2875,47.36285,62.4018,12.0
PHX,2015-06-11,100.0,82.0,0.0,5.1802936,266.44946,12.936,25.215965,43.0701,14.0
PHX,2015-06-12,104.0,78.0,0.0,4.958071,289.3156,10.2716,16.926897,34.718,12.0
PHX,2015-06-13,105.0,80.0,0.0,7.041929,255.14636,10.92,15.23923,26.868,12.0
PHX,2015-06-14,107.0,83.0,0.0,5.4171906,258.3645,10.1377,16.528093,27.7884,12.0
PHX,2015-06-15,112.0,86.0,0.0,6.5744233,272.71704,8.71021,14.7477,25.7752,15.0
PHX,2015-06-16,112.0,85.0,0.0,5.7458034,283.38937,6.40599,14.523966,24.0703,12.0
PHX,2015-06-17,114.0,86.0,0.0,7.3542976,260.57452,6.7268,14.522917,28.9047,14.0
PHX,2015-06-18,115.0,86.0,0.0,6.616352,258.11557,6.15993,11.657694,22.4529,14.0
PHX,2015-06-19,114.0,85.0,0.0,5.947589,229.76956,2.23371,10.077179,25.7752,16.0
PHX,2015-06-20,112.0,80.0,0.0,5.5513625,267.6897,4.0802,9.820683,15.6348,11.0
PHX,2015-06-21,109.0,88.0,0.0,5.748428,276.02512,11.6281,20.817577,32.6684,10.0
PHX,2015-06-22,109.0,85.0,0.0,5.7714887,272.44556,6.66822,17.283644,32.1986,14.0
PHX,2015-06-23,111.0,87.0,0.0,6.2809224,272.42725,7.8454,15.354265,29.0682,15.0
PHX,2015-06-24,112.0,87.0,0.0,5.7672954,83.84944,5.58933,13.374713,22.4529,11.0
PHX,2015-06-25,110.0,90.0,0.0,8.067086,267.03244,9.41372,18.916288,27.7291,16.0
PHX,2015-06-26,107.0,89.0,0.0,8.767296,280.7592,15.0317,24.577545,39.0815,14.0
PHX,2015-06-27,108.0,90.0,0.01,8.595387,354.62952,16.3129,28.349176,48.5504,38.0
PHX,2015-06-28,110.0,87.0,0.0,6.4067087,217.53159,13.3858,26.236423,37.6857,18.0
PHX,2015-06-29,110.0,86.0,0.05,6.393431,268.8808,17.7724,29.559505,46.7745,14.0
PHX,2015-06-30,107.0,85.0,0.0,9.517819,262.57288,21.4614,35.5911,63.1423,15.0
PHX,2015-07-01,106.0,84.0,0.0,9.87631,254.22131,21.4614,35.39156,54.8971,15.0
PHX,2015-07-02,106.0,88.0,0.0,8.784067,253.08163,16.0713,26.041561,36.2543,12.0
PHX,2015-07-03,100.0,82.0,0.08,6.385744,176.16425,23.2407,37.295017,63.0313,18.0
PHX,2015-07-04,106.0,85.0,0.0,7.7610064,253.92238,17.2734,30.97209,49.6623,20.0
PHX,2015-07-05,102.0,84.0,0.0,9.371069,215.08972,21.0453,36.7853,54.8971,19.0
PHX,2015-07-06,104.0,78.0,0.0001,6.212439,263.06177,20.6291,38.055534,71.72285,14.0
PHX,2015-07-07,108.0,85.0,0.0,6.071279,281.6854,13.2663,26.486658,49.5066,13.0
PHX,2015-07-08,109.0,87.0,0.0,9.383648,223.10527,8.2363,16.169859,29.0682,18.0
PHX,2015-07-09,102.0,83.0,0.0,9.247379,202.84558,10.3385,15.341028,26.5203,17.0
PHX,2015-07-10,104.0,78.0,0.0,10.350803,219.8638,15.1745,22.595709,30.1912,21.0
PHX,2015-07-11,106.0,85.0,0.0,7.5744233,262.63635,11.7939,23.00546,34.7934,14.0
PHX,2015-07-12,106.0,84.0,0.0,5.077568,278.18524,10.7428,15.024055,28.0232,12.0
PHX,2015-07-13,108.0,88.0,0.0001,7.400419,229.38765,13.8523,25.467989,39.0815,13.0
PHX,2015-07-14,109.0,88.0,0.0,7.0202656,141.76816,14.1817,25.656937,37.6857,15.0
PHX,2015-07-15,106.0,87.0,0.0,7.4067087,197.01277,18.5983,25.92796,35.4019,17.0
PHX,2015-07-16,107.0,87.0,0.0,6.245283,220.3843,13.4885,22.944818,37.3055,13.0
PHX,2015-07-17,104.0,80.0,0.15,8.016072,158.15425,23.0436,33.84343,58.6546,15.0
PHX,2015-07-18,100.0,76.0,0.18,6.8050313,212.28891,28.6363,49.88539,94.143,18.0
PHX,2015-07-19,97.0,77.0,0.0,5.63522,246.83955,31.4116,50.883205,78.9629,12.0
PHX,2015-07-20,102.0,84.0,0.0,5.6457024,248.87895,25.5055,36.016483,52.7537,11.0
PHX,2015-07-21,106.0,85.0,0.0,5.832285,264.82635,16.9106,28.467785,44.748,12.0
PHX,2015-07-22,107.0,86.0,0.0,6.0104823,262.33893,10.953099,18.437037,30.0866,14.0
PHX,2015-07-23,105.0,84.0,0.0,4.192872,140.46602,13.976392,20.780445,45.044,11.0
PHX,2015-07-24,104.0,87.0,0.0,6.197065,268.2384,17.3539,32.31484,47.8308,12.0
PHX,2015-07-25,109.0,88.0,0.0,6.802935,274.30487,5.66307,14.08974,26.5372,16.0
PHX,2015-07-26,108.0,86.0,0.0,7.3892384,255.79274,6.96848,13.61368,24.0703,14.0
PHX,2015-07-27,106.0,86.0,0.0,7.1656184,278.10867,16.5948,22.900517,33.6156,14.0
PHX,2015-07-28,106.0,88.0,0.0,7.0587,255.27847,16.7285,27.630453,40.7407,26.0
PHX,2015-07-29,100.0,87.0,0.0,8.024459,95.85322,26.9674,36.557404,42.0151,24.0
PHX,2015-07-30,106.0,85.0,0.0,5.9161425,53.762703,18.5813,32.082134,49.6623,10.0
PHX,2015-07-31,110.0,78.0,0.72,6.825996,201.74379,18.3629,42.806087,82.0559,23.0
PHX,2015-08-01,103.0,80.0,0.0,4.63522,254.31181,21.3145,44.714054,74.148,8.0
PHX,2015-08-02,108.0,86.0,0.0,7.0670857,222.51718,12.7258,29.29905,51.4025,14.0
PHX,2015-08-03,110.0,87.0,0.0,6.071279,274.93924,10.6655,21.743784,36.1159,12.0
PHX,2015-08-04,111.0,88.0,0.0,6.215933,270.01718,8.79064,17.62456,30.3518,12.0
PHX,2015-08-05,112.0,89.0,0.0,5.9643607,275.64557,8.48497,16.326252,26.5203,10.0
PHX,2015-08-06,106.0,92.0,0.0,5.155136,173.2203,15.4116,27.846142,41.0402,13.0
PHX,2015-08-07,107.0,79.0,0.37,7.6974144,135.47768,20.9053,42.31045,76.3613,17.0
PHX,2015-08-08,102.0,80.0,0.0,4.658281,140.10619,24.2938,45.740993,71.9184,11.0
PHX,2015-08-09,107.0,86.0,0.0001,5.892383,138.23497,17.8384,32.43659,53.181,19.0
PHX,2015-08-10,105.0,87.0,0.0,5.1656184,143.64398,20.6394,32.174393,46.35,12.0
PHX,2015-08-11,97.0,76.0,0.22,6.7777777,108.06902,26.2184,43.22936,81.922,32.0
PHX,2015-08-12,108.0,80.0,0.0,4.784067,208.38109,18.5983,37.99923,69.2256,10.0
PHX,2015-08-13,114.0,89.0,0.0,4.90566,162.73169,10.5539,25.462564,43.6661,10.0
PHX,2015-08-14,117.0,93.0,0.0001,6.0125785,154.95001,11.8798,21.124323,33.5738,11.0
PHX,2015-08-15,115.0,93.0,0.0,4.5870023,206.2988,11.0289,20.659437,32.517,8.0
PHX,2015-08-16,112.0,93.0,0.0,8.218029,274.0915,16.12697,25.745813,42.5082,16.0
PHX,2015-08-17,108.0,91.0,0.0,9.610063,272.5691,20.2509,29.841702,37.3965,17.0
PHX,2015-08-18,107.0,88.0,0.0,7.226415,265.7053,16.9741,24.425238,36.4201,15.0
PHX,2015-08-19,107.0,86.0,0.0,6.190776,267.4263,16.5948,23.654911,35.9494,11.0
PHX,2015-08-20,107.0,88.0,0.0,5.9937105,268.23294,18.4416,28.938387,40.4396,12.0
PHX,2015-08-21,107.0,89.0,0.0,6.6897273,273.61896,20.6394,32.73935,43.8275,14.0
PHX,2015-08-22,105.0,88.0,0.0,6.578616,270.59158,19.1891,32.632923,48.2631,14.0
PHX,2015-08-23,107.0,87.0,0.0,5.5681343,141.15877,18.11,32.40713,44.6264,13.0
PHX,2015-08-24,108.0,88.0,0.0,6.0,124.491165,18.8376,29.078686,43.3689,10.0
PHX,2015-08-25,100.0,84.0,0.05,6.3473096,141.17027,26.2184,48.303837,67.6546,19.0
PHX,2015-08-26,106.0,84.0,0.0,5.6645703,108.252396,21.1922,35.300594,53.0308,9.0
PHX,2015-08-27,108.0,82.0,0.15,6.278127,120.372955,18.8376,40.483566,69.4343,33.0
PHX,2015-08-28,109.0,81.0,0.0,3.8679245,99.091705,14.7644,34.940407,58.6546,9.0
PHX,2015-08-29,111.0,80.0,0.13,5.8651295,133.77527,15.6297,32.54361,67.2191,26.0
PHX,2015-08-30,108.0,83.0,0.0001,7.1956673,119.95659,19.6051,37.24277,63.0313,22.0
PHX,2015-08-31,106.0,77.0,0.37,7.9531794,132.00708,19.9883,41.10602,78.4789,34.0
PHX,2015-09-01,99.0,79.0,0.0,4.3731656,109.29532,27.5535,45.03416,69.2256,9.0
PHX,2015-09-02,101.0,84.0,0.0,4.955975,101.50214,17.9306,32.861675,58.6546,11.0
PHX,2015-09-03,100.0,77.0,0.02,8.383648,139.84312,14.7027,43.283318,71.7228,31.0
PHX,2015-09-04,98.0,76.0,0.0,6.3731656,150.55716,28.1607,46.549706,66.358,11.0
PHX,2015-09-05,95.0,81.0,0.0,7.383648,141.29848,33.4372,47.380455,60.4858,14.0
PHX,2015-09-06,104.0,83.0,0.0,4.3102727,96.68896,21.1922,35.57379,54.6256,9.0
PHX,2015-09-07,98.0,85.0,0.0001,4.419287,118.05626,25.5055,34.257324,43.0701,11.0
PHX,2015-09-08,105.0,85.0,0.0,6.1698112,176.28175,18.5813,31.951717,51.6825,18.0
PHX,2015-09-09,96.0,84.0,0.0,5.4354486,266.20795,30.2611,43.489296,54.7739,12.0
PHX,2015-09-10,93.0,81.0,0.0001,7.018868,179.85246,34.5805,46.682762,59.135,16.0
PHX,2015-09-11,102.0,78.0,0.0,5.0545073,249.94888,22.6182,40.882404,66.4809,11.0
PHX,2015-09-12,107.0,83.0,0.0,5.077568,276.20187,18.5983,31.39736,50.9659,15.0
PHX,2015-09-13,103.0,78.0,0.27,6.889588,182.13922,17.8384,34.826183,71.7228,18.0
PHX,2015-09-14,98.0,76.0,0.11,6.357093,114.07296,28.4766,57.83333,84.9155,38.0
PHX,2015-09-15,97.0,79.0,0.0,5.677149,203.92369,25.3753,43.335976,74.0652,10.0
PHX,2015-09-16,98.0,78.0,0.0,7.1320753,194.98746,23.7318,35.527966,55.7042,13.0
PHX,2015-09-17,98.0,76.0,0.0,4.192872,39.739346,20.654,33.316677,51.7557,9.0
PHX,2015-09-18,101.0,77.0,0.0,3.8322852,303.04456,12.5166,26.067932,43.6849,7.0
PHX,2015-09-19,103.0,79.0,0.0,5.6184487,124.934456,12.936,21.87485,36.2543,14.0
PHX,2015-09-20,103.0,82.0,0.0,5.865828,126.50298,18.945,31.759092,48.9304,14.0
PHX,2015-09-21,92.0,76.0,0.0001,6.8008385,96.50078,40.604,59.777348,68.7828,18.0
PHX,2015-09-22,93.0,74.0,0.41,5.902865,102.46967,39.4689,62.470734,78.723,15.0
PHX,2015-09-23,97.0,72.0,0.0,3.0649896,192.31812,25.3753,46.946796,76.3059,6.0
PHX,2015-09-24,104.0,77.0,0.0,3.9937108,123.40618,17.2734,35.05457,57.8744,9.0
PHX,2015-09-25,103.0,82.0,0.0,8.1090145,111.96933,15.7302,28.215605,43.0701,14.0
PHX,2015-09-26,105.0,82.0,0.0,6.3354297,118.51143,15.6748,25.96237,38.391,14.0
PHX,2015-09-27,104.0,81.0,0.0,4.4905663,110.1092,15.2822,24.08527,31.5713,8.0
PHX,2015-09-28,104.0,80.0,0.0,4.7610064,187.25795,15.9157,28.206282,38.0838,9.0
PHX,2015-09-29,103.0,79.0,0.0,3.9412997,171.12938,15.6993,28.412462,43.5648,7.0
PHX,2015-09-30,106.0,78.0,0.0,4.5324945,106.24008,10.9531,24.557123,41.8585,8.0
PHX,2015-10-01,106.0,77.0,0.0,6.480084,134.11128,9.68197,19.848028,32.2217,12.0
PHX,2015-10-02,98.0,75.0,0.0,6.122016,256.22153,12.2991,22.789848,35.6693,15.0
PHX,2015-10-03,95.0,70.0,0.0,4.1509433,162.62476,11.4245,21.585281,37.8072,7.0
PHX,2015-10-04,95.0,70.0,0.02,10.566038,183.14594,20.2679,35.920113,78.4937,18.0
PHX,2015-10-05,89.0,68.0,0.07,8.702364,239.89233,31.104,45.666023,73.0935,18.0
PHX,2015-10-06,80.0,65.0,0.16,5.4716983,8.004894,46.4948,70.0427,87.0542,15.0
PHX,2015-10-07,83.0,64.0,0.0,3.2515724,302.56396,38.0008,58.544426,86.9986,8.0
PHX,2015-10-08,92.0,66.0,0.0,3.2704403,150.99008,22.8879,45.19461,72.8116,6.0
PHX,2015-10-09,95.0,74.0,0.0,6.6708593,103.02706,20.2387,33.591667,53.3662,14.0
PHX,2015-10-10,95.0,73.0,0.0,3.7777777,90.258064,24.1167,34.45704,47.890324,11.0
PHX,2015-10-11,98.0,74.0,0.0,4.2767296,200.48343,18.7982,33.71424,48.3407,9.0
PHX,2015-10-12,97.0,75.0,0.0,3.3501093,217.09605,21.7925,34.49842,51.4696,9.0
PHX,2015-10-13,98.0,75.0,0.0,3.731656,281.3288,21.0806,34.892685,49.8145,10.0
PHX,2015-10-14,100.0,76.0,0.0,3.9832284,126.720406,17.9306,32.442818,46.6366,8.0
PHX,2015-10-15,96.0,76.0,0.0,5.1614256,121.52117,19.4206,29.143667,43.2147,8.0
PHX,2015-10-16,97.0,74.0,0.02,8.220824,114.61043,20.9324,44.574173,70.8797,24.0
PHX,2015-10-17,89.0,72.0,0.02,7.821803,84.18179,31.4066,47.925114,68.568,14.0
PHX,2015-10-18,92.0,71.0,0.32,6.230608,123.954,32.9712,58.633957,81.7121,17.0
PHX,2015-10-19,86.0,68.0,0.0,3.5555556,145.73727,32.3647,60.988712,93.3839,8.0
PHX,2015-10-20,81.0,67.0,0.0001,6.193571,247.94287,37.2957,55.4864,73.3022,32.0
PHX,2015-10-21,77.0,64.0,0.0001,5.30608,132.62807,34.6141,58.63884,86.952,12.0
PHX,2015-10-22,79.0,61.0,0.0,3.36478,219.78261,33.3361,52.614765,75.1442,6.0
PHX,2015-10-23,84.0,63.0,0.0,3.2285116,177.14581,28.6044,48.304054,72.5256,11.0
PHX,2015-10-24,90.0,64.0,0.0,4.2767296,89.14937,16.5444,34.48137,64.8351,10.0
PHX,2015-10-25,88.0,69.0,0.0,4.6121593,105.482086,23.392,34.045254,46.1732,10.0
PHX,2015-10-26,91.0,67.0,0.0,3.2285116,247.32217,20.6923,37.940414,63.0756,7.0
PHX,2015-10-27,89.0,65.0,0.0,3.8805032,138.30992,15.2786,32.636715,52.2226,9.0
PHX,2015-10-28,87.0,68.0,0.0,4.402516,113.429565,19.4288,32.779495,48.7675,8.0
PHX,2015-10-29,81.0,65.0,0.06,8.064989,90.839005,26.868,47.096603,67.6882,20.0
PHX,2015-10-30,79.0,60.0,0.04,4.383648,4.3674445,23.5814,50.024223,92.5642,12.0
PHX,2015-10-31,83.0,57.0,0.0,3.5031447,206.98044,17.4458,36.216446,62.3257,8.0
PHX,2015-11-01,85.0,59.0,0.0,4.4486375,110.91426,19.4288,37.52635,57.5704,9.0
PHX,2015-11-02,88.0,61.0,0.0,5.7190776,112.27727,17.0032,35.184784,57.8443,9.0
PHX,2015-11-03,83.0,63.0,0.0001,10.719077,221.69305,26.32,34.026936,44.6436,21.0
PHX,2015-11-04,69.0,54.0,0.04,6.8679247,195.90338,31.8004,59.35421,83.2074,13.0
PHX,2015-11-05,66.0,50.0,0.0001,4.1320753,354.89905,30.3231,57.682407,89.1731,8.0
PHX,2015-11-06,74.0,48.0,0.0,3.9580712,274.17535,17.016,42.987156,70.9534,9.0
PHX,2015-11-07,80.0,50.0,0.0,2.490566,252.73302,16.444,34.370052,56.0514,10.0
PHX,2015-11-08,83.0,56.0,0.0,2.7002096,150.85669,19.1586,33.442036,47.862,9.0
PHX,2015-11-09,81.0,56.0,0.0,4.90566,120.533615,13.6855,36.98227,59.5762,9.0
PHX,2015-11-10,71.0,55.0,0.0,8.670859,252.15869,22.2123,35.431927,50.7183,19.0
PHX,2015-11-11,69.0,48.0,0.0,3.1194968,256.76016,17.2399,30.86923,48.3386,7.0
PHX,2015-11-12,77.0,46.0,0.0,2.8092244,68.40999,9.38454,27.893211,53.4674,10.0
PHX,2015-11-13,80.0,50.0,0.0,4.9895177,48.72526,8.92407,21.682894,39.7222,16.0
PHX,2015-11-14,78.0,52.0,0.0,3.2033544,140.557,12.8552,25.88524,39.7222,6.0
PHX,2015-11-15,66.0,57.0,0.17,5.6261353,119.28787,29.2033,60.017372,93.0771,11.0
PHX,2015-11-16,60.0,51.0,0.04,12.150944,265.81003,32.928,47.871323,83.3381,21.0
PHX,2015-11-17,63.0,45.0,0.0,4.209644,250.74889,25.2373,41.227085,62.8737,8.0
PHX,2015-11-18,66.0,45.0,0.0,3.7379456,103.13912,23.6763,47.88111,73.5946,7.0
PHX,2015-11-19,76.0,46.0,0.0,3.3542976,231.23232,22.316,47.23742,73.1847,8.0
PHX,2015-11-20,79.0,50.0,0.0,3.0356395,112.813156,15.8487,38.858784,59.5762,7.0
PHX,2015-11-21,82.0,50.0,0.0,6.8574424,54.09825,11.1757,29.658985,71.1855,14.0
PHX,2015-11-22,80.0,55.0,0.0,5.9161425,71.8212,13.4505,21.7434,43.8471,15.0
PHX,2015-11-23,81.0,54.0,0.0,2.3060796,119.26497,14.7167,30.941288,49.2596,12.0
PHX,2015-11-24,79.0,53.0,0.0,4.958071,109.922195,16.6823,35.698334,52.6135,10.0
PHX,2015-11-25,72.0,57.0,0.0,7.400419,66.160164,25.8487,32.500454,42.1428,12.0
PHX,2015-11-26,64.0,50.0,0.0,3.5639412,300.929,27.5262,41.581497,63.3341,10.0
PHX,2015-11-27,63.0,42.0,0.0,4.245283,20.895174,26.2205,42.67374,64.3466,8.0
PHX,2015-11-28,63.0,42.0,0.0,3.3228512,236.78891,24.4495,40.562935,59.928104,7.0
PHX,2015-11-29,62.0,41.0,0.0,3.144654,260.57532,22.178995,40.10389,64.3466,10.0
PHX,2015-11-30,61.0,39.0,0.0,2.683438,219.32727,16.9755,35.616497,59.501007,6.0
PHX,2015-12-01,65.0,38.0,0.0,2.8511531,172.3008,16.7219,33.957317,53.0317,5.0
PHX,2015-12-02,71.0,38.0,0.0,2.2641509,112.23173,9.16802,29.774942,54.813,6.0
PHX,2015-12-03,77.0,42.0,0.0,2.5324948,106.63755,7.59818,23.827765,43.4898,5.0
PHX,2015-12-04,73.0,47.0,0.0,3.6163523,116.72313,13.8576,25.596807,38.7422,8.0
PHX,2015-12-05,75.0,46.0,0.0,3.3962264,97.49258,10.5119,27.735672,49.1863,6.0
PHX,2015-12-06,79.0,44.0,0.0,2.0356395,93.90434,9.98047,25.922998,43.3411,5.0
PHX,2015-12-07,79.0,50.0,0.0,2.6415095,45.012146,10.5501,26.469028,44.4811,10.0
PHX,2015-12-08,75.0,48.0,0.0,3.2809224,97.28301,14.0987,30.343683,46.284,7.0
PHX,2015-12-09,73.0,49.0,0.0,3.4486372,97.75125,17.922,32.909763,45.9679,8.0
PHX,2015-12-10,78.0,50.0,0.0,4.4968553,107.12942,16.4252,35.507256,56.0514,9.0
PHX,2015-12-11,67.0,54.0,0.03,5.4486375,161.79329,33.7451,41.157192,69.0806,12.0
PHX,2015-12-12,62.0,46.0,0.02,8.405311,271.6796,39.0091,66.57205,86.3033,21.0
PHX,2015-12-13,61.0,40.0,0.0,3.8993711,114.25127,27.2146,61.22308,92.5904,7.0
PHX,2015-12-14,55.0,43.0,0.16,7.1097136,254.86769,39.7222,60.91687,89.5622,13.0
PHX,2015-12-15,55.0,37.0,0.0,3.4842768,208.59946,31.0913,60.085373,88.6626,8.0
PHX,2015-12-16,56.0,35.0,0.0,3.0712788,148.39653,28.2483,54.773838,81.7205,8.0
PHX,2015-12-17,58.0,36.0,0.0,2.5995808,96.565506,26.5897,51.17635,69.856,7.0
PHX,2015-12-18,71.0,38.0,0.0,3.2452831,96.49301,16.2628,43.537537,69.9581,8.0
PHX,2015-12-19,66.0,47.0,0.0,3.6289308,115.335686,24.7349,38.271206,53.6295,8.0
PHX,2015-12-20,65.0,44.0,0.0,4.192872,1.8742828,33.7451,49.041187,63.132,8.0
PHX,2015-12-21,62.0,43.0,0.0,3.4192872,109.92209,30.7976,53.084076,73.5946,8.0
PHX,2015-12-22,57.0,45.0,0.0,6.5450735,91.42136,43.3576,63.0429,73.8872,13.0
PHX,2015-12-23,67.0,53.0,0.0,4.4486375,83.18862,54.0127,69.039955,82.9414,8.0
PHX,2015-12-24,67.0,52.0,0.0,4.69392,69.88576,48.1659,67.88437,89.2615,8.0
PHX,2015-12-25,61.0,43.0,0.0,6.6708593,250.5006,14.84,46.687904,86.0182,15.0
PHX,2015-12-26,56.0,37.0,0.0,11.102725,355.78848,12.9714,26.214825,45.5833,21.0
PHX,2015-12-27,59.0,35.0,0.0,2.4360588,247.68372,16.0321,27.204197,45.2552,6.0
PHX,2015-12-28,59.0,38.0,0.0,3.3291404,118.68226,26.9024,42.247993,57.0388,10.0
PHX,2015-12-29,56.0,42.0,0.0,4.2997904,290.3945,32.4579,45.370396,57.3458,12.0
PHX,2015-12-30,60.0,37.0,0.0,3.6519916,155.31665,21.7558,43.670723,64.2866,6.0
PHX,2015-12-31,62.0,35.0,0.0,3.125786,271.2635,22.0511,39.482857,64.029,8.0
PHX,2016-01-01,67.0,36.0,0.0,1.1551362,216.41185,26.8106,41.871162,59.2215,6.0
PHX,2016-01-02,70.0,47.0,0.0,7.341719,90.51566,22.2572,38.23664,54.1539,15.0
PHX,2016-01-03,72.0,53.0,0.0,7.9832287,84.50752,23.1075,33.026463,46.4556,14.0
PHX,2016-01-04,62.0,53.0,0.27,7.264151,104.88747,31.8521,62.00515,92.9613,15.0
PHX,2016-01-05,57.0,52.0,0.11,7.0726767,106.04139,80.4037,88.551865,96.7569,10.0
PHX,2016-01-06,60.0,50.0,0.15,6.329839,180.20888,47.3885,69.685165,93.0196,12.0
PHX,2016-01-07,54.0,47.0,0.6,5.463312,145.62306,66.175,83.23911,92.8699,16.0
PHX,2016-01-08,56.0,45.0,0.0001,3.7547169,232.99748,54.5089,73.769775,88.99294,10.0
PHX,2016-01-09,59.0,41.0,0.0,3.4968553,94.14159,43.6749,71.678024,92.6533,6.0
PHX,2016-01-10,56.0,44.0,0.0,4.371069,166.16663,46.7686,67.27746,83.0928,8.0
PHX,2016-01-11,61.0,40.0,0.0,2.6645703,200.2692,22.7678,59.314747,92.5904,6.0
PHX,2016-01-12,66.0,38.0,0.0,3.9643605,71.42627,15.0126,43.917095,73.1908,13.0
PHX,2016-01-13,66.0,40.0,0.0,2.7421384,122.558655,18.4672,43.581947,76.3232,7.0
PHX,2016-01-14,64.0,41.0,0.0,4.245283,100.69279,27.3846,49.632477,70.2012,7.0
PHX,2016-01-15,60.0,43.0,0.0,5.6708593,83.66297,34.3356,54.990005,73.5946,13.0
PHX,2016-01-16,62.0,40.0,0.0,3.2935011,146.97339,33.425,55.204357,82.0931,6.0
PHX,2016-01-17,68.0,44.0,0.0,3.461216,110.413155,29.3921,54.06192,76.1625,8.0
PHX,2016-01-18,68.0,45.0,0.0,3.9874213,116.25153,27.1468,51.339134,73.7934,10.0
PHX,2016-01-19,69.0,43.0,0.0001,4.0,87.69323,25.0368,46.531544,73.5946,13.0
PHX,2016-01-20,72.0,47.0,0.0,3.3773584,160.83614,29.874,50.595566,73.7934,8.0
PHX,2016-01-21,71.0,43.0,0.0,3.9937108,46.968304,10.9342,35.6656,68.2778,17.0
PHX,2016-01-22,76.0,45.0,0.0,2.5157232,86.420334,10.1383,26.589334,45.7946,11.0
PHX,2016-01-23,73.0,51.0,0.0,4.383648,168.42792,13.8576,28.139051,46.284,9.0
PHX,2016-01-24,67.0,45.0,0.0,4.486373,241.71779,20.3614,38.990604,62.8737,9.0
PHX,2016-01-25,67.0,48.0,0.0,3.9937108,107.00261,20.7761,36.924942,54.1539,11.0
PHX,2016-01-26,71.0,42.0,0.0,4.251572,24.382658,9.31398,21.907381,50.9361,8.0
PHX,2016-01-27,70.0,43.0,0.0,4.2997904,43.576958,9.45465,21.505909,38.2317,9.0
PHX,2016-01-28,72.0,46.0,0.0,3.587002,147.47227,13.1257,29.847464,51.0338,8.0
PHX,2016-01-29,72.0,45.0,0.0,3.8322852,114.894875,17.6671,34.652798,51.5491,9.0
PHX,2016-01-30,74.0,47.0,0.0,4.8385744,96.924644,16.5219,35.12437,58.0651,10.0
PHX,2016-01-31,76.0,49.0,0.18,9.412998,177.99094,21.087013,38.724358,86.413,25.0
PHX,2016-02-01,55.0,45.0,0.0,13.197065,257.08398,35.8891,42.502384,48.3386,22.0
PHX,2016-02-02,55.0,37.0,0.0,7.2578616,273.07263,14.196,37.034344,67.2085,13.0
PHX,2016-02-03,57.0,34.0,0.0,2.5157232,41.738487,17.9179,37.986526,66.9665,5.0
PHX,2016-02-04,64.0,38.0,0.0,5.041929,22.705713,10.2649,25.724737,48.2118,13.0
PHX,2016-02-05,69.0,39.0,0.0,4.119497,58.933025,11.8242,25.3768,48.7017,9.0
PHX,2016-02-06,74.0,43.0,0.0,4.4675055,65.50944,8.26405,23.14815,46.7295,16.0
PHX,2016-02-07,79.0,47.0,0.0,3.731656,358.422,11.0483,23.238737,43.6651,8.0
PHX,2016-02-08,85.0,50.0,0.0,5.9119496,62.27296,8.3045,20.764585,42.7176,14.0
PHX,2016-02-09,86.0,59.0,0.0,7.3291407,63.488773,7.71683,16.508791,25.8852,14.0
PHX,2016-02-10,86.0,54.0,0.0,3.5073376,97.2383,10.2894,20.520962,36.9599,12.0
PHX,2016-02-11,85.0,55.0,0.0,3.7547169,113.06457,11.506,26.676245,43.5309,9.0
PHX,2016-02-12,87.0,55.0,0.0,4.5870023,126.01848,8.73212,26.173044,48.4689,8.0
PHX,2016-02-13,87.0,53.0,0.0,3.7484276,124.7511,9.03943,25.476538,43.2128,9.0
PHX,2016-02-14,82.0,52.0,0.0,3.8155136,135.54472,12.0451,26.815382,48.16,8.0
PHX,2016-02-15,85.0,52.0,0.0,2.7714884,226.70862,11.082,25.508972,45.2647,7.0
PHX,2016-02-16,87.0,55.0,0.0,3.8197064,67.271095,11.3246,26.667175,48.4689,8.0
PHX,2016-02-17,90.0,57.0,0.0,4.825996,109.164566,11.1193,25.53084,42.1428,8.0
PHX,2016-02-18,82.0,57.0,0.0,6.023061,83.05401,12.2376,25.108536,42.1428,10.0
PHX,2016-02-19,81.0,59.0,0.0,4.4486375,102.8001,12.0451,24.89232,36.1895,8.0
PHX,2016-02-20,86.0,54.0,0.0,4.0356393,251.6618,9.83169,24.550314,43.0386,8.0
PHX,2016-02-21,86.0,54.0,0.0,3.3291404,259.11102,10.0878,23.949644,43.5309,12.0
PHX,2016-02-22,85.0,53.0,0.0,9.366877,285.9624,8.0875,22.496897,41.8232,23.0
PHX,2016-02-23,74.0,57.0,0.0,5.802935,338.46503,8.67369,15.160989,24.764,11.0
PHX,2016-02-24,77.0,53.0,0.0,5.389937,46.3405,10.2314,17.976288,29.3451,16.0
PHX,2016-02-25,84.0,52.0,0.0,3.6645703,158.40956,7.8134,19.85861,38.0106,10.0
PHX,2016-02-26,88.0,57.0,0.0,4.0901465,107.27327,6.22335,18.818268,35.6913,10.0
PHX,2016-02-27,87.0,58.0,0.0,3.9937108,114.274414,8.22297,19.293476,31.8521,7.0
PHX,2016-02-28,86.0,57.0,0.0,4.825996,121.64937,9.46422,20.48094,32.928,9.0
PHX,2016-02-29,88.0,59.0,0.0,4.784067,134.73332,9.17595,21.249414,33.1037,8.0
PHX,2016-03-01,89.0,59.0,0.0,4.7379456,129.2254,9.93955,22.170246,36.1895,8.0
PHX,2016-03-02,90.0,58.0,0.0,4.6645703,104.81481,9.46422,21.004412,36.0433,9.0
PHX,2016-03-03,91.0,59.0,0.0,4.0062895,103.78628,8.19881,19.63607,34.8324,7.0
PHX,2016-03-04,88.0,60.0,0.0,3.874214,92.90136,6.99227,17.29795,29.5201,7.0
PHX,2016-03-05,80.0,57.0,0.0,4.1614256,81.27401,11.0792,18.949448,29.2475,8.0
PHX,2016-03-06,80.0,63.0,0.0,7.7672954,216.95845,17.1844,27.121597,40.3866,19.0
PHX,2016-03-07,71.0,52.0,0.0,6.8742137,266.75378,18.0574,29.93443,41.6969,13.0
PHX,2016-03-08,73.0,52.0,0.0,6.72956,266.7525,17.6671,33.43748,50.2782,11.0
PHX,2016-03-09,80.0,52.0,0.0,3.60587,217.6361,11.7044,25.71992,46.284,7.0
PHX,2016-03-10,85.0,54.0,0.0,3.5136268,112.50516,8.12554,20.220879,39.609,8.0
PHX,2016-03-11,85.0,58.0,0.0,5.802935,153.96246,9.83169,19.073462,30.5306,13.0
PHX,2016-03-12,72.0,53.0,0.0,9.027254,259.68878,19.1701,31.084124,46.4556,30.0
PHX,2016-03-13,78.0,52.0,0.0,4.8197064,128.0482,15.1597,29.530039,46.284,8.0
PHX,2016-03-14,79.0,54.0,0.0,5.293501,267.90314,21.8108,31.738945,44.7982,13.0
PHX,2016-03-15,85.0,56.0,0.0,4.0356393,260.21298,9.74212,27.316269,52.9087,8.0
PHX,2016-03-16,87.0,56.0,0.0,3.316562,191.56488,6.99227,16.405882,32.7814,8.0
PHX,2016-03-17,88.0,57.0,0.0,4.880503,158.42511,6.99227,16.70001,28.4515,10.0
PHX,2016-03-18,89.0,56.0,0.0,5.557652,279.69424,8.11833,16.596415,27.9646,12.0
PHX,2016-03-19,90.0,60.0,0.0,4.1425576,108.00595,7.07576,19.97507,34.9087,8.0
PHX,2016-03-20,91.0,61.0,0.0,4.8385744,110.150444,8.83299,18.45772,29.5624,9.0
PHX,2016-03-21,92.0,63.0,0.0,5.7861633,221.87325,7.92346,16.35945,27.696,11.0
PHX,2016-03-22,81.0,64.0,0.0,9.067086,248.97081,12.7022,17.948107,27.3147,18.0
PHX,2016-03-23,75.0,59.0,0.0,10.6729555,299.99344,6.37955,13.852452,30.4796,21.0
PHX,2016-03-24,80.0,52.0,0.0,3.7064989,243.17467,7.77235,16.836113,34.7153,11.0
PHX,2016-03-25,85.0,54.0,0.0,5.293501,210.36047,7.54566,16.649273,33.762,10.0
PHX,2016-03-26,86.0,57.0,0.0,7.1027255,232.09137,7.55766,16.048582,27.9646,13.0
PHX,2016-03-27,87.0,58.0,0.0,6.2809224,213.29922,7.54566,13.807862,22.7781,11.0
PHX,2016-03-28,84.0,61.0,0.0,8.696016,196.52435,16.355,25.110096,34.9087,14.0
PHX,2016-03-29,70.0,56.0,0.0,9.490566,251.77693,15.8638,27.715593,39.1547,16.0
PHX,2016-03-30,69.0,52.0,0.0,5.591195,228.10413,16.9877,27.255554,42.7176,12.0
PHX,2016-03-31,73.0,50.0,0.0,5.041929,243.64975,15.5395,27.664827,47.6785,11.0
PHX,2016-04-01,79.0,52.0,0.0,4.3773584,83.35343,14.4732,23.19822,34.8936,8.0
PHX,2016-04-02,83.0,57.0,0.0,4.251572,109.39624,8.76682,19.737965,34.3356,8.0
PHX,2016-04-03,89.0,59.0,0.0,4.821803,117.585976,7.11482,16.023062,28.099085,10.0
PHX,2016-04-04,92.0,59.0,0.0,4.4129977,62.753475,6.80643,15.454865,30.8494,8.0
PHX,2016-04-05,92.0,61.0,0.0,4.628931,143.91476,7.70195,14.594821,23.5403,9.0
PHX,2016-04-06,97.0,65.0,0.0,4.9517817,91.17401,4.072,10.746491,24.125,11.0
PHX,2016-04-07,90.0,67.0,0.02,5.670161,197.70929,6.12903,16.243143,67.7898,19.0
PHX,2016-04-08,82.0,62.0,0.23,8.283019,195.43317,28.002,57.85627,93.2205,17.0
PHX,2016-04-09,83.0,63.0,0.0,6.251572,156.78207,20.8894,42.29286,72.4172,12.0
PHX,2016-04-10,73.0,56.0,0.26,7.4199862,176.24344,26.6244,58.942608,93.0458,22.0
PHX,2016-04-11,77.0,55.0,0.0,4.4549265,128.36102,30.4949,56.724976,90.0283,7.0
PHX,2016-04-12,82.0,59.0,0.0,2.7840672,252.37485,21.4549,44.496067,77.4943,12.0
PHX,2016-04-13,86.0,62.0,0.0,3.8993711,154.10732,17.081,34.45272,57.6007,8.0
PHX,2016-04-14,89.0,64.0,0.0,7.5220127,244.38687,14.029,26.792456,44.9532,14.0
PHX,2016-04-15,83.0,64.0,0.0,13.962264,280.2997,6.27048,20.041912,37.1471,30.0
PHX,2016-04-16,81.0,57.0,0.0,6.9454927,281.23215,11.9245,18.822903,29.2033,12.0
PHX,2016-04-17,82.0,63.0,0.0,6.077568,51.570915,12.0451,18.854233,28.7657,10.0
PHX,2016-04-18,86.0,60.0,0.0,5.0545073,116.30732,8.69849,16.320415,29.6926,12.0
PHX,2016-04-19,90.0,63.0,0.0,5.639413,132.9605,7.24553,14.192297,23.8395,11.0
PHX,2016-04-20,94.0,64.0,0.0,5.5870023,91.939285,5.41429,15.580456,30.3231,8.0
PHX,2016-04-21,97.0,65.0,0.0,4.8742137,127.56529,5.26528,12.987429,27.8373,10.0
PHX,2016-04-22,97.0,69.0,0.0,6.5408807,244.87982,6.89291,14.492031,25.5221,17.0
PHX,2016-04-23,88.0,68.0,0.0,8.329141,259.2716,10.4795,20.779367,35.0424,17.0
PHX,2016-04-24,88.0,60.0,0.0,5.8742137,257.40387,6.4414,14.192193,27.5262,11.0
PHX,2016-04-25,81.0,67.0,0.0,13.463312,240.8748,4.74931,15.835074,32.2316,25.0
PHX,2016-04-26,77.0,57.0,0.0,6.710692,249.67175,15.6904,23.333603,37.2837,13.0
PHX,2016-04-27,83.0,60.0,0.0,6.6226416,183.06136,12.4737,20.607433,35.2293,12.0
PHX,2016-04-28,76.0,64.0,0.0,7.7987423,260.19748,11.4855,20.276354,32.8077,17.0
PHX,2016-04-29,82.0,64.0,0.0,7.5513625,248.50974,19.844,28.694826,36.8293,14.0
PHX,2016-04-30,82.0,62.0,0.0001,9.634147,130.9156,15.4077,34.81982,58.116,23.0
PHX,2016-05-01,79.0,59.0,0.0001,4.498606,101.11745,23.5814,41.382168,64.2179,11.0
PHX,2016-05-02,88.0,61.0,0.0,4.4993033,16.285057,15.0352,28.542883,49.8465,14.0
PHX,2016-05-03,94.0,64.0,0.0,3.8529618,202.80276,10.8407,23.305086,46.6747,10.0
PHX,2016-05-04,102.0,69.0,0.0,7.431359,160.5544,5.97549,14.949741,30.9502,17.0
PHX,2016-05-05,97.0,72.0,0.0,9.840592,185.12628,6.25342,13.067807,20.0015,25.0
PHX,2016-05-06,80.0,62.0,0.0,9.427177,249.97159,21.8113,37.624058,58.116,19.0
PHX,2016-05-07,77.0,58.0,0.0,6.43554,161.03476,24.4514,40.676834,66.7534,16.0
PHX,2016-05-08,81.0,61.0,0.05,5.35331,260.23453,21.1736,40.151447,77.7541,13.0
PHX,2016-05-09,86.0,62.0,0.0,4.3059235,281.7999,15.6565,29.559105,48.0004,12.0
PHX,2016-05-10,91.0,67.0,0.0,5.4968643,267.85794,10.6035,24.35985,41.9791,13.0
PHX,2016-05-11,95.0,70.0,0.0,4.4543552,312.91638,9.71681,21.145395,37.6356,11.0
PHX,2016-05-12,101.0,70.0,0.0,4.5289197,111.38335,5.9104,15.565334,29.874,11.0
PHX,2016-05-13,102.0,72.0,0.0,4.9449477,277.2676,7.54344,13.773644,23.881,11.0
PHX,2016-05-14,101.0,75.0,0.0,7.2989545,256.6177,11.545,18.007833,25.3322,21.0
PHX,2016-05-15,95.0,74.0,0.0,7.577933,230.91415,12.0519,19.352894,28.2041,17.0
PHX,2016-05-16,92.0,70.0,0.0,6.9825783,233.65637,14.7654,22.525316,32.6004,15.0
PHX,2016-05-17,91.0,70.0,0.0001,9.21115,276.77075,12.6978,22.663359,33.082916,29.0
PHX,2016-05-18,87.0,71.0,0.0001,5.7777004,325.19153,21.4173,33.04797,44.0605,13.0
PHX,2016-05-19,94.0,70.0,0.0,5.2494774,121.286476,15.7676,27.427387,42.1727,10.0
PHX,2016-05-20,99.0,72.0,0.0,10.034146,197.05411,8.69407,19.70097,35.3565,18.0
PHX,2016-05-21,94.0,73.0,0.0,9.691522,199.4211,9.36189,18.789288,32.9129,19.0
PHX,2016-05-22,89.0,68.0,0.0,6.6902437,239.27492,8.66541,19.415995,31.9178,15.0
PHX,2016-05-23,89.0,66.0,0.0,5.3303137,236.09158,9.3325,14.415052,24.7349,12.0
PHX,2016-05-24,90.0,68.0,0.0,6.8487806,246.71904,10.6359,17.216105,28.4858,16.0
PHX,2016-05-25,91.0,66.0,0.0,8.147038,225.60506,6.27888,16.741295,29.3921,17.0
PHX,2016-05-26,85.0,65.0,0.0,5.496167,240.3328,12.9333,21.439667,38.4198,14.0
PHX,2016-05-27,93.0,67.0,0.0,4.5756097,203.73816,9.628977,18.735424,30.808,11.0
PHX,2016-05-28,97.0,69.0,0.0,5.595819,188.59651,7.58477,15.915448,28.6264,15.0
PHX,2016-05-29,98.0,72.0,0.0,7.3700347,224.97372,5.2247,14.043741,27.9291,17.0
PHX,2016-05-30,95.0,70.0,0.0,4.5191636,270.24246,5.13174,10.949012,21.087,12.0
PHX,2016-05-31,98.0,70.0,0.0,5.323345,252.20035,7.37853,12.277181,24.4373,13.0
PHX,2016-06-01,101.0,78.0,0.0,7.3422766,251.67516,7.99946,14.002794,22.7614,14.0
PHX,2016-06-02,108.0,77.0,0.0,5.8843207,262.34085,4.40695,12.915151,26.4048,16.0
PHX,2016-06-03,113.0,79.0,0.0,6.385366,263.63895,3.74847,10.946277,22.3798,16.0
PHX,2016-06-04,115.0,82.0,0.0,6.565505,254.99078,4.03492,8.54057,15.0352,15.0
PHX,2016-06-05,113.0,82.0,0.0,5.1804876,266.05698,3.82554,8.780923,17.1985,13.0
PHX,2016-06-06,111.0,82.0,0.0,6.371777,198.61874,5.31223,10.257435,19.4187,12.0
PHX,2016-06-07,107.0,80.0,0.0,6.7372823,173.33466,5.97079,11.483517,25.7847,13.0
PHX,2016-06-08,108.0,82.0,0.0,6.3672476,262.97107,10.4679,21.184824,34.3201,14.0
PHX,2016-06-09,105.0,83.0,0.0,8.4975605,274.57172,16.3501,25.540358,37.0755,17.0
PHX,2016-06-10,99.0,83.0,0.0001,8.954704,284.9163,24.6451,32.18418,43.1824,18.0
PHX,2016-06-11,104.0,79.0,0.0,8.104529,211.72374,19.698,34.934868,50.681,16.0
PHX,2016-06-12,103.0,75.0,0.0,6.912195,261.70163,9.2066,17.947277,31.2353,16.0
PHX,2016-06-13,100.0,79.0,0.0,5.7505226,263.1967,7.54344,11.632438,18.8775,14.0
PHX,2016-06-14,99.0,75.0,0.0,5.9763064,207.41129,5.6916,12.797625,23.5814,13.0
PHX,2016-06-15,101.0,74.0,0.0,6.7320557,244.30566,5.61274,12.471539,24.1445,16.0
PHX,2016-06-16,101.0,76.0,0.0,5.902439,150.1233,8.49271,13.654255,22.6083,11.0
PHX,2016-06-17,106.0,76.0,0.0,4.2641115,346.3728,5.18615,12.027395,21.0457,10.0
PHX,2016-06-18,111.0,76.0,0.0,5.555401,263.58548,5.0771,10.728863,20.4308,14.0
PHX,2016-06-19,118.0,84.0,0.0,5.0069685,261.43628,4.83097,10.585043,18.8746,13.0
PHX,2016-06-20,116.0,90.0,0.0,8.751916,215.44283,7.1173,12.1449375,19.5557,16.0
PHX,2016-06-21,111.0,89.0,0.0,7.48223,279.90033,10.3259,16.549742,24.6451,16.0
PHX,2016-06-22,112.0,88.0,0.0,6.608362,264.09354,10.7971,15.472321,20.653,18.0
PHX,2016-06-23,112.0,89.0,0.0,6.308014,151.94203,11.6412,17.33511,26.5372,21.0
PHX,2016-06-24,109.0,87.0,0.0,4.6787457,272.0498,10.6655,18.126556,31.4066,13.0
PHX,2016-06-25,108.0,85.0,0.0,4.2745643,280.67282,12.2149,17.980844,27.7639,13.0
PHX,2016-06-26,106.0,90.0,0.0,4.747735,243.36642,13.2663,22.54767,32.9712,11.0
PHX,2016-06-27,110.0,90.0,0.01,5.908711,35.337757,15.8878,25.11516,37.3965,16.0
PHX,2016-06-28,113.0,89.0,0.0001,6.0592337,115.35071,13.5061,23.322783,39.4689,13.0
PHX,2016-06-29,106.0,84.0,0.0,8.761672,119.01682,20.7844,30.373522,51.2489,22.0
PHX,2016-06-30,97.0,81.0,0.0,6.537979,136.90987,28.1833,45.03324,60.4858,17.0
PHX,2016-07-01,98.0,78.0,0.0001,8.922648,120.7236,35.1241,48.904438,69.1109,15.0
PHX,2016-07-02,104.0,82.0,0.0,8.163066,69.98267,19.5696,34.21069,54.5016,21.0
PHX,2016-07-03,107.0,86.0,0.0,6.1707315,269.3105,17.2942,24.912668,35.9494,13.0
PHX,2016-07-04,110.0,87.0,0.0,7.1923347,256.80695,11.6281,20.292164,31.4066,15.0
PHX,2016-07-05,111.0,86.0,0.0,5.733798,273.55084,9.71557,16.84362,27.9262,14.0
PHX,2016-07-06,107.0,85.0,0.0,7.2397213,278.1988,14.5745,21.13571,29.9639,17.0
PHX,2016-07-07,106.0,85.0,0.0,6.937979,275.45425,15.62,24.80987,37.3812,14.0
PHX,2016-07-08,109.0,84.0,0.0,5.425087,273.34357,10.7738,15.565819,22.1713,12.0
PHX,2016-07-09,111.0,87.0,0.0,6.7763066,268.3335,10.3259,16.30004,22.8879,14.0
PHX,2016-07-10,111.0,87.0,0.0,7.2111497,242.4991,5.66307,15.464465,29.2043,17.0
PHX,2016-07-11,110.0,86.0,0.0,6.5351915,268.43427,6.25365,12.281732,22.3249,16.0
PHX,2016-07-12,110.0,81.0,0.0,6.861324,248.59856,5.62799,13.534657,23.392,16.0
PHX,2016-07-13,109.0,85.0,0.0,4.6912894,280.0022,10.7738,17.181206,25.9351,11.0
PHX,2016-07-14,111.0,89.0,0.0,6.226481,278.58478,9.49766,17.17475,26.8298,13.0
PHX,2016-07-15,111.0,88.0,0.0,6.866202,278.7265,12.0116,17.999168,27.4345,14.0
PHX,2016-07-16,108.0,90.0,0.0,6.522648,295.81625,15.1595,20.640717,27.7291,13.0
PHX,2016-07-17,105.0,90.0,0.0001,7.0905924,202.54373,17.8384,23.63318,31.7083,18.0
PHX,2016-07-18,106.0,81.0,0.36,5.783275,121.01544,22.3167,38.624943,67.2191,34.0
PHX,2016-07-19,107.0,84.0,0.0,5.6668987,135.28609,18.8542,35.935333,56.9815,14.0
PHX,2016-07-20,108.0,85.0,0.0001,5.770035,106.29614,18.11,32.711937,53.0308,14.0
PHX,2016-07-21,112.0,88.0,0.0,4.432056,124.719154,15.3942,25.09059,37.8513,12.0
PHX,2016-07-22,112.0,91.0,0.0,7.2418118,91.017265,14.5337,22.425213,32.0092,22.0
PHX,2016-07-23,111.0,90.0,0.0,9.050174,267.67615,15.1228,23.4729,32.9224,16.0
PHX,2016-07-24,107.0,90.0,0.0,9.102439,275.1058,19.4635,26.249502,34.9881,15.0
PHX,2016-07-25,107.0,88.0,0.0,7.4529614,299.31235,19.4635,29.0158,40.604,15.0
PHX,2016-07-26,111.0,91.0,0.0,6.045993,269.62512,16.7749,24.123444,34.9881,14.0
PHX,2016-07-27,112.0,91.0,0.0,8.02439,209.86423,15.2286,27.355562,39.7697,17.0
PHX,2016-07-28,110.0,89.0,0.0,6.275958,152.85501,16.7749,26.466005,40.604,15.0
PHX,2016-07-29,112.0,77.0,0.53,10.535889,256.10526,15.1228,32.820164,79.0466,34.0
PHX,2016-07-30,101.0,80.0,0.0001,7.4069686,219.1826,28.154,43.772633,64.7712,18.0
PHX,2016-07-31,102.0,85.0,0.0,9.211324,286.5449,28.154,41.24593,54.8971,24.0
PHX,2016-08-01,100.0,80.0,0.0,6.6348433,176.86739,30.7189,45.14319,62.5339,16.0
PHX,2016-08-02,100.0,77.0,0.15,8.795122,119.92346,36.4048,59.314476,88.6689,26.0
PHX,2016-08-03,98.0,81.0,0.0,6.7630663,97.93693,39.053,56.854626,76.9034,20.0
PHX,2016-08-04,100.0,83.0,0.0,6.7519164,130.63087,35.1241,48.371,62.7745,13.0
PHX,2016-08-05,98.0,76.0,0.52,5.62079,69.95248,32.771,47.723274,90.2933,20.0
PHX,2016-08-06,106.0,84.0,0.0,5.2630663,113.97593,19.9883,36.49962,56.509,10.0
PHX,2016-08-07,109.0,86.0,0.0,6.0445995,138.06183,16.6414,29.24459,49.7919,12.0
PHX,2016-08-08,110.0,88.0,0.0,5.6940765,272.14813,10.4931,17.506956,30.4229,13.0
PHX,2016-08-09,97.0,77.0,0.22,7.8008385,164.33759,27.2627,44.069164,87.1241,29.0
PHX,2016-08-10,101.0,82.0,0.0001,4.9407663,191.1686,30.1837,47.73578,60.9838,18.0
PHX,2016-08-11,98.0,78.0,0.13,4.3651567,161.71555,36.4692,53.16004,81.4972,11.0
PHX,2016-08-12,105.0,82.0,0.0,7.3728223,287.20633,23.5183,37.11254,51.2489,13.0
PHX,2016-08-13,108.0,84.0,0.0,4.4223,120.30649,15.0317,29.607683,43.0701,17.0
PHX,2016-08-14,106.0,86.0,0.0,6.6390243,124.679726,18.5813,26.152388,35.9494,14.0
PHX,2016-08-15,110.0,86.0,0.0,5.560279,130.40642,16.3129,25.216558,37.3055,12.0
PHX,2016-08-16,111.0,87.0,0.0,7.6843204,97.22508,13.5061,23.82755,37.3055,17.0
PHX,2016-08-17,109.0,84.0,0.1,7.4745646,98.450775,11.8031,24.227177,51.4692,15.0
PHX,2016-08-18,104.0,82.0,0.01,7.529617,334.3398,17.6054,25.992273,44.5858,17.0
PHX,2016-08-19,104.0,79.0,0.0001,8.858537,275.7488,18.6862,28.75757,42.605,20.0
PHX,2016-08-20,100.0,80.0,0.0001,7.944251,291.90515,23.0158,35.98641,48.9304,28.0
PHX,2016-08-21,101.0,76.0,0.0,6.451568,158.65761,20.7763,34.70989,50.681,24.0
PHX,2016-08-22,100.0,79.0,0.0,6.630662,155.55782,23.2407,38.11975,52.1938,18.0
PHX,2016-08-23,96.0,74.0,0.1,8.110802,19.32538,25.219,41.40766,76.3059,18.0
PHX,2016-08-24,103.0,77.0,0.04,5.744251,54.036896,18.1859,35.22002,50.5508,22.0
PHX,2016-08-25,103.0,77.0,0.0,5.0337977,255.09003,17.46814,31.2218,53.95076,13.0
PHX,2016-08-26,98.0,80.0,0.0001,8.82439,50.95703,23.731827,32.670788,47.390186,18.0
PHX,2016-08-27,97.0,80.0,0.0,5.558188,32.517063,18.0123,29.236895,45.598328,14.0
PHX,2016-08-28,99.0,77.0,0.0,4.0229964,319.14847,15.7302,25.089157,41.8585,10.0
PHX,2016-08-29,105.0,79.0,0.0,4.252265,87.37593,12.2962,21.496939,35.7112,11.0
PHX,2016-08-30,107.0,84.0,0.0,6.2940764,97.191414,15.0317,23.147322,33.9195,14.0
PHX,2016-08-31,106.0,82.0,0.0,6.1519165,118.86903,19.1891,27.771185,36.0179,18.0
PHX,2016-09-01,104.0,87.0,0.0,6.762369,127.35246,23.7974,35.34518,46.35,18.0
PHX,2016-09-02,105.0,84.0,0.0,4.8390245,148.14754,18.4416,32.93705,47.8155,10.0
PHX,2016-09-03,106.0,83.0,0.0,7.481533,180.69926,9.37656,22.725466,41.2465,18.0
PHX,2016-09-04,101.0,76.0,0.0,6.8285713,174.41673,6.98055,13.542391,20.9915,12.0
PHX,2016-09-05,103.0,75.0,0.0,5.0229964,112.48392,8.7685,18.313547,32.2217,11.0
PHX,2016-09-06,101.0,78.0,0.0,6.7003484,199.16641,16.5241,24.67925,46.4831,16.0
PHX,2016-09-07,88.0,77.0,0.04,7.754007,262.49054,46.35,60.475147,81.922,14.0
PHX,2016-09-08,96.0,74.0,0.0,5.928223,240.37697,33.7375,55.82377,79.3669,13.0
PHX,2016-09-09,103.0,80.0,0.0,5.109408,272.0442,16.9106,35.95779,58.255,12.0
PHX,2016-09-10,104.0,82.0,0.0,3.787108,90.65778,15.4347,27.76262,45.5983,9.0
PHX,2016-09-11,105.0,80.0,0.0,5.8125434,202.14752,13.045,24.589493,38.0838,13.0
PHX,2016-09-12,101.0,83.0,0.0,6.529617,182.80864,19.8426,31.481318,43.068,14.0
PHX,2016-09-13,98.0,78.0,0.0,9.854704,183.02692,19.0452,35.215034,49.9391,17.0
PHX,2016-09-14,98.0,76.0,0.0,5.908711,245.93387,11.3357,28.764551,51.7557,14.0
PHX,2016-09-15,97.0,72.0,0.0,3.4466898,273.99652,8.2363,17.012383,29.1034,10.0
PHX,2016-09-16,97.0,70.0,0.0,4.549129,88.90915,7.87501,16.40592,28.6264,9.0
PHX,2016-09-17,100.0,73.0,0.0,3.7125435,113.05874,8.18527,15.478025,21.6084,10.0
PHX,2016-09-18,105.0,72.0,0.0,4.02439,117.904305,6.19927,15.139276,26.9284,10.0
PHX,2016-09-19,100.0,76.0,0.0,7.763763,236.04625,10.8694,22.28873,37.6857,19.0
PHX,2016-09-20,89.0,81.0,0.0001,8.137282,301.5268,37.3055,42.636414,49.3749,16.0
PHX,2016-09-21,100.0,76.0,0.0,6.778397,248.05754,27.8636,45.127193,58.6546,20.0
PHX,2016-09-22,87.0,73.0,0.26,5.7470384,240.88322,51.1205,67.30315,96.4172,22.0
PHX,2016-09-23,88.0,71.0,0.0,7.48223,274.9868,6.66809,22.74736,68.8991,15.0
PHX,2016-09-24,90.0,62.0,0.0,4.3073173,183.30792,12.2541,22.190187,35.1523,13.0
PHX,2016-09-25,95.0,67.0,0.0,5.071777,0.18762152,10.3903,20.191853,37.3199,14.0
PHX,2016-09-26,91.0,75.0,0.0001,8.721254,120.33567,19.1586,31.467873,57.4651,17.0
PHX,2016-09-27,88.0,71.0,0.0001,6.8062716,95.78333,25.9351,35.384148,42.4819,16.0
PHX,2016-09-28,96.0,70.0,0.0001,6.0536585,128.71121,25.219,37.968395,55.4917,14.0
PHX,2016-09-29,93.0,75.0,0.02,5.618467,75.567505,27.7291,42.04397,73.6791,12.0
PHX,2016-09-30,96.0,73.0,0.0,5.789547,80.350975,21.9426,39.073658,59.8401,13.0
PHX,2016-10-01,97.0,73.0,0.0,5.108711,124.13206,17.6758,34.158188,55.2824,11.0
PHX,2016-10-02,86.0,70.0,0.2,7.0891986,93.67395,37.2957,64.459015,84.1034,14.0
PHX,2016-10-03,86.0,67.0,0.0,6.9142857,243.53111,5.05232,39.74625,93.3546,14.0
PHX,2016-10-04,85.0,59.0,0.0,4.5191636,124.31789,11.8149,25.61815,45.738,11.0
PHX,2016-10-05,90.0,63.0,0.0,5.698258,116.37705,15.834,27.362352,39.8489,11.0
PHX,2016-10-06,90.0,67.0,0.0,3.543554,116.87579,12.9396,28.752058,46.9795,9.0
PHX,2016-10-07,97.0,65.0,0.0,2.8731706,32.896095,12.2991,25.418364,46.5218,10.0
PHX,2016-10-08,97.0,75.0,0.0,6.310453,96.85784,18.0293,27.260717,38.0838,14.0
PHX,2016-10-09,97.0,75.0,0.0,5.497561,86.749916,21.7925,32.10322,40.5352,13.0
PHX,2016-10-10,96.0,73.0,0.0,4.6271777,114.308815,15.356,28.777933,48.0447,9.0
PHX,2016-10-11,97.0,70.0,0.0,5.269338,100.42861,13.7187,24.696745,39.224,11.0
PHX,2016-10-12,92.0,67.0,0.0,4.727526,110.61801,7.79518,21.22776,37.3199,8.0
PHX,2016-10-13,95.0,67.0,0.0,4.4456444,113.60935,10.1584,19.875631,28.3519,9.0
PHX,2016-10-14,96.0,67.0,0.0,3.7797909,114.81035,9.55226,19.810003,30.6636,9.0
PHX,2016-10-15,94.0,67.0,0.0,4.188502,96.813675,12.494,20.877932,28.2353,9.0
PHX,2016-10-16,92.0,66.0,0.0,4.9219513,96.64387,14.5892,23.69402,34.3818,11.0
PHX,2016-10-17,91.0,66.0,0.0,5.173519,109.991745,18.3765,28.9862,40.3866,12.0
PHX,2016-10-18,90.0,66.0,0.0,4.357143,82.150894,20.1181,32.422844,48.4677,9.0
PHX,2016-10-19,93.0,65.0,0.0,3.641115,308.47757,14.3788,28.49289,46.6747,9.0
PHX,2016-10-20,97.0,63.0,0.0,5.426481,69.497795,7.45561,17.972717,34.8706,15.0
PHX,2016-10-21,97.0,73.0,0.0,5.3296165,85.58994,14.3671,22.390898,31.4324,15.0
PHX,2016-10-22,97.0,71.0,0.0,4.420209,102.41755,14.5745,24.095829,33.3361,10.0
PHX,2016-10-23,96.0,69.0,0.0,4.170035,96.9236,14.8522,28.107721,41.8617,8.0
PHX,2016-10-24,90.0,72.0,0.0,4.8132405,94.722725,26.5372,32.42699,38.0838,10.0
PHX,2016-10-25,92.0,69.0,0.0,3.8222997,127.68116,24.6451,40.16932,59.3231,11.0
PHX,2016-10-26,96.0,69.0,0.0,4.032056,105.26054,18.0123,35.11369,54.7291,11.0
PHX,2016-10-27,100.0,70.0,0.0,4.163763,153.55803,14.7027,27.615705,41.2149,9.0
PHX,2016-10-28,93.0,76.0,0.0,4.5965157,79.10381,18.6401,28.868933,41.8013,10.0
PHX,2016-10-29,96.0,68.0,0.0,4.550871,94.27104,17.2829,29.505573,45.121,9.0
PHX,2016-10-30,93.0,70.0,0.0,3.7986062,89.791336,20.3893,29.761951,39.8489,11.0
PHX,2016-10-31,86.0,68.0,0.0,6.2505226,271.31458,27.2319,36.72447,45.261,12.0
PHX,2016-11-01,82.0,66.0,0.0,4.3059235,292.65475,23.8724,29.8473,43.4438,9.0
PHX,2016-11-02,83.0,60.0,0.0,4.4223,257.38815,22.6959,29.772324,43.7091,9.0
PHX,2016-11-03,84.0,62.0,0.35,10.869686,69.456894,28.4342,49.967934,90.2477,25.0
PHX,2016-11-04,79.0,60.0,0.0,3.9595819,121.98401,40.2311,61.92616,89.4841,10.0
PHX,2016-11-05,82.0,61.0,0.0,2.831359,129.95245,31.5224,55.22987,80.5413,8.0
PHX,2016-11-06,84.0,61.0,0.0,4.8083625,114.44437,29.6355,52.11089,77.7214,9.0
PHX,2016-11-07,86.0,61.0,0.0,3.6585367,115.92271,27.442,49.164394,74.7545,8.0
PHX,2016-11-08,90.0,64.0,0.0,7.969338,85.39345,15.9239,30.243462,67.7589,16.0
PHX,2016-11-09,85.0,68.0,0.0,9.589547,84.2306,12.5969,23.136913,35.7604,18.0
PHX,2016-11-10,82.0,64.0,0.0,8.279094,77.05074,19.1534,25.729534,33.3907,15.0
PHX,2016-11-11,83.0,62.0,0.0,6.550523,75.669,22.3915,32.543526,43.9267,15.0
PHX,2016-11-12,84.0,62.0,0.0,4.532404,95.3644,19.1534,30.937328,45.8422,13.0
PHX,2016-11-13,85.0,58.0,0.0,2.5247388,123.95391,18.7358,33.985596,53.4016,8.0
PHX,2016-11-14,87.0,57.0,0.0,3.036237,114.90562,13.1487,31.206247,55.5499,8.0
PHX,2016-11-15,86.0,59.0,0.0,4.060627,107.76137,12.0616,28.096655,49.0422,9.0
PHX,2016-11-16,79.0,59.0,0.0,5.0188155,98.196365,17.1591,29.895893,42.5556,9.0
PHX,2016-11-17,72.0,56.0,0.0,6.6132402,266.3412,9.24576,22.227552,43.6094,13.0
PHX,2016-11-18,77.0,47.0,0.0,2.887108,10.504447,6.27465,18.18732,34.5697,11.0
PHX,2016-11-19,83.0,54.0,0.0,4.198258,90.39191,12.2932,20.577461,35.3607,12.0
PHX,2016-11-20,74.0,59.0,0.02,4.730314,194.89934,20.5387,43.170166,89.5692,15.0
PHX,2016-11-21,71.0,56.0,0.09,6.0439024,255.80194,43.5169,68.28194,96.1504,23.0
PHX,2016-11-22,71.0,51.0,0.0,3.7450638,75.17248,35.7604,59.284668,86.175,9.0
PHX,2016-11-23,74.0,51.0,0.0,3.6376307,246.98634,25.83,48.84127,79.9177,8.0
PHX,2016-11-24,77.0,49.0,0.0,3.0365853,299.1222,8.861,35.62758,71.1876,8.0
PHX,2016-11-25,81.0,48.0,0.0,5.087805,81.73047,11.9066,23.63571,40.7739,14.0
PHX,2016-11-26,70.0,60.0,0.0,6.266202,117.35499,27.2888,33.232925,44.4114,20.0
PHX,2016-11-27,66.0,49.0,0.22,7.8898954,243.57597,36.5165,52.94646,93.449,28.0
PHX,2016-11-28,57.0,47.0,0.0,4.110801,126.43089,43.4553,68.00579,93.0581,11.0
PHX,2016-11-29,62.0,44.0,0.0,5.1299653,276.29007,20.8826,48.215435,85.0564,14.0
PHX,2016-11-30,62.0,41.0,0.0,3.5832753,310.10797,18.6447,40.3817,67.0326,9.0
PHX,2016-12-01,62.0,43.0,0.0,3.8968642,140.5756,22.7324,39.711132,56.481037,8.0
PHX,2016-12-02,61.0,44.0,0.0,4.732404,68.21491,23.8107,41.56536,55.9371,9.0
PHX,2016-12-03,70.0,43.0,0.0,4.128223,265.2115,17.3878,36.44215,59.5019,12.0
PHX,2016-12-04,70.0,41.0,0.0,2.2334495,173.64424,9.99179,31.357618,61.9398,8.0
PHX,2016-12-05,69.0,44.0,0.0,4.396516,101.54319,15.1639,32.596783,53.0008,9.0
PHX,2016-12-06,65.0,46.0,0.0,4.4609756,84.88003,27.2402,45.919983,66.2371,10.0
PHX,2016-12-07,67.0,47.0,0.0,4.5292683,189.67427,43.3553,57.9526,76.5836,10.0
PHX,2016-12-08,68.0,45.0,0.0,2.3449478,252.95741,38.32062,55.29179,73.84703,6.0
PHX,2016-12-09,72.0,47.0,0.0,2.8731706,136.25342,27.5986,50.278976,73.3835,10.0
PHX,2016-12-10,72.0,47.0,0.0,2.5951219,113.64799,28.7105,47.68072,68.5054,7.0
PHX,2016-12-11,73.0,50.0,0.0,3.5498257,110.57326,28.7105,47.23786,65.9959,8.0
PHX,2016-12-12,74.0,51.0,0.0,3.3101046,99.01109,31.4748,48.107517,63.3788,9.0
PHX,2016-12-13,75.0,54.0,0.0,3.0146341,105.69393,31.8608,49.886147,63.8647,10.0
PHX,2016-12-14,76.0,51.0,0.0,2.9804878,110.171074,31.7888,50.045967,66.1288,10.0
PHX,2016-12-15,75.0,53.0,0.01,3.9149826,106.0191,28.2512,47.831482,70.073,10.0
PHX,2016-12-16,74.0,57.0,0.09,6.8466897,142.43004,38.9392,65.71281,93.0088,18.0
PHX,2016-12-17,67.0,44.0,0.0001,9.682927,261.31793,20.8826,33.386395,56.1174,24.0
PHX,2016-12-18,62.0,38.0,0.0,3.8236933,341.98642,17.933,39.605137,72.4535,10.0
PHX,2016-12-19,70.0,42.0,0.0,5.6027875,60.977978,18.9094,31.333544,46.6971,17.0
PHX,2016-12-20,73.0,50.0,0.0,3.7195122,67.31976,20.1171,32.801483,49.9762,12.0
PHX,2016-12-21,70.0,59.0,0.0001,5.6254354,95.234665,37.1439,47.484386,80.6085,11.0
PHX,2016-12-22,66.0,56.0,0.42,7.6688733,274.81226,64.9738,85.40326,100.0,17.0
PHX,2016-12-23,62.0,53.0,0.04,2.6961672,68.799194,64.5032,82.30917,96.4183,9.0
PHX,2016-12-24,63.0,45.0,0.19,8.383972,167.36908,51.4804,81.069595,89.6651,27.0
PHX,2016-12-25,55.0,40.0,0.0,4.4480834,209.3779,35.0485,62.43262,86.163,12.0
PHX,2016-12-26,62.0,38.0,0.0,2.784669,329.55737,26.2454,58.94622,88.8726,9.0
PHX,2016-12-27,70.0,42.0,0.0,2.0146341,273.427,28.3943,55.255074,81.9789,6.0
PHX,2016-12-28,64.0,46.0,0.0,1.8445992,270.7135,41.0886,64.87248,86.2763,7.0
PHX,2016-12-29,77.0,49.0,0.0,3.3930314,104.873886,19.2964,49.83972,86.0619,10.0
PHX,2016-12-30,72.0,51.0,0.19,5.5205574,106.67013,37.4955,58.21725,93.3172,17.0
PHX,2016-12-31,63.0,54.0,0.01,4.5609756,248.73111,61.911,81.79467,96.7575,11.0
PHX,2017-01-01,57.0,52.0,0.2,5.8209057,170.4751,71.4952,82.553215,93.2919,15.0
PHX,2017-01-02,58.0,47.0,0.0,4.183275,119.806015,47.0394,63.86925,86.2141,10.0
PHX,2017-01-03,61.0,45.0,0.0,2.6160278,112.78995,43.6094,66.215034,89.1962,9.0
PHX,2017-01-04,67.0,46.0,0.0,2.8745644,110.015366,34.1657,64.93425,89.9211,8.0
PHX,2017-01-05,68.0,47.0,0.0,4.5463414,114.93589,41.5523,61.92631,77.2582,9.0
PHX,2017-01-06,66.0,49.0,0.0,5.5080137,265.89676,25.6759,51.285954,82.7577,11.0
PHX,2017-01-07,66.0,43.0,0.0,3.0188153,71.21624,27.8536,49.54592,75.9265,11.0
PHX,2017-01-08,74.0,50.0,0.0,3.6655052,98.2939,26.1192,43.600967,60.7903,11.0
PHX,2017-01-09,67.0,52.0,0.0001,4.826481,112.143715,43.3553,56.708824,77.2062,13.0
PHX,2017-01-10,70.0,49.0,0.0,3.47108,106.64915,29.4359,57.991318,86.0619,9.0
PHX,2017-01-11,66.0,50.0,0.0,3.343554,55.774986,38.3206,53.44209,68.4568,8.0
PHX,2017-01-12,69.0,46.0,0.0,4.887805,84.650566,34.3517,57.260185,76.4836,9.0
PHX,2017-01-13,66.0,55.0,0.0,3.833798,130.38393,35.4399,49.463306,64.4708,10.0
PHX,2017-01-14,65.0,54.0,0.03,4.0397215,217.38858,47.3515,65.782036,86.6624,12.0
PHX,2017-01-15,60.0,50.0,0.0,5.4083624,255.1658,61.6527,75.82483,89.0387,11.0
PHX,2017-01-16,64.0,50.0,0.0,2.9756098,262.70776,45.8422,66.69126,82.7577,8.0
PHX,2017-01-17,63.0,45.0,0.0,2.3261323,259.67978,44.4114,67.37626,86.2141,7.0
PHX,2017-01-18,67.0,45.0,0.0,3.3567944,116.85052,38.3206,60.79389,85.7732,8.0
PHX,2017-01-19,57.0,47.0,0.01,5.1658535,106.01049,52.9441,71.54957,86.0619,9.0
PHX,2017-01-20,53.0,48.0,0.86,6.590941,127.380684,76.9423,87.87935,96.0004,14.0
PHX,2017-01-21,60.0,46.0,0.0001,11.941463,252.12485,35.8675,57.2506,71.6002,21.0
PHX,2017-01-22,61.0,44.0,0.0,6.14669,105.49692,42.2368,63.40284,82.1891,10.0
PHX,2017-01-23,63.0,49.0,0.0001,5.6062717,223.36708,45.3554,63.344566,83.4167,16.0
PHX,2017-01-24,58.0,42.0,0.0,4.4473867,245.35794,35.0485,58.551895,79.1912,13.0
PHX,2017-01-25,57.0,38.0,0.0,2.8480837,191.99242,31.4307,59.098473,88.8726,9.0
PHX,2017-01-26,58.0,37.0,0.0,3.9393728,261.6673,24.5199,48.82385,82.6576,12.0
PHX,2017-01-27,59.0,37.0,0.0,8.303136,15.929802,10.6908,28.106808,61.503,17.0
PHX,2017-01-28,64.0,35.0,0.0,3.640418,286.83112,15.3851,31.01108,61.623,10.0
PHX,2017-01-29,72.0,40.0,0.0,7.0494776,60.82623,13.2941,31.363377,62.0603,15.0
PHX,2017-01-30,76.0,44.0,0.0,3.5487804,96.01389,12.489,29.922215,51.5849,11.0
PHX,2017-01-31,74.0,47.0,0.0,3.8808362,124.29672,17.9275,37.87294,55.9371,9.0
PHX,2017-02-01,75.0,46.0,0.0,4.2,115.79527,16.0641,37.65474,60.6119,9.0
PHX,2017-02-02,73.0,49.0,0.0,3.558885,99.24763,18.3319,36.636772,54.2379,10.0
PHX,2017-02-03,72.0,50.0,0.0,2.7651567,109.15163,26.6306,44.431805,62.9806,10.0
PHX,2017-02-04,75.0,47.0,0.0,3.620209,97.98083,19.4488,43.70103,70.734,9.0
PHX,2017-02-05,76.0,46.0,0.0,2.9212544,117.17802,17.4522,37.443653,56.4503,9.0
PHX,2017-02-06,67.0,53.0,0.0,4.344948,94.45103,31.7292,43.220715,52.6956,10.0
PHX,2017-02-07,73.0,51.0,0.0,5.827526,96.419136,36.6953,52.983566,68.8595,11.0
PHX,2017-02-08,77.0,52.0,0.0,4.2181187,100.91389,35.9539,54.314213,79.9177,9.0
PHX,2017-02-09,82.0,54.0,0.0,3.2425086,135.86511,29.2336,51.75187,74.2702,10.0
PHX,2017-02-10,83.0,54.0,0.0,4.312892,119.731155,27.2439,48.55816,71.8086,10.0
PHX,2017-02-11,79.0,59.0,0.0,6.602439,292.24683,29.741,45.489044,60.3352,14.0
PHX,2017-02-12,74.0,60.0,0.0,7.8365855,299.54636,32.8405,48.70972,67.1905,16.0
PHX,2017-02-13,74.0,59.0,0.0,5.5142856,105.837456,31.1958,43.463993,57.3729,15.0
PHX,2017-02-14,74.0,57.0,0.0,4.093728,95.10595,26.9223,46.043446,71.9017,12.0
PHX,2017-02-15,75.0,59.0,0.0,8.341463,73.43775,17.4522,33.185337,53.6939,17.0
PHX,2017-02-16,75.0,52.0,0.0,3.8268292,112.70563,18.8687,36.727886,58.4843,10.0
PHX,2017-02-17,75.0,57.0,0.0,8.971429,145.3134,22.0575,35.156796,49.2565,15.0
PHX,2017-02-18,67.0,50.0,0.63,7.6069684,119.556854,38.3206,74.372536,92.1425,17.0
PHX,2017-02-19,60.0,50.0,0.21,5.818815,140.83997,69.1209,84.90817,92.8002,11.0
PHX,2017-02-20,69.0,50.0,0.0,4.239024,118.93293,45.1933,70.39172,92.8607,8.0
PHX,2017-02-21,76.0,52.0,0.0,3.308014,195.85526,38.4296,65.8459,92.8607,10.0
PHX,2017-02-22,77.0,54.0,0.0,5.209756,140.00818,32.1747,58.553143,92.9205,18.0
PHX,2017-02-23,63.0,47.0,0.0,9.048083,260.74408,17.9352,32.525753,52.3975,18.0
PHX,2017-02-24,64.0,43.0,0.0,3.7763066,234.81583,17.1007,39.045834,67.8161,12.0
PHX,2017-02-25,67.0,42.0,0.0,3.9059234,107.41375,16.2548,36.53634,62.2069,9.0
PHX,2017-02-26,70.0,52.0,0.0,5.149129,182.89577,21.3457,37.229984,56.6566,12.0
PHX,2017-02-27,65.0,48.0,0.15,6.23554,96.42652,41.0883,63.08479,96.0345,12.0
PHX,2017-02-28,65.0,52.0,0.25,6.165157,274.79404,39.3565,70.43851,96.0345,20.0
PHX,2017-03-01,70.0,45.0,0.0,3.9407666,2.9610105,21.4016,48.76434,86.2141,11.0
PHX,2017-03-02,77.0,47.0,0.0,6.6714287,51.78536,12.6999,29.358772,60.7304,17.0
PHX,2017-03-03,77.0,53.0,0.0,6.583624,72.599396,15.9478,33.846615,61.3237,15.0
PHX,2017-03-04,79.0,53.0,0.0,4.4170732,110.486755,18.6068,36.275425,66.2371,9.0
PHX,2017-03-05,75.0,58.0,0.0,7.37108,198.37772,15.6443,36.170147,59.9781,14.0
PHX,2017-03-06,68.0,52.0,0.0,6.2891984,266.38535,14.336,36.283638,65.9959,13.0
PHX,2017-03-07,75.0,47.0,0.0,3.9505227,280.67972,14.7749,37.700226,68.274,9.0
PHX,2017-03-08,83.0,51.0,0.0,3.6874564,250.91418,12.9715,38.9759,74.3486,9.0
PHX,2017-03-09,86.0,55.0,0.0,3.7902439,58.056248,12.6936,34.44829,64.1211,8.0
PHX,2017-03-10,88.0,57.0,0.0,4.0867596,122.477745,12.6727,31.108137,53.6939,10.0
PHX,2017-03-11,89.0,60.0,0.0,3.7442508,105.430084,12.6936,30.398767,55.567,10.0
PHX,2017-03-12,88.0,58.0,0.0,5.1529617,132.597,14.5287,31.977644,57.5055,12.0
PHX,2017-03-13,92.0,61.0,0.0,4.437166,114.93775,14.119323,32.821735,61.911,10.0
PHX,2017-03-14,93.0,63.0,0.0,3.9763067,123.00777,14.5845,28.857443,44.8815,9.0
PHX,2017-03-15,91.0,64.0,0.0,4.232404,94.04905,10.7771,27.871601,52.3513,10.0
PHX,2017-03-16,93.0,62.0,0.0,4.324042,71.710304,11.0447,25.732393,48.428,9.0
PHX,2017-03-17,93.0,64.0,0.0,4.2229967,87.24291,10.6484,24.756493,49.9924,11.0
PHX,2017-03-18,95.0,64.0,0.0,4.7843204,83.35954,10.7407,23.746103,40.646,11.0
PHX,2017-03-19,96.0,64.0,0.0,4.119164,96.738174,9.90097,22.350172,38.3206,10.0
PHX,2017-03-20,96.0,67.0,0.0,5.5856047,292.12766,10.7407,20.280996,33.2475,12.0
PHX,2017-03-21,93.0,66.0,0.0,6.7505226,206.3107,11.5468,24.906271,39.9917,14.0
PHX,2017-03-22,82.0,63.0,0.0,7.275958,288.223,25.4414,36.222893,52.2197,26.0
PHX,2017-03-23,72.0,54.0,0.06,9.603484,260.55167,22.5206,46.897728,77.2846,20.0
PHX,2017-03-24,78.0,52.0,0.0,4.2432055,55.594425,17.795,36.268032,65.9959,10.0
PHX,2017-03-25,83.0,57.0,0.0,7.343554,184.49199,13.0599,30.87026,52.6956,18.0
PHX,2017-03-26,82.0,56.0,0.0,4.0808363,263.4349,14.3771,25.893162,45.2176,11.0
PHX,2017-03-27,83.0,59.0,0.0,8.007666,234.7976,17.1169,28.664982,45.3554,17.0
PHX,2017-03-28,79.0,57.0,0.0001,9.025784,275.3702,19.1445,28.824383,53.4016,16.0
PHX,2017-03-29,85.0,57.0,0.0,6.23554,254.74283,10.9815,20.135046,33.0768,14.0
PHX,2017-03-30,90.0,58.0,0.0,10.56446,196.75356,7.87109,18.826363,38.998,26.0
PHX,2017-03-31,70.0,56.0,0.0,11.313589,281.2738,12.7343,23.832949,45.4025,23.0
PHX,2017-04-01,73.0,52.0,0.0,3.958885,80.93949,18.4831,31.967123,54.264,10.0
PHX,2017-04-02,82.0,53.0,0.0,6.3149824,185.66489,16.1824,29.859674,52.4539,14.0
PHX,2017-04-03,85.0,59.0,0.0001,8.344948,184.61555,12.6727,26.721983,45.0532,23.0
PHX,2017-04-04,79.0,57.0,0.0,6.2891984,310.89575,8.59883,20.597342,42.4124,14.0
PHX,2017-04-05,85.0,57.0,0.0,4.932404,53.442146,7.46262,17.443108,33.0768,14.0
PHX,2017-04-06,91.0,60.0,0.0,4.3439026,155.42473,7.79834,17.337017,29.6266,12.0
PHX,2017-04-07,90.0,63.0,0.0,4.9585366,80.792046,6.43572,17.194258,31.4095,12.0
PHX,2017-04-08,89.0,61.0,0.0,8.5770035,246.4815,4.5132,19.23321,32.5312,20.0
PHX,2017-04-09,80.0,61.0,0.0,7.112195,257.2649,11.4846,19.235477,31.9489,14.0
PHX,2017-04-10,85.0,56.0,0.0,3.6655052,232.90686,5.74343,15.340331,32.8979,9.0
PHX,2017-04-11,89.0,58.0,0.0,4.729965,124.15692,6.21391,14.620899,25.9325,12.0
PHX,2017-04-12,92.0,61.0,0.0,4.7034845,86.02704,7.00545,15.561805,27.3011,11.0
PHX,2017-04-13,94.0,65.0,0.0,6.651568,215.1397,9.16907,15.994872,24.7116,15.0
PHX,2017-04-14,90.0,62.0,0.0,5.538676,277.50906,10.4344,19.568483,33.7246,14.0
PHX,2017-04-15,88.0,61.0,0.0,4.227526,143.80743,8.00736,17.313448,33.5792,10.0
PHX,2017-04-16,91.0,62.0,0.0,5.074913,131.25285,7.89998,16.420496,27.7122,11.0
PHX,2017-04-17,93.0,62.0,0.0,4.947038,159.30669,6.99188,16.473076,27.2888,11.0
PHX,2017-04-18,95.0,65.0,0.0,6.238792,238.79118,9.81256,19.70847,30.3684,16.0
PHX,2017-04-19,90.0,70.0,0.0,6.7470384,261.6839,10.1183,18.744932,31.7888,13.0
PHX,2017-04-20,93.0,64.0,0.0,5.3526134,255.022,4.49094,15.227101,34.2073,16.0
PHX,2017-04-21,95.0,62.0,0.0,5.97561,256.04083,5.68461,12.8380995,24.7463,16.0
PHX,2017-04-22,96.0,65.0,0.0,4.332404,108.08823,6.54294,13.764571,27.1656,9.0
PHX,2017-04-23,99.0,68.0,0.0,8.126829,189.81802,5.97697,13.65256,23.0606,17.0
PHX,2017-04-24,93.0,69.0,0.0,8.634843,238.86095,6.67949,12.931227,22.2056,17.0
PHX,2017-04-25,87.0,69.0,0.0,12.218119,260.37302,7.46262,22.117237,41.8967,24.0
PHX,2017-04-26,90.0,64.0,0.0,6.5358887,239.96242,8.57139,15.234808,24.5074,15.0
PHX,2017-04-27,90.0,68.0,0.0,7.109408,248.07796,16.624666,20.701622,30.7384,14.0
PHX,2017-04-28,87.0,67.0,0.0,15.448637,290.00885,4.30544,22.440474,41.4111,30.0
PHX,2017-04-29,81.0,58.0,0.0,8.896167,292.70657,10.7472,14.423103,21.7402,15.0
PHX,2017-04-30,87.0,58.0,0.0,4.3972125,154.2827,6.43572,13.825374,29.3071,11.0
PHX,2017-05-01,94.0,62.0,0.0,5.143554,195.18613,5.74898,12.80507,25.8456,12.0
PHX,2017-05-02,97.0,67.0,0.0,5.4885015,223.56522,7.87674,13.391389,25.052,12.0
PHX,2017-05-03,100.0,69.0,0.0,5.0383277,338.06876,8.70334,14.366332,24.5865,14.0
PHX,2017-05-04,103.0,73.0,0.0,4.757143,122.6741,7.15538,14.704598,25.3093,11.0
PHX,2017-05-05,108.0,76.0,0.0,7.5547037,171.78438,6.28585,12.120035,19.725,15.0
PHX,2017-05-06,98.0,73.0,0.0,12.097561,187.45149,8.91694,15.494092,25.8796,26.0
PHX,2017-05-07,74.0,64.0,0.0,8.029268,262.67297,22.1547,34.75748,56.2711,16.0
PHX,2017-05-08,83.0,60.0,0.0001,7.0229964,251.13234,18.6613,29.580324,64.5032,17.0
PHX,2017-05-09,76.0,57.0,0.01,6.891986,162.76645,23.3502,48.363163,83.46,14.0
PHX,2017-05-10,80.0,60.0,0.0,5.5721254,244.23088,23.5289,39.395954,59.7122,14.0
PHX,2017-05-11,90.0,64.0,0.0,4.337282,240.93884,20.9727,31.546906,49.9924,12.0
PHX,2017-05-12,97.0,71.0,0.0,5.3515024,287.91257,13.247708,25.363575,45.8089,11.0
PHX,2017-05-13,99.0,71.0,0.0,8.46453,210.65439,9.41338,16.990805,33.9689,17.0
PHX,2017-05-14,93.0,70.0,0.0,10.121254,212.6038,13.5279,18.532396,25.4885,21.0
PHX,2017-05-15,88.0,69.0,0.0,10.319048,218.86911,11.3067,21.419243,30.1596,20.0
PHX,2017-05-16,78.0,61.0,0.0,7.31777,266.76508,13.9515,22.42903,29.6266,16.0
PHX,2017-05-17,87.0,62.0,0.0,7.379791,230.67484,14.6828,24.889313,32.5312,17.0
PHX,2017-05-18,86.0,67.0,0.0,8.613937,276.19952,7.34153,17.945398,34.5277,16.0
PHX,2017-05-19,87.0,62.0,0.0,5.8536587,285.52402,9.46227,19.290781,36.371,13.0
PHX,2017-05-20,94.0,68.0,0.0,4.671777,66.90611,8.63931,13.835974,22.2056,14.0
PHX,2017-05-21,101.0,70.0,0.0,4.482927,260.65753,6.43346,12.518125,23.8473,12.0
PHX,2017-05-22,104.0,73.0,0.0,5.400116,227.17065,6.3435054,12.304119,24.1989,15.0
PHX,2017-05-23,104.0,77.0,0.0,3.9149826,280.81232,5.17157,10.926432,21.831,11.0
PHX,2017-05-24,108.0,75.0,0.0,7.754704,211.9098,5.66113,11.82268,22.7106,18.0
PHX,2017-05-25,102.0,79.0,0.0,8.43554,228.95671,3.78711,9.220711,16.0673,19.0
PHX,2017-05-26,96.0,74.0,0.0,8.280139,224.00784,6.79944,13.052658,18.8687,16.0
PHX,2017-05-27,96.0,70.0,0.0,5.040418,191.32262,8.55741,13.449053,20.7529,13.0
PHX,2017-05-28,102.0,72.0,0.0,4.248432,246.66766,4.85947,12.898538,28.2512,11.0
PHX,2017-05-29,104.0,73.0,0.0,5.216725,183.86038,4.76741,10.808427,23.1879,13.0
PHX,2017-05-30,101.0,77.0,0.0,5.9665504,137.41013,7.8328395,13.907119,26.5246,13.0
PHX,2017-05-31,101.0,76.0,0.0,7.56446,228.31853,9.73948,19.90355,34.6691,17.0
PHX,2017-06-01,99.0,78.0,0.0,6.8097563,261.98538,9.44151,17.06016,26.4604,16.0
PHX,2017-06-02,102.0,75.0,0.0,5.9059234,268.70514,10.0968,19.718086,34.5847,13.0
PHX,2017-06-03,107.0,78.0,0.0,5.970383,260.36887,7.45094,15.190298,28.6781,13.0
PHX,2017-06-04,107.0,82.0,0.0,7.388153,263.86356,8.36151,13.611747,21.7475,13.0
PHX,2017-06-05,107.0,83.0,0.0,6.6557493,270.454,9.53631,14.340369,22.8544,13.0
PHX,2017-06-06,107.0,84.0,0.0,7.22439,280.7727,10.6509,14.693751,23.6589,14.0
PHX,2017-06-07,106.0,82.0,0.0,6.1296167,291.28427,6.8075,13.982066,23.6807,14.0
PHX,2017-06-08,105.0,78.0,0.0,5.735192,290.124,6.73703,12.09177,19.5728,15.0
PHX,2017-06-09,106.0,79.0,0.0,5.8418117,267.2885,8.36151,14.740026,28.1452,16.0
PHX,2017-06-10,102.0,78.0,0.0,5.656446,244.17203,5.64231,14.476398,25.7752,14.0
PHX,2017-06-11,101.0,76.0,0.0,9.322648,192.45718,9.41338,16.950974,32.1747,19.0
PHX,2017-06-12,93.0,76.0,0.0,7.5437284,267.54544,7.75904,17.104939,31.0197,16.0
PHX,2017-06-13,96.0,69.0,0.0,4.1606274,264.8198,3.40269,8.888371,14.9121,11.0
PHX,2017-06-14,103.0,70.0,0.0,4.6696863,222.45186,2.53197,9.0523815,18.4573,12.0
PHX,2017-06-15,108.0,73.0,0.0,5.2487803,169.07408,2.15366,7.864414,17.0143,12.0
PHX,2017-06-16,109.0,76.0,0.0,6.113589,251.51804,2.11666,8.035125,17.6478,16.0
PHX,2017-06-17,110.0,78.0,0.0,6.14669,265.88065,4.09997,9.496908,18.3319,14.0
PHX,2017-06-18,112.0,80.0,0.0,5.4623694,263.8932,5.21635,10.291586,19.2139,13.0
PHX,2017-06-19,118.0,84.0,0.0,5.1698112,220.62337,6.41807,11.432032,19.6841,14.0
PHX,2017-06-20,119.0,86.0,0.0,4.636237,205.02745,5.2716,11.833754,24.0186,11.0
PHX,2017-06-21,117.0,90.0,0.0,6.9897795,264.37183,5.81544,13.354101,21.6396,15.0
PHX,2017-06-22,113.0,91.0,0.0,7.937282,269.49445,10.7101,19.056492,28.4592,17.0
PHX,2017-06-23,112.0,87.0,0.0,8.287805,271.27295,9.6043,21.137152,35.0507,18.0
PHX,2017-06-24,116.0,88.0,0.0,5.0125437,265.6236,7.32359,14.573864,22.8994,15.0
PHX,2017-06-25,116.0,93.0,0.0,8.317073,167.8395,7.5142,15.584845,26.8682,16.0
PHX,2017-06-26,112.0,91.0,0.0,6.708014,281.86304,8.31539,19.672462,35.637,15.0
PHX,2017-06-27,110.0,86.0,0.0,7.316329,246.62274,5.07116,10.563764,22.3448,15.0
PHX,2017-06-28,108.0,84.0,0.0,6.4909406,270.46408,9.28786,16.192913,23.3235,15.0
PHX,2017-06-29,108.0,83.0,0.0,5.939373,249.60156,8.66825,16.082096,26.6592,11.0
PHX,2017-06-30,109.0,83.0,0.0,4.4,123.49806,5.632,11.546484,22.1884,9.0
PHX,2017-07-01,112.0,80.0,0.0,7.174216,215.34648,4.23156,9.573462,16.8907,17.0
PHX,2017-07-02,110.0,83.0,0.0,7.247387,266.84723,8.34844,13.28091,21.7925,16.0
PHX,2017-07-03,107.0,88.0,0.0,7.229965,265.29822,16.979073,23.72581,32.192917,14.0
PHX,2017-07-04,111.0,88.0,0.0,6.4083624,264.96252,9.41735,18.763863,32.5319,14.0
PHX,2017-07-05,112.0,87.0,0.0,7.5989547,262.14377,10.1075,17.649565,28.5977,15.0
PHX,2017-07-06,111.0,88.0,0.0,5.524739,310.33768,11.5603,20.189974,34.9674,11.0
PHX,2017-07-07,118.0,91.0,0.0,6.425784,108.37521,8.51114,15.412945,24.278944,17.0
PHX,2017-07-08,113.0,95.0,0.0,8.971429,132.74284,12.947487,18.950666,28.4592,18.0
PHX,2017-07-09,109.0,87.0,0.0,8.376307,274.9946,17.54807,29.58899,46.255726,17.0
PHX,2017-07-10,109.0,88.0,0.02,8.599025,272.62445,17.090889,27.055563,45.2499,17.0
PHX,2017-07-11,104.0,82.0,0.01,7.620906,144.7083,19.22878,37.367977,67.05904,15.0
PHX,2017-07-12,108.0,85.0,0.0,6.503833,289.17532,18.12577,29.254538,44.81125,15.0
PHX,2017-07-13,109.0,87.0,0.0,7.2850175,247.2588,17.090889,30.527916,46.255726,19.0
PHX,2017-07-14,108.0,86.0,0.0,7.719164,130.97307,17.8623,32.62332,45.2499,21.0
PHX,2017-07-15,109.0,87.0,0.0001,6.1615562,147.71098,21.8675,34.815987,56.9191,15.0
PHX,2017-07-16,104.0,74.0,0.38,7.322648,172.67459,25.4409,45.3445,88.507805,31.0
PHX,2017-07-17,99.0,76.0,0.05,6.23554,144.83089,31.714687,53.937584,84.5762,14.0
PHX,2017-07-18,103.0,79.0,0.0001,7.2815332,123.6185,32.3573,49.765907,69.0655,21.0
PHX,2017-07-19,102.0,82.0,0.0,7.1777005,256.61316,28.621786,43.431038,59.2136,18.0
PHX,2017-07-20,103.0,83.0,0.01,6.8062716,147.36586,26.295666,39.7044,65.361,17.0
PHX,2017-07-21,103.0,83.0,0.01,7.214634,128.25151,24.7649,43.717945,61.0647,20.0
PHX,2017-07-22,106.0,83.0,0.0,6.4982576,33.247276,22.152374,39.35531,55.0443,16.0
PHX,2017-07-23,103.0,76.0,0.21,7.3254356,113.875984,25.4409,49.75831,87.72512,31.0
PHX,2017-07-24,90.0,75.0,0.18,5.379094,101.90816,51.649754,70.0775,90.7394,16.0
PHX,2017-07-25,102.0,80.0,0.0001,5.8013935,107.88427,27.019194,49.687374,79.4675,12.0
PHX,2017-07-26,106.0,84.0,0.0,5.0376306,242.11775,19.9475,36.601643,62.857838,13.0
PHX,2017-07-27,110.0,89.0,0.0,7.6543555,315.95407,17.54807,26.910381,36.37412,17.0
PHX,2017-07-28,101.0,85.0,0.0001,8.853659,235.20557,25.97907,39.56559,51.36681,19.0
PHX,2017-07-29,103.0,83.0,0.02,5.980991,290.3373,24.461567,43.399654,59.2136,26.0
PHX,2017-07-30,99.0,80.0,0.0,3.9191637,267.87115,33.9683,47.670654,69.2776,11.0
PHX,2017-07-31,107.0,85.0,0.0,5.733101,89.99064,22.303467,34.993763,53.638535,15.0
PHX,2017-08-01,101.0,87.0,0.0,8.703833,124.56641,29.9389,38.64289,49.726,16.0
PHX,2017-08-02,96.0,81.0,0.01,7.7616725,104.25142,36.119,48.437103,65.361,15.0
PHX,2017-08-03,104.0,74.0,0.92,5.303136,114.309494,27.4411,53.76223,87.6289,32.0
PHX,2017-08-04,103.0,76.0,0.0,4.2372823,169.3735,27.1502,49.58533,81.8915,13.0
PHX,2017-08-05,106.0,83.0,0.0,5.7923346,158.24182,19.2288,34.853916,56.5063,10.0
PHX,2017-08-06,105.0,84.0,0.0,4.711847,101.99091,15.2683,25.410337,41.142,19.0
PHX,2017-08-07,107.0,83.0,0.0,4.8209057,142.38438,10.283764,21.268852,39.83,12.0
PHX,2017-08-08,108.0,82.0,0.0,4.3027873,84.64643,10.561,18.501204,32.243,12.0
PHX,2017-08-09,111.0,85.0,0.0,4.947038,97.10063,10.7611,18.465277,28.1232,11.0
PHX,2017-08-10,105.0,89.0,0.0,6.303136,135.41597,20.6095,30.136683,43.4155,22.0
PHX,2017-08-11,108.0,82.0,0.0,5.3672476,250.94424,19.4238,36.33229,60.8145,14.0
PHX,2017-08-12,103.0,80.0,0.11,6.4982576,201.75957,27.3103,41.050663,69.6191,20.0
PHX,2017-08-13,99.0,73.0,0.33,5.7602787,164.99811,31.9612,55.92634,93.7942,12.0
PHX,2017-08-14,103.0,79.0,0.0001,6.558885,171.59985,19.2095,37.615,69.7129,12.0
PHX,2017-08-15,102.0,83.0,0.0,6.1679444,242.35207,8.66788,23.604395,45.9572,13.0
PHX,2017-08-16,103.0,78.0,0.0,6.0090594,145.18152,12.3995,20.696194,34.9818,13.0
PHX,2017-08-17,104.0,78.0,0.0,5.5003486,102.603645,7.25789,18.043604,31.2124,10.0
PHX,2017-08-18,106.0,79.0,0.0,4.22439,120.793236,9.25439,16.275467,26.5234,11.0
PHX,2017-08-19,105.0,81.0,0.0,5.3268294,265.53146,14.3012,21.847084,33.2652,13.0
PHX,2017-08-20,102.0,84.0,0.0,5.5285716,26.843649,14.9791,25.114332,35.9886,11.0
PHX,2017-08-21,104.0,85.0,0.0,6.0989547,197.03702,12.5196,26.49355,38.6937,12.0
PHX,2017-08-22,108.0,83.0,0.0,4.74007,242.58676,13.4819,24.510525,39.83,10.0
PHX,2017-08-23,107.0,78.0,0.06,7.240418,145.08766,18.1999,32.902443,66.493,22.0
PHX,2017-08-24,104.0,79.0,0.0001,4.8536587,100.154106,18.9664,35.260933,58.4319,12.0
PHX,2017-08-25,108.0,85.0,0.0,4.604878,118.083466,14.5141,25.510998,41.744,11.0
PHX,2017-08-26,110.0,87.0,0.0,6.0006967,98.37753,13.7469,25.60712,37.255,16.0
PHX,2017-08-27,111.0,89.0,0.0001,6.221719,105.795334,14.7472,24.933893,37.9681,18.0
PHX,2017-08-28,110.0,90.0,0.0,7.6829267,97.951096,11.8672,21.16891,29.5093,20.0
PHX,2017-08-29,109.0,88.0,0.0,4.8923345,109.23309,13.1307,21.64042,32.5319,11.0
PHX,2017-08-30,108.0,89.0,0.0,5.9909406,113.88701,15.3616,21.48636,28.5525,13.0
PHX,2017-08-31,108.0,86.0,0.0,6.834843,118.72501,8.440673,16.248281,27.9085,15.0
PHX,2017-09-01,110.0,85.0,0.0,4.4449477,114.84305,11.1706,17.919653,25.7363,12.0
PHX,2017-09-02,102.0,84.0,0.0,7.1512194,218.25139,24.9743,43.771015,63.3959,15.0
PHX,2017-09-03,103.0,83.0,0.0,8.202787,269.82852,27.3103,43.33102,58.9508,17.0
PHX,2017-09-04,104.0,82.0,0.0,8.513241,285.10333,22.1607,41.04454,60.9524,17.0
PHX,2017-09-05,108.0,85.0,0.0,4.9567943,99.45547,18.1258,29.407349,44.6461,12.0
PHX,2017-09-06,109.0,86.0,0.0,5.6351914,123.3013,11.8073,21.33435,33.6836,11.0
PHX,2017-09-07,105.0,85.0,0.0001,6.3491287,169.12224,14.803,30.298552,44.9525,25.0
PHX,2017-09-08,98.0,81.0,0.0,6.4292684,322.37158,26.4556,36.928127,54.496,17.0
PHX,2017-09-09,97.0,80.0,0.0,6.160279,358.77127,31.3069,44.154415,58.0979,14.0
PHX,2017-09-10,105.0,80.0,0.0,4.287108,270.6725,20.7571,37.349297,64.136,9.0
PHX,2017-09-11,108.0,88.0,0.0,5.6188154,145.651,16.8426,25.270853,36.773,12.0
PHX,2017-09-12,110.0,86.0,0.0,5.4682927,248.80855,14.7472,24.021826,38.5848,13.0
PHX,2017-09-13,108.0,86.0,0.0,6.633101,260.81876,16.2917,24.770355,36.2053,16.0
PHX,2017-09-14,101.0,85.0,0.0,9.664111,219.35547,18.3505,29.266745,39.1697,18.0
PHX,2017-09-15,98.0,77.0,0.0,6.269686,220.8416,17.6382,28.038294,50.5206,14.0
PHX,2017-09-16,97.0,74.0,0.0,5.8836236,140.51143,15.7366,25.463129,38.2564,11.0
PHX,2017-09-17,98.0,77.0,0.0,4.645993,238.59456,13.957,22.628908,34.9818,12.0
PHX,2017-09-18,99.0,72.0,0.0,5.8738675,143.99179,9.44151,20.776241,39.4327,13.0
PHX,2017-09-19,100.0,71.0,0.0,7.234146,187.73431,10.4071,22.584229,35.8974,14.0
PHX,2017-09-20,99.0,72.0,0.0,7.296864,158.03902,13.1323,23.284754,40.8348,13.0
PHX,2017-09-21,98.0,72.0,0.0,8.721254,201.58806,11.3698,19.836475,29.9112,17.0
PHX,2017-09-22,90.0,73.0,0.0,7.05331,265.00217,9.08432,27.356625,41.722,15.0
PHX,2017-09-23,86.0,66.0,0.0,5.374216,266.2208,11.9397,17.621878,29.4359,15.0
PHX,2017-09-24,86.0,62.0,0.0,4.517073,247.62457,7.46262,17.355469,33.7246,11.0
PHX,2017-09-25,89.0,62.0,0.0,3.512892,245.00273,6.91596,14.491095,25.3826,10.0
PHX,2017-09-26,89.0,63.0,0.0,4.7090592,32.035282,7.87109,16.224936,31.4095,12.0
PHX,2017-09-27,92.0,68.0,0.0,4.034843,240.43544,8.48542,16.121586,27.3367,11.0
PHX,2017-09-28,94.0,67.0,0.0,3.1080139,245.30057,13.6366,22.204844,32.8405,9.0
PHX,2017-09-29,98.0,69.0,0.0,3.45283,249.42403,12.7126,23.692501,34.8468,12.0
PHX,2017-09-30,98.0,71.0,0.0,4.8874564,211.8911,9.22373,21.398085,39.1327,13.0
PHX,2017-10-01,98.0,69.0,0.0,6.390592,113.90679,9.87073,20.061138,33.9689,11.0
PHX,2017-10-02,92.0,69.0,0.0,5.539373,230.77826,16.3086,24.44898,35.8576,14.0
PHX,2017-10-03,97.0,69.0,0.0,6.4390244,151.46005,8.85182,25.061457,40.6267,13.0
PHX,2017-10-04,99.0,70.0,0.0,3.7707317,281.5155,16.4766,23.549967,34.8468,10.0
PHX,2017-10-05,98.0,75.0,0.0,5.0132403,271.16623,12.9078,19.570395,27.8403,11.0
PHX,2017-10-06,97.0,69.0,0.0,4.9529614,256.628,4.50798,15.563148,31.0541,12.0
PHX,2017-10-07,96.0,66.0,0.0,2.9566784,289.34033,5.16576,13.191044,23.0856,10.0
PHX,2017-10-08,94.0,65.0,0.0,5.5783973,101.43571,6.44547,14.453881,24.7116,11.0
PHX,2017-10-09,89.0,66.0,0.0,5.266899,42.186672,7.89519,16.065395,29.6094,17.0
PHX,2017-10-10,91.0,62.0,0.0,5.0254354,57.955,9.82969,15.286324,27.2288,15.0
PHX,2017-10-11,98.0,71.0,0.0,4.529617,163.6685,13.2761,20.95676,31.0541,11.0
PHX,2017-10-12,94.0,66.0,0.0,4.821603,72.28915,8.66788,21.6818,40.4457,9.0
PHX,2017-10-13,95.0,68.0,0.0,4.251568,108.26273,11.7369,20.032084,28.7296,11.0
PHX,2017-10-14,94.0,67.0,0.0,3.6850173,127.19851,11.4295,23.49533,37.1439,9.0
PHX,2017-10-15,97.0,65.0,0.0,3.1808362,296.83292,5.55694,15.326932,30.4369,13.0
PHX,2017-10-16,99.0,69.0,0.0,4.278397,92.75882,11.229,18.03552,27.8403,13.0
PHX,2017-10-17,97.0,72.0,0.0,2.9045296,132.21652,18.755,26.443623,36.6953,11.0
PHX,2017-10-18,96.0,71.0,0.0,3.9372823,283.52173,10.6484,26.602238,48.1799,12.0
PHX,2017-10-19,96.0,74.0,0.0,5.641115,144.08081,12.288,22.523312,33.2971,13.0
PHX,2017-10-20,89.0,68.0,0.0,8.50662,237.83952,22.1884,30.177895,42.0432,16.0
PHX,2017-10-21,85.0,66.0,0.0,3.8944252,293.91388,20.7082,35.320602,52.2197,10.0
PHX,2017-10-22,92.0,61.0,0.0,2.9937282,260.20944,7.798335,18.54985,31.7292,8.0
PHX,2017-10-23,97.0,63.0,0.0,3.3108015,211.87222,7.58646,18.682983,32.5617,8.0
PHX,2017-10-24,99.0,67.0,0.0,6.4850173,79.62774,6.50642,16.492878,29.745,18.0
PHX,2017-10-25,94.0,71.0,0.0,6.0473866,74.155975,12.069,19.159643,33.1556,13.0
PHX,2017-10-26,93.0,66.0,0.0,4.8641114,191.45015,9.38913,22.120268,36.3588,13.0
PHX,2017-10-27,92.0,61.0,0.0,3.6397212,126.86842,9.51991,20.329344,34.0208,10.0
PHX,2017-10-28,92.0,64.0,0.0,4.7986064,104.655655,9.16907,20.13361,31.7292,12.0
PHX,2017-10-29,91.0,65.0,0.0,4.4452963,111.51828,11.182,20.682768,33.5654,11.0
PHX,2017-10-30,86.0,63.0,0.0,5.1923347,103.56555,18.0101,28.227036,36.6779,11.0
PHX,2017-10-31,82.0,63.0,0.0,3.8989546,134.83333,33.5761,43.30309,52.5117,12.0
PHX,2017-11-01,84.0,63.0,0.0,5.5463414,213.56886,26.4604,41.418793,58.6155,13.0
PHX,2017-11-02,82.0,64.0,0.0,3.9728222,150.03299,36.5796,51.75792,65.5619,9.0
PHX,2017-11-03,81.0,60.0,0.0,4.9156795,96.80771,34.9818,50.14383,67.6568,10.0
PHX,2017-11-04,82.0,68.0,0.0001,4.0376306,236.61589,34.81,47.416676,56.5488,9.0
PHX,2017-11-05,79.0,63.0,0.0,3.8843205,251.99956,30.9547,48.805515,70.073,9.0
PHX,2017-11-06,83.0,59.0,0.0,4.1017423,107.94269,26.0752,42.587715,61.6527,9.0
PHX,2017-11-07,81.0,65.0,0.0,3.0585365,77.6883,28.9851,38.691307,46.8113,7.0
PHX,2017-11-08,83.0,64.0,0.0,3.2494774,122.385925,30.6514,45.062843,65.5619,10.0
PHX,2017-11-09,85.0,64.0,0.0,2.830662,158.45673,26.5246,40.374416,58.4669,8.0
PHX,2017-11-10,86.0,61.0,0.0,3.5142858,125.46784,20.1127,38.78708,57.7159,8.0
PHX,2017-11-11,85.0,59.0,0.0,3.5888503,96.81678,15.3503,33.188404,53.1534,9.0
PHX,2017-11-12,86.0,58.0,0.0,3.1344948,58.41327,14.1559,27.022062,42.5556,8.0
PHX,2017-11-13,88.0,64.0,0.0,3.6292684,121.572716,11.7407,26.00374,37.1439,8.0
PHX,2017-11-14,87.0,60.0,0.0,3.3972125,116.044395,12.2319,24.697287,39.2116,9.0
PHX,2017-11-15,84.0,58.0,0.0,2.9707317,117.26455,12.4978,24.472315,37.4897,9.0
PHX,2017-11-16,86.0,60.0,0.0,3.9923346,113.555016,12.0616,24.499544,35.5422,8.0
PHX,2017-11-17,80.0,62.0,0.0,4.758885,82.04075,19.2964,29.10695,44.8815,11.0
PHX,2017-11-18,79.0,56.0,0.0,3.477352,257.58762,15.7269,35.142662,59.9781,10.0
PHX,2017-11-19,82.0,52.0,0.0,3.4278746,102.136116,10.2443,21.410643,34.3078,13.0
PHX,2017-11-20,79.0,54.0,0.0,2.4885018,112.11477,13.3228,23.802305,36.5358,9.0
PHX,2017-11-21,79.0,55.0,0.0,3.395122,112.21005,13.4529,27.897873,41.9175,8.0
PHX,2017-11-22,88.0,55.0,0.0,3.8543553,99.461975,10.4086,25.387674,45.2176,12.0
PHX,2017-11-23,87.0,59.0,0.0,1.9581882,126.26105,16.2983,28.409313,41.727,6.0
PHX,2017-11-24,86.0,58.0,0.0,3.8229966,106.00425,14.9124,30.669952,45.8422,9.0
PHX,2017-11-25,86.0,58.0,0.0,3.4257839,107.57806,16.1586,31.185366,47.3515,8.0
PHX,2017-11-26,89.0,57.0,0.0,3.312195,103.67368,11.0167,29.561327,47.0394,8.0
PHX,2017-11-27,82.0,57.0,0.0,6.418815,155.51112,16.6653,29.97111,41.0883,15.0
PHX,2017-11-28,74.0,53.0,0.0,3.5296168,252.33989,18.7447,32.413605,44.8994,10.0
PHX,2017-11-29,77.0,57.0,0.0,3.3756099,79.27472,18.4576,32.057446,45.5393,9.0
PHX,2017-11-30,76.0,62.0,0.0,2.9094076,154.78645,21.5579,31.878584,42.5556,8.0
PHX,2017-12-01,78.0,61.0,0.0,3.0675957,120.99628,22.6594,38.18789,49.5152,8.0
PHX,2017-12-02,84.0,58.0,0.0,3.6891985,87.820656,20.1127,35.004105,53.4016,11.0
PHX,2017-12-03,80.0,57.0,0.0,4.4376307,111.714836,24.6981,38.16697,50.0323,9.0
PHX,2017-12-04,73.0,53.0,0.0,5.555401,242.3482,15.2657,36.711376,63.9846,12.0
PHX,2017-12-05,66.0,50.0,0.07,3.8947735,260.03497,16.2548,30.026228,69.2973,9.0
PHX,2017-12-06,75.0,50.0,0.0,2.7101045,343.82245,9.32889,39.90218,82.682,10.0
PHX,2017-12-07,66.0,49.0,0.0,7.2278748,35.073853,6.07648,10.74984,18.1729,15.0
PHX,2017-12-08,66.0,42.0,0.0,3.026481,106.81213,14.336,25.45546,37.6678,10.0
PHX,2017-12-09,76.0,43.0,0.0,6.4627175,76.99171,9.39079,23.048534,42.9495,15.0
PHX,2017-12-10,78.0,60.0,0.0,10.937979,68.84489,6.96449,11.577889,15.0733,17.0
PHX,2017-12-11,76.0,52.0,0.0,3.0738676,91.362816,7.08282,16.532948,33.3418,14.0
PHX,2017-12-12,75.0,46.0,0.0,5.01115,80.40711,6.91503,15.745051,32.9261,14.0
PHX,2017-12-13,77.0,46.0,0.0,4.1456447,89.75923,7.52237,17.871307,35.3771,12.0
PHX,2017-12-14,74.0,45.0,0.0,5.595122,49.772835,12.251,22.274187,36.8717,14.0
PHX,2017-12-15,72.0,50.0,0.0,4.539373,85.31567,9.62436,19.743757,31.9323,14.0
PHX,2017-12-16,67.0,49.0,0.0,5.676655,108.95698,15.6443,26.930412,34.3873,11.0
PHX,2017-12-17,61.0,50.0,0.16,7.1512194,87.521324,27.3134,62.270866,96.0004,17.0
PHX,2017-12-18,67.0,46.0,0.0,2.9442508,176.54648,34.3517,62.26614,89.9211,7.0
PHX,2017-12-19,67.0,44.0,0.0,3.7679443,110.24294,32.5617,62.548424,83.4167,10.0
PHX,2017-12-20,68.0,45.0,0.0,5.1303134,115.12813,32.8825,51.48319,73.847,9.0
PHX,2017-12-21,57.0,43.0,0.0,9.967247,269.22592,16.2869,34.080532,68.1,20.0
PHX,2017-12-22,58.0,36.0,0.0,2.5205574,219.145,21.5129,35.29648,54.5999,6.0
PHX,2017-12-23,61.0,39.0,0.0,2.9574914,87.051125,21.8827,41.87734,59.6457,7.0
PHX,2017-12-24,70.0,41.0,0.0,3.1602788,91.69438,14.7873,39.361862,64.8816,8.0
PHX,2017-12-25,66.0,43.0,0.0,3.3358884,102.614174,20.1052,39.908054,57.8719,9.0
PHX,2017-12-26,70.0,41.0,0.0,3.3825784,112.17242,14.0578,36.003113,62.8285,7.0
PHX,2017-12-27,73.0,46.0,0.0,2.9101045,107.4085,13.2941,33.27055,55.9371,7.0
PHX,2017-12-28,75.0,43.0,0.0,3.4348433,108.14507,12.8525,32.491554,51.0819,8.0
PHX,2017-12-29,77.0,45.0,0.0,3.2181184,99.18438,9.39079,27.398157,47.5358,8.0
PHX,2017-12-30,77.0,47.0,0.0,4.114286,101.643875,10.154,26.532312,40.96,9.0
PHX,2017-12-31,70.0,45.0,0.0,3.4675958,102.25216,12.8936,31.246914,46.2499,9.0
PHX,2018-01-01,73.0,43.0,0.0,2.9545193,92.17332,10.34919,26.590014,44.097347,8.689762
PHX,2018-01-02,75.0,48.0,0.0,3.910393,85.81398,10.956054,25.043776,39.13533,8.689762
PHX,2018-01-03,76.0,47.0,0.0,4.5186763,75.89633,8.947524,20.487526,41.99052,14.772596
PHX,2018-01-04,79.0,56.0,0.0,3.041417,104.2825,11.490705,22.425104,43.77553,10.427715
PHX,2018-01-05,77.0,50.0,0.0,3.6497002,112.87356,19.728224,33.527058,50.11513,8.689762
PHX,2018-01-06,74.0,51.0,0.0,3.8234954,106.0282,20.341316,32.62753,49.97615,8.689762
PHX,2018-01-07,75.0,53.0,0.0,2.8676217,120.43026,23.18794,31.991035,48.6539,8.689762
PHX,2018-01-08,75.0,54.0,0.0,3.215212,103.45715,23.9009,26.151098,35.2574,8.689762
PHX,2018-01-09,80.0,54.0,0.16,10.167022,164.96284,25.775164,44.73992,100.0,25.200312
PHX,2018-01-10,65.0,52.0,0.05,4.767247,225.09273,51.925587,77.453,100.0,12.165668
PHX,2018-01-11,70.0,48.0,0.0,2.533101,140.05557,37.49546,69.89534,96.685585,7.820786
PHX,2018-01-12,72.0,48.0,0.0,3.0376306,112.52272,31.195848,59.99785,86.326836,10.427715
PHX,2018-01-13,78.0,47.0,0.0,3.6682928,60.093315,12.846723,45.212597,89.921104,13.90362
PHX,2018-01-14,79.0,48.0,0.0,3.6912892,35.984577,13.967663,35.73633,62.98062,13.034643
PHX,2018-01-15,75.0,49.0,0.0,2.8090591,127.84095,18.185493,38.1,56.09864,7.820786
PHX,2018-01-16,74.0,51.0,0.0,4.7271776,122.13393,17.988867,34.06959,54.21172,10.427715
PHX,2018-01-17,72.0,52.0,0.0,5.9909406,108.03723,16.49576,27.45641,43.455254,18.2485
PHX,2018-01-18,75.0,46.0,0.0,3.4466898,109.344406,16.557999,32.195526,53.66978,8.689762
PHX,2018-01-19,77.0,48.0,0.0,4.502439,115.47984,15.726882,30.37953,45.930504,12.165668
PHX,2018-01-20,61.0,50.0,0.0,8.381185,244.48201,31.706743,41.574257,56.09864,27.80724
PHX,2018-01-21,58.0,41.0,0.0,6.229501,278.69016,20.034256,38.49801,64.244995,14.772596
PHX,2018-01-22,61.0,40.0,0.0,4.328223,28.371315,18.363317,35.907516,55.066074,12.165668
PHX,2018-01-23,70.0,40.0,0.0,3.8874564,38.936302,10.491655,26.320951,52.607193,13.034643
PHX,2018-01-24,76.0,49.0,0.0,6.703136,84.42135,6.70875,15.433766,26.689753,13.90362
PHX,2018-01-25,77.0,46.0,0.0,5.4414635,129.43336,8.755692,16.381845,28.965729,13.90362
PHX,2018-01-26,68.0,47.0,0.0,3.0348432,262.6488,18.363317,31.223404,41.99052,12.165668
PHX,2018-01-27,73.0,43.0,0.0,3.1825783,277.75186,9.335008,26.806543,52.058292,10.427715
PHX,2018-01-28,80.0,45.0,0.0,5.3069687,53.699585,6.147572,14.699149,35.042915,15.641572
PHX,2018-01-29,83.0,55.0,0.0,8.568641,70.057655,5.740562,14.801885,27.688803,19.986454
PHX,2018-01-30,82.0,51.0,0.0,4.013589,97.23918,9.084315,20.04134,30.666048,13.90362
PHX,2018-01-31,81.0,50.0,0.0,3.6188154,115.53032,10.152039,22.46451,35.89243,8.689762
PHX,2018-02-01,80.0,50.0,0.0,3.8020906,101.4454,10.082965,24.289513,40.780064,11.296691
PHX,2018-02-02,80.0,50.0,0.0,3.8968642,97.80456,10.386409,23.098328,37.570057,10.427715
PHX,2018-02-03,78.0,49.0,0.0,3.8278747,115.46679,12.719479,24.766676,37.570057,7.820786
PHX,2018-02-04,80.0,50.0,0.0,4.2418118,117.0349,14.193372,27.662785,44.09345,7.820786
PHX,2018-02-05,81.0,52.0,0.0,4.3278747,111.33869,14.806151,28.908127,44.41585,10.427715
PHX,2018-02-06,80.0,51.0,0.0,6.5843205,161.85611,11.258389,26.73405,46.4247,19.117477
PHX,2018-02-07,79.0,49.0,0.0,3.979791,326.95233,7.3135676,18.103289,34.38734,13.90362
PHX,2018-02-08,84.0,48.0,0.0,2.7811847,295.44644,6.8332744,18.803673,38.953167,10.427715
PHX,2018-02-09,82.0,53.0,0.0,3.9930313,136.18918,8.0622015,18.549023,30.282839,10.427715
PHX,2018-02-10,78.0,52.0,0.0,4.8111496,91.221214,12.699913,18.7357,30.480497,10.427715
PHX,2018-02-11,76.0,58.0,0.0,6.5198607,58.84508,16.558,18.38295,29.450998,19.117477
PHX,2018-02-12,66.0,54.0,0.0,8.347735,176.56885,31.625553,50.06713,63.984604,19.117477
PHX,2018-02-13,73.0,58.0,0.0001,5.1508713,175.03688,35.021805,48.33483,64.25731,14.772596
PHX,2018-02-14,61.0,54.0,0.28,2.9045296,80.37641,51.480362,75.0309,100.0,8.689762
PHX,2018-02-15,66.0,54.0,0.02,2.6480837,212.23708,58.61551,83.53099,100.0,7.820786
PHX,2018-02-16,66.0,53.0,0.0,3.3874564,224.5089,44.881535,71.29686,100.0,6.95181
PHX,2018-02-17,71.0,50.0,0.0,1.8655052,90.00843,41.896725,65.95175,96.00036,6.082834
PHX,2018-02-18,74.0,51.0,0.0,5.2090592,152.08253,32.16281,58.010174,89.12907,12.165668
PHX,2018-02-19,68.0,48.0,0.0,11.407665,253.16756,12.068992,43.422516,80.60365,31.283144
PHX,2018-02-20,60.0,43.0,0.0,4.795819,259.34656,14.022739,24.483765,38.147038,12.165668
PHX,2018-02-21,60.0,39.0,0.0,3.9177701,268.73672,13.659416,26.911285,46.19413,13.034643
PHX,2018-02-22,63.0,41.0,0.0,4.3045297,258.06247,15.26571,26.204882,42.32526,14.772596
PHX,2018-02-23,62.0,41.0,0.0,8.3108015,284.109,24.764011,40.939552,59.222137,21.724405
PHX,2018-02-24,60.0,39.0,0.0,4.406272,249.18463,14.665184,34.791973,59.51922,11.296691
PHX,2018-02-25,64.0,39.0,0.0,3.0766551,86.47994,12.074297,26.578548,50.495358,10.427715
PHX,2018-02-26,69.0,41.0,0.0,3.795122,111.503174,10.304148,24.974918,42.618237,10.427715
PHX,2018-02-27,69.0,45.0,0.22,8.000695,230.81453,14.043551,44.533775,100.0,26.069286
PHX,2018-02-28,60.0,44.0,0.0,4.31777,249.05798,36.046535,63.7227,96.628975,15.641572
PHX,2018-03-01,71.0,44.0,0.0,4.403136,119.42913,18.905016,47.00795,75.92653,10.427715
PHX,2018-03-02,77.0,46.0,0.0,3.9837399,101.70233,11.945301,36.870728,68.27398,10.427715
PHX,2018-03-03,76.0,48.0,0.0,5.056446,201.78499,14.10578,28.773127,49.63451,13.034643
PHX,2018-03-04,67.0,53.0,0.0,6.3439026,259.35358,20.105228,34.810295,54.3439,15.641572
PHX,2018-03-05,72.0,45.0,0.0,3.7149825,274.81088,6.635749,21.043283,45.473473,11.296691
PHX,2018-03-06,80.0,49.0,0.0,3.609756,31.72046,3.154996,14.741056,35.82708,12.165668
PHX,2018-03-07,79.0,51.0,0.0,3.5505226,341.4335,6.964485,15.941431,33.01197,11.296691
PHX,2018-03-08,81.0,57.0,0.0,3.458885,213.40515,6.519405,17.665417,33.07681,10.427715
PHX,2018-03-09,84.0,54.0,0.0,4.990244,181.40921,8.0622015,16.783798,25.446772,13.034643
PHX,2018-03-10,75.0,62.0,0.0001,5.9850173,98.94658,21.557926,38.991962,67.19054,15.641572
PHX,2018-03-11,76.0,58.0,0.04,3.666202,9.393343,42.96605,64.96674,100.0,12.165668
PHX,2018-03-12,83.0,58.0,0.0,3.149129,90.45833,19.849539,43.95877,80.75384,12.165668
PHX,2018-03-13,83.0,60.0,0.0,3.3428571,67.94993,19.988005,33.831196,53.693867,10.427715
PHX,2018-03-14,85.0,61.0,0.0,7.9567943,237.58939,23.972239,34.88244,49.729713,22.593382
PHX,2018-03-15,72.0,57.0,0.0,8.817422,251.14235,22.499756,35.769966,49.256523,20.85543
PHX,2018-03-16,74.0,53.0,0.0,5.249129,167.47003,21.098364,35.58869,54.3439,12.165668
PHX,2018-03-17,73.0,51.0,0.0,5.5595818,262.7673,20.117102,35.161663,53.693867,14.772596
PHX,2018-03-18,68.0,53.0,0.0001,8.381882,259.36377,18.19624,29.807735,44.899357,19.986454
PHX,2018-03-19,74.0,50.0,0.0,3.6804879,245.13297,7.574726,18.82188,40.632404,13.034643
PHX,2018-03-20,80.0,50.0,0.0,4.073868,137.22101,5.9545007,15.787889,28.95236,8.689762
PHX,2018-03-21,83.0,56.0,0.0,4.547735,99.02371,7.3209043,17.13142,30.282839,11.296691
PHX,2018-03-22,89.0,62.0,0.0,6.3672476,217.47202,11.479517,18.3337,25.382587,17.379524
PHX,2018-03-23,84.0,70.0,0.0,7.4982576,266.91153,10.484185,23.649128,45.33087,18.2485
PHX,2018-03-24,82.0,59.0,0.0,8.009059,193.88185,11.680718,24.217989,32.98713,19.117477
PHX,2018-03-25,77.0,55.0,0.0,6.7212543,270.276,10.747189,22.27817,35.688057,17.379524
PHX,2018-03-26,75.0,55.0,0.0,6.109408,275.289,12.63072,22.04841,35.360737,19.117477
PHX,2018-03-27,76.0,53.0,0.0,5.520209,193.94409,14.539501,23.113039,41.106903,14.772596
PHX,2018-03-28,80.0,53.0,0.0,4.8013935,217.064,8.475104,18.445835,37.89305,13.034643
PHX,2018-03-29,86.0,56.0,0.0,5.754007,129.08914,10.78179,17.411995,28.930609,14.772596
PHX,2018-03-30,89.0,60.0,0.0,3.9135888,222.57765,8.571386,18.2715,32.98713,13.034643
PHX,2018-03-31,92.0,62.0,0.0,4.7728224,121.45714,7.441935,16.307499,28.701931,12.165668
PHX,2018-04-01,93.0,66.0,0.0,6.1853657,118.348274,5.606411,14.9287,26.15378,14.772596
PHX,2018-04-02,89.0,62.0,0.0,7.7763066,180.72394,5.3095717,11.456795,17.509804,17.379524
PHX,2018-04-03,88.0,62.0,0.0,4.579791,194.57948,10.78179,16.996128,25.675928,8.689762
PHX,2018-04-04,90.0,63.0,0.0,5.01115,123.42942,10.922072,21.09733,32.239624,12.165668
PHX,2018-04-05,92.0,64.0,0.0,5.7554007,226.34207,10.342575,19.510298,34.165665,14.772596
PHX,2018-04-06,93.0,67.0,0.0,6.58885,202.83762,9.793656,18.021114,31.872791,15.641572
PHX,2018-04-07,94.0,69.0,0.0,6.8787456,217.4503,15.923877,23.130756,35.40816,17.379524
PHX,2018-04-08,92.0,74.0,0.0,7.67108,264.70227,6.4161963,26.460224,47.992485,17.379524
PHX,2018-04-09,95.0,65.0,0.0,3.763763,253.20102,4.4909406,10.985781,22.225695,11.296691
PHX,2018-04-10,100.0,66.0,0.0,3.9728222,148.91129,3.6841378,10.3759775,20.392508,8.689762
PHX,2018-04-11,96.0,66.0,0.0,6.0069685,151.41519,4.85217,12.573292,25.016504,13.034643
PHX,2018-04-12,87.0,66.0,0.0,13.406272,263.76755,4.183739,12.177975,25.829954,32.152122
PHX,2018-04-13,79.0,60.0,0.0,12.4,323.30093,4.03423,7.102564,12.040687,28.676216
PHX,2018-04-14,83.0,57.0,0.0,6.7470384,336.8548,4.734284,8.848845,15.828922,14.772596
PHX,2018-04-15,91.0,58.0,0.0,4.885366,120.37826,3.545085,10.759118,20.09483,11.296691
PHX,2018-04-16,84.0,64.0,0.0,5.7912893,98.36157,5.740562,10.857343,19.788645,14.772596
PHX,2018-04-17,75.0,58.0,0.0,8.595122,260.68182,7.0828195,15.16663,28.394258,19.986454
PHX,2018-04-18,83.0,54.0,0.0,5.194425,103.74708,5.809785,13.036693,23.810703,11.296691
PHX,2018-04-19,85.0,58.0,0.0,9.229965,229.20073,8.0622015,18.261154,33.579243,26.069286
PHX,2018-04-20,78.0,56.0,0.0,6.861324,253.32231,17.014273,25.181929,38.539524,19.117477
PHX,2018-04-21,89.0,59.0,0.0,4.6815333,142.87463,11.479517,21.823368,36.370975,12.165668
PHX,2018-04-22,94.0,63.0,0.0,4.769338,239.0583,8.8232975,18.105658,34.35165,13.034643
PHX,2018-04-23,96.0,65.0,0.0,4.8243904,305.36612,6.962531,15.180291,31.872791,13.034643
PHX,2018-04-24,98.0,68.0,0.0,5.230662,292.38672,6.657994,13.343018,26.461527,13.034643
PHX,2018-04-25,99.0,69.0,0.0,4.487805,190.79149,5.9477844,13.387237,24.72216,12.165668
PHX,2018-04-26,97.0,70.0,0.0,5.1777005,258.4989,9.763722,15.235338,25.879585,13.90362
PHX,2018-04-27,100.0,71.0,0.0,5.5783973,277.42896,9.000367,17.486038,31.47478,15.641572
PHX,2018-04-28,98.0,74.0,0.0,7.287921,286.75787,3.8169546,14.151746,25.107582,19.986454
PHX,2018-04-29,94.0,67.0,0.0,8.034843,232.07803,7.390632,13.537592,25.525137,19.986454
PHX,2018-04-30,86.0,67.0,0.0,7.394425,254.5225,11.499678,18.697533,26.461527,18.2485
PHX,2018-05-01,77.0,64.0,0.0,6.9867597,201.67088,19.989712,30.940561,40.310017,22.0
PHX,2018-05-02,75.0,60.0,0.0,7.3393726,228.21272,19.38873,35.14839,53.693867,15.641572
PHX,2018-05-03,83.0,58.0,0.0,4.6536584,224.33292,17.422934,28.658432,53.239853,13.034643
PHX,2018-05-04,96.0,64.0,0.0,3.974216,23.870995,6.200175,18.86783,37.999466,12.165668
PHX,2018-05-05,103.0,68.0,0.0,5.3142858,112.66839,3.1142027,11.310734,26.15378,19.117477
PHX,2018-05-06,106.0,73.0,0.0,5.4341464,158.11113,5.448086,9.947134,18.185493,13.90362
PHX,2018-05-07,101.0,77.0,0.0,3.8738675,41.765774,6.4334598,12.838472,24.698109,10.427715
PHX,2018-05-08,106.0,74.0,0.0,4.883071,228.16542,4.204643,10.193291,23.350224,10.427715
PHX,2018-05-09,105.0,74.0,0.0,5.5867596,277.2046,5.062085,10.11198,20.014853,13.90362
PHX,2018-05-10,106.0,74.0,0.0,7.380488,238.48419,3.9881277,11.923863,26.080986,18.2485
PHX,2018-05-11,102.0,75.0,0.0,8.181185,228.77188,7.1256876,14.244623,25.17393,21.724405
PHX,2018-05-12,90.0,72.0,0.0,7.876655,231.87518,11.479517,17.898518,27.060286,18.2485
PHX,2018-05-13,90.0,66.0,0.0,7.2229967,194.27112,13.29557,21.7643,34.527687,14.772596
PHX,2018-05-14,95.0,68.0,0.0,6.4648085,225.66638,9.073016,15.588833,30.159557,14.772596
PHX,2018-05-15,95.0,69.0,0.0,4.3777003,109.48487,8.8232975,15.117243,24.586504,10.427715
PHX,2018-05-16,99.0,70.0,0.0,4.5351915,246.81154,4.8594656,13.127597,25.48846,13.90362
PHX,2018-05-17,98.0,71.0,0.0,8.415679,237.68443,5.1888094,11.161493,24.971912,18.2485
PHX,2018-05-18,93.0,69.0,0.0,6.7149825,239.2647,6.121296,11.5787525,20.752853,15.641572
PHX,2018-05-19,97.0,70.0,0.0,5.3909407,267.78796,5.226046,13.622897,25.525137,12.165668
PHX,2018-05-20,99.0,72.0,0.0,7.434843,232.65599,6.268067,13.305859,27.847334,14.772596
PHX,2018-05-21,97.0,72.0,0.0,8.572125,227.27525,6.5723076,15.270653,23.900917,19.986454
PHX,2018-05-22,95.0,70.0,0.0,8.58885,206.92288,6.991877,17.041742,27.647263,19.986454
PHX,2018-05-23,95.0,70.0,0.0,6.4452963,246.61787,9.900969,16.246168,24.72216,14.772596
PHX,2018-05-24,100.0,72.0,0.0,6.8376307,244.64647,7.3267236,14.787889,27.89233,14.772596
PHX,2018-05-25,100.0,72.0,0.0,6.825784,214.37964,6.506419,13.264106,27.060286,14.772596
PHX,2018-05-26,94.0,72.0,0.0,7.8689895,258.54816,8.25002,17.252636,28.20098,20.85543
PHX,2018-05-27,93.0,69.0,0.0,4.3972125,276.69183,12.511789,20.695364,33.390682,12.165668
PHX,2018-05-28,98.0,71.0,0.0,4.785366,258.72168,8.916942,16.549793,29.119883,13.90362
PHX,2018-05-29,102.0,75.0,0.0,5.430662,251.51671,8.703342,15.403302,27.366596,15.641572
PHX,2018-05-30,102.0,80.0,0.0,6.5979095,279.34317,6.7370324,11.802446,19.988005,15.641572
PHX,2018-05-31,101.0,74.0,0.0,6.6780486,220.38222,5.7541995,11.663122,21.433825,18.2485
PHX,2018-06-01,100.0,75.0,0.0,4.774216,216.16364,8.244897,14.424718,26.38425,12.165668
PHX,2018-06-02,106.0,74.0,0.0,5.184669,261.74414,4.0690255,12.505718,29.43079,13.90362
PHX,2018-06-03,108.0,76.0,0.0,4.2627177,255.85846,2.3218112,8.701122,18.879011,12.165668
PHX,2018-06-04,110.0,78.0,0.0,6.6905923,193.247,3.834939,8.99052,17.422934,17.379524
PHX,2018-06-05,106.0,79.0,0.0,6.609756,238.5304,7.3267236,12.91785,19.403744,14.772596
PHX,2018-06-06,105.0,79.0,0.0,4.6020904,304.04294,4.897544,9.701857,18.063227,13.90362
PHX,2018-06-07,103.0,75.0,0.0,4.2592335,355.9691,5.419236,11.204426,24.40083,12.165668
PHX,2018-06-08,107.0,78.0,0.0,4.28223,286.36212,3.482327,9.248318,21.193176,12.165668
PHX,2018-06-09,108.0,79.0,0.0,6.55331,238.68834,3.7127128,8.627177,18.006819,18.2485
PHX,2018-06-10,106.0,78.0,0.0,6.7198606,244.78653,4.007186,9.771471,18.880196,18.2485
PHX,2018-06-11,107.0,77.0,0.0,4.2296166,79.139946,5.3782244,10.59365,20.169147,11.296691
PHX,2018-06-12,109.0,79.0,0.0,5.439721,304.61063,2.8153977,9.7786455,19.724977,13.034643
PHX,2018-06-13,109.0,87.0,0.0,5.081185,292.96048,5.354845,9.7522135,17.081694,13.034643
PHX,2018-06-14,109.0,90.0,0.0,8.864112,274.8661,9.536305,15.029697,24.436983,18.2485
PHX,2018-06-15,95.0,82.0,0.0001,10.150522,271.41547,24.966091,32.8771,52.61694,20.85543
PHX,2018-06-16,82.0,74.0,0.0001,7.374216,124.28408,56.29896,66.77804,83.32391,13.034643
PHX,2018-06-17,100.0,74.0,0.0,8.47317,183.78625,7.972257,33.08909,68.85131,19.117477
PHX,2018-06-18,101.0,73.0,0.0,5.611847,236.02527,7.409695,14.058481,26.922277,13.90362
PHX,2018-06-19,103.0,76.0,0.0,5.512195,269.2316,6.5566263,14.338729,25.775164,13.90362
PHX,2018-06-20,109.0,79.0,0.0,6.3860626,268.29126,5.8175874,13.099658,23.367937,15.641572
PHX,2018-06-21,110.0,80.0,0.0,7.087805,262.98804,5.7713513,13.337127,26.460377,15.641572
PHX,2018-06-22,111.0,82.0,0.0,6.724042,248.50568,4.580451,11.683232,24.676184,18.2485
PHX,2018-06-23,109.0,83.0,0.0,7.7867594,270.1498,9.287856,17.028124,25.537045,19.117477
PHX,2018-06-24,105.0,81.0,0.0,6.8529615,269.20633,11.722688,20.274612,35.809956,15.641572
PHX,2018-06-25,106.0,82.0,0.0,5.4898953,269.99863,7.1553793,13.730758,23.680708,13.034643
PHX,2018-06-26,110.0,80.0,0.0,5.3428574,263.83527,5.076003,12.369624,25.188517,17.379524
PHX,2018-06-27,110.0,83.0,0.0,6.503833,275.6845,4.9251056,11.535422,20.997849,17.379524
PHX,2018-06-28,109.0,85.0,0.0,6.8752613,266.9621,9.287856,16.163475,24.875904,19.117477
PHX,2018-06-29,105.0,82.0,0.0,5.8418117,218.3753,12.287988,18.497019,27.243853,14.772596
PHX,2018-06-30,104.0,79.0,0.0,6.9777,125.31323,6.5566263,13.387785,23.001402,14.772596
PHX,2018-07-01,104.0,77.0,0.0,6.078746,180.46092,5.1123123,11.084466,20.909054,12.165668
PHX,2018-07-02,108.0,79.0,0.0,6.3219514,250.41806,5.9257345,10.742581,19.572815,18.2485
PHX,2018-07-03,110.0,82.0,0.0,8.2125435,218.37675,7.456016,13.832475,22.695925,19.117477
PHX,2018-07-04,107.0,87.0,0.0,5.75331,262.05875,10.283764,17.238781,28.252123,13.90362
PHX,2018-07-05,115.0,88.0,0.0,7.0808363,49.708817,8.68734,15.555027,21.6239,25.200312
PHX,2018-07-06,111.0,94.0,0.0,10.937979,116.862144,13.952003,19.971645,29.136297,20.85543
PHX,2018-07-07,113.0,91.0,0.0,5.067596,142.48892,11.723764,19.06467,30.645676,18.2485
PHX,2018-07-08,111.0,90.0,0.0,6.3045297,139.48308,16.06045,24.88643,46.683357,21.724405
PHX,2018-07-09,107.0,74.0,0.56,6.262021,309.0276,23.19643,54.48747,86.949745,45.186764
PHX,2018-07-10,98.0,78.0,0.09,5.8793263,131.84033,35.219643,62.960808,81.55377,26.938263
PHX,2018-07-11,101.0,79.0,0.0001,6.5665507,138.47987,29.895945,58.07325,79.17114,19.986454
PHX,2018-07-12,102.0,78.0,0.0,5.5059233,280.51498,29.938917,52.873154,87.5789,19.986454
PHX,2018-07-13,106.0,86.0,0.0,6.922648,83.72819,22.152374,38.570286,53.638535,19.117477
PHX,2018-07-14,103.0,87.0,0.0,7.2592335,75.949684,26.26772,40.663918,51.649754,19.117477
PHX,2018-07-15,100.0,88.0,0.0,7.4947734,115.531425,29.551943,43.698154,53.638535,14.772596
PHX,2018-07-16,105.0,84.0,0.0001,6.2745643,82.88769,23.8116,39.540035,65.257545,18.2485
PHX,2018-07-17,107.0,84.0,0.0,6.508711,189.09706,20.757124,39.149147,58.95082,17.379524
PHX,2018-07-18,103.0,85.0,0.0,8.171429,267.72287,30.1298,44.213802,61.064674,17.379524
PHX,2018-07-19,106.0,87.0,0.0,10.733798,267.79465,25.703062,39.431023,55.315365,17.379524
PHX,2018-07-20,109.0,91.0,0.0,8.479443,274.36514,21.717905,31.269873,41.034203,14.772596
PHX,2018-07-21,102.0,79.0,0.01,9.721254,266.1695,26.295666,38.066147,69.27759,24.331335
PHX,2018-07-22,109.0,85.0,0.0,6.208014,261.60187,12.546027,27.457632,47.906834,13.90362
PHX,2018-07-23,115.0,89.0,0.0,5.5560975,258.8221,10.909915,21.385288,37.96806,15.641572
PHX,2018-07-24,116.0,91.0,0.03,5.928223,254.63435,11.179926,19.582693,37.439568,19.117477
PHX,2018-07-25,116.0,93.0,0.0,6.1101046,294.4444,11.179926,19.434116,30.947866,17.379524
PHX,2018-07-26,111.0,94.0,0.0,9.998607,282.51724,16.169355,23.036423,32.560295,19.117477
PHX,2018-07-27,110.0,93.0,0.0,8.622996,124.97271,17.54807,26.306623,35.94196,25.200312
PHX,2018-07-28,108.0,89.0,0.0,7.5526133,279.74554,21.867523,32.91305,45.249863,22.593382
PHX,2018-07-29,105.0,84.0,0.0001,7.4738674,243.81546,25.703062,41.784485,67.280304,15.641572
PHX,2018-07-30,109.0,82.0,0.01,7.5292683,277.2084,21.025717,36.567314,76.526184,32.152122
PHX,2018-07-31,107.0,83.0,0.0001,6.1003485,101.91946,18.614481,37.777603,69.71293,15.641572
PHX,2018-08-01,111.0,91.0,0.0,5.97561,273.56653,16.536716,32.13669,48.800888,19.986454
PHX,2018-08-02,111.0,88.0,0.05,8.020209,143.78505,18.7991,30.186354,45.249863,33.89007
PHX,2018-08-03,110.0,87.0,0.0,4.25993,266.66833,16.536716,31.244617,51.167645,14.772596
PHX,2018-08-04,112.0,91.0,0.0,5.5289197,273.39005,15.423566,23.908358,35.81528,13.034643
PHX,2018-08-05,113.0,91.0,0.0,6.071777,257.10544,12.007357,21.309755,36.795143,14.772596
PHX,2018-08-06,114.0,91.0,0.0,6.414634,273.07785,9.357788,16.997253,30.645676,13.90362
PHX,2018-08-07,110.0,83.0,0.08,9.351916,250.66841,16.979073,30.561821,77.11626,24.331335
PHX,2018-08-08,103.0,75.0,0.08,8.190244,190.56493,24.764944,48.61068,69.27759,45.186764
PHX,2018-08-09,101.0,76.0,0.0001,6.74548,169.09097,29.004477,42.39809,87.48222,37.36598
PHX,2018-08-10,100.0,72.0,0.56,7.4592333,147.00133,25.74194,49.664623,96.99354,31.283144
PHX,2018-08-11,101.0,74.0,0.03,7.053459,87.97561,23.178743,42.98211,85.08769,25.200312
PHX,2018-08-12,102.0,80.0,0.0001,7.080139,134.47034,25.283396,44.266277,62.277378,39.972908
PHX,2018-08-13,101.0,80.0,0.0,6.6731706,243.95157,28.227787,41.575085,60.365044,20.85543
PHX,2018-08-14,103.0,85.0,0.0001,7.871777,279.0585,24.764944,39.37907,63.395924,21.724405
PHX,2018-08-15,98.0,82.0,0.0,5.558188,166.16884,28.12317,44.081253,60.283,15.641572
PHX,2018-08-16,100.0,86.0,0.0,7.61115,272.46384,34.269505,48.555626,57.163784,20.85543
PHX,2018-08-17,103.0,84.0,0.0,5.6487803,300.861,26.26772,43.902885,62.857838,13.90362
PHX,2018-08-18,107.0,87.0,0.0,6.311498,278.8308,23.19643,36.488018,51.649754,17.379524
PHX,2018-08-19,108.0,89.0,0.0,6.570035,267.28906,18.799095,31.05308,43.55041,13.90362
PHX,2018-08-20,108.0,90.0,0.0,6.4034843,260.0023,21.867523,30.040985,43.55041,13.90362
PHX,2018-08-21,104.0,83.0,0.0,8.1777,108.88746,23.515526,33.43447,58.692406,19.117477
PHX,2018-08-22,102.0,82.0,0.03,9.605575,104.72099,28.19011,43.12533,59.092064,19.117477
PHX,2018-08-23,103.0,79.0,0.25,6.892683,137.37595,28.19011,50.098427,74.24337,26.938263
PHX,2018-08-24,101.0,78.0,0.42,6.2815332,121.294945,27.897268,50.497856,73.967064,30.41417
PHX,2018-08-25,100.0,79.0,0.0,4.9003487,124.366005,24.97434,44.9945,64.136,14.772596
PHX,2018-08-26,103.0,81.0,0.0,5.0094075,220.61241,26.584593,37.549004,54.49604,14.772596
PHX,2018-08-27,105.0,84.0,0.0,7.2529616,231.02156,9.69732,22.757378,44.51066,14.772596
PHX,2018-08-28,105.0,79.0,0.0,4.5993032,84.13825,8.926905,19.78182,37.67128,13.034643
PHX,2018-08-29,106.0,80.0,0.0,3.9728222,109.53572,14.824284,22.316626,30.512966,10.427715
PHX,2018-08-30,104.0,84.0,0.0,5.3616724,235.63751,16.718357,31.233324,49.320526,12.165668
PHX,2018-08-31,105.0,85.0,0.0,4.4159117,324.83206,22.160694,30.541422,43.240887,13.90362
PHX,2018-09-01,103.0,86.0,0.0,5.8369336,250.20514,17.170067,23.979683,35.050674,14.772596
PHX,2018-09-02,103.0,79.0,0.0,8.160278,130.18134,18.41678,33.744564,51.10379,19.986454
PHX,2018-09-03,99.0,74.0,0.19,5.9811845,125.641106,22.981865,42.788025,81.82193,19.117477
PHX,2018-09-04,101.0,80.0,0.0,5.6334496,110.92669,21.6239,33.09366,45.34391,11.296691
PHX,2018-09-05,103.0,83.0,0.0,4.0292683,160.49382,19.4883,31.130335,42.797188,8.689762
PHX,2018-09-06,105.0,82.0,0.0,5.4738674,106.72726,12.73883,28.823034,49.028793,14.772596
PHX,2018-09-07,105.0,83.0,0.0,4.985366,117.23787,13.823106,24.563332,39.829975,12.165668
PHX,2018-09-08,109.0,84.0,0.0,5.889199,131.62709,10.650928,22.7991,37.045395,13.034643
PHX,2018-09-09,106.0,85.0,0.0,5.7407665,263.11548,17.86233,27.055382,39.16971,14.772596
PHX,2018-09-10,107.0,86.0,0.0,6.0223,257.39618,14.281805,29.747774,47.906834,15.641572
PHX,2018-09-11,108.0,81.0,0.0,5.552149,178.85043,12.123097,22.866747,39.660435,13.90362
PHX,2018-09-12,107.0,80.0,0.0,6.1198606,189.3297,5.7838554,17.34729,35.40816,14.772596
PHX,2018-09-13,106.0,77.0,0.0,4.3062716,99.75864,8.540627,17.174519,32.101894,11.296691
PHX,2018-09-14,109.0,77.0,0.0,4.1261325,9.522745,9.536305,19.04664,37.35887,11.296691
PHX,2018-09-15,109.0,81.0,0.0,5.363415,266.75156,9.696618,18.572216,31.306864,13.90362
PHX,2018-09-16,105.0,86.0,0.0,4.6062717,280.8118,21.296362,31.567812,47.906834,12.165668
PHX,2018-09-17,107.0,85.0,0.0,4.5278745,249.00902,16.372347,26.921387,44.81125,12.165668
PHX,2018-09-18,104.0,85.0,0.0,6.638676,270.35315,19.753654,28.346075,42.5052,14.772596
PHX,2018-09-19,92.0,74.0,0.17,7.282927,260.34613,45.241203,70.77739,100.0,19.117477
PHX,2018-09-20,98.0,73.0,0.0,4.0550523,235.69693,19.550829,60.066803,100.0,13.034643
PHX,2018-09-21,101.0,78.0,0.0,4.6689897,143.52461,16.596025,41.847023,69.06545,12.165668
PHX,2018-09-22,102.0,81.0,0.0,5.491289,119.43604,15.867581,28.605177,43.891815,12.165668
PHX,2018-09-23,104.0,78.0,0.0,5.9714284,127.410675,10.639893,20.390352,34.98183,14.772596
PHX,2018-09-24,102.0,82.0,0.0,5.779094,123.1326,18.708803,25.916006,37.25496,13.90362
PHX,2018-09-25,100.0,80.0,0.0,4.2038326,253.0447,13.956985,21.713787,36.579586,11.296691
PHX,2018-09-26,104.0,78.0,0.0,3.5707316,232.85406,14.596196,25.193258,44.904552,8.689762
PHX,2018-09-27,104.0,78.0,0.0,4.2836237,134.78505,12.186973,25.17332,40.828888,10.427715
PHX,2018-09-28,105.0,77.0,0.0,3.9317074,138.71434,11.275161,22.948763,35.953945,13.034643
PHX,2018-09-29,102.0,79.0,0.0,5.199303,121.940475,17.361807,25.598234,36.870266,10.427715
PHX,2018-09-30,95.0,74.0,0.07,6.8355403,269.6787,25.997015,46.32482,87.628876,19.986454
PHX,2018-10-01,78.0,69.0,0.32,4.3470383,111.02184,76.193085,87.869316,100.0,11.296691
PHX,2018-10-02,81.0,69.0,2.36,6.834843,168.90276,74.151726,92.712555,100.0,19.986454
PHX,2018-10-03,87.0,74.0,0.0,3.0578396,160.3048,55.044296,77.31143,100.0,7.820786
PHX,2018-10-04,87.0,71.0,0.0,5.316376,196.01854,37.18456,56.807835,85.08769,12.165668
PHX,2018-10-05,86.0,69.0,0.0,3.4390244,246.52185,26.659191,50.47485,83.80627,11.296691
PHX,2018-10-06,85.0,67.0,0.0,5.9616723,168.28781,29.635479,48.140766,75.73877,17.379524
PHX,2018-10-07,77.0,57.0,0.41,7.560279,242.40683,32.556263,65.29061,100.0,38.234955
PHX,2018-10-08,77.0,59.0,0.0,6.360627,110.642815,34.31232,57.733604,86.56035,14.772596
PHX,2018-10-09,81.0,59.0,0.0,4.950871,135.90901,18.880196,46.123875,80.24718,12.165668
PHX,2018-10-10,84.0,60.0,0.0,5.6954703,109.21895,25.94025,39.787033,57.990765,11.296691
PHX,2018-10-11,84.0,68.0,0.0,7.5101047,198.9838,35.809956,48.25514,58.88389,15.641572
PHX,2018-10-12,82.0,66.0,0.04,6.3651567,96.83752,43.444717,60.842888,93.28895,13.034643
PHX,2018-10-13,73.0,63.0,2.19,7.3331013,95.89313,61.150173,84.59781,100.0,18.2485
PHX,2018-10-14,76.0,62.0,0.0,4.889199,213.71234,51.429405,76.2701,100.0,10.427715
PHX,2018-10-15,78.0,64.0,0.0,8.112892,56.201286,23.482975,43.747013,87.18186,18.2485
PHX,2018-10-16,69.0,59.0,0.0,10.273868,59.34771,40.484375,51.677414,69.24264,20.85543
PHX,2018-10-17,77.0,60.0,0.0,10.241115,66.044716,28.56002,41.52041,53.15338,17.379524
PHX,2018-10-18,80.0,59.0,0.0,6.6480837,67.40788,30.954712,43.519226,64.36822,13.90362
PHX,2018-10-19,85.0,63.0,0.0,6.9456444,64.87874,26.524578,38.865047,54.257446,19.117477
PHX,2018-10-20,93.0,70.0,0.0,9.109407,90.508255,27.420195,37.446884,53.089157,17.379524
PHX,2018-10-21,89.0,72.0,0.0,9.040418,105.230255,30.054111,38.632168,53.79913,18.2485
PHX,2018-10-22,89.0,69.0,0.0,5.573519,136.6105,27.243853,44.19122,63.365166,13.034643
PHX,2018-10-23,89.0,67.0,0.03,5.410453,103.73014,37.25496,50.14272,72.8096,21.724405
PHX,2018-10-24,84.0,61.0,0.0,3.497561,158.01317,35.718548,55.402344,81.26655,10.427715
PHX,2018-10-25,86.0,64.0,0.0,4.8578396,140.66292,27.78543,50.944283,75.11617,10.427715
PHX,2018-10-26,88.0,63.0,0.0,4.062021,100.52551,22.188364,44.872906,72.52157,11.296691
PHX,2018-10-27,89.0,63.0,0.0,3.3923345,130.66167,16.49764,39.307884,61.16196,10.427715
PHX,2018-10-28,90.0,63.0,0.0,3.6909409,121.110374,18.616573,38.403015,55.99116,8.689762
PHX,2018-10-29,88.0,65.0,0.0,4.1707315,103.32877,22.344799,42.640865,56.271103,8.689762
PHX,2018-10-30,85.0,66.0,0.0,7.1644597,184.29965,26.461527,40.17321,63.2116,13.034643
PHX,2018-10-31,77.0,58.0,0.0,6.5648084,251.60141,19.02034,25.986334,42.41239,13.90362
PHX,2018-11-01,78.0,56.0,0.0,3.215331,144.99323,13.322823,30.108473,49.042152,10.427715
PHX,2018-11-02,82.0,56.0,0.0,3.5797908,124.708336,18.33191,34.87702,52.944073,7.820786
PHX,2018-11-03,82.0,57.0,0.0,4.4947734,112.493515,22.031775,38.518444,55.281483,10.427715
PHX,2018-11-04,82.0,59.0,0.0,3.3393729,127.06625,18.880196,37.534878,55.438824,7.820786
PHX,2018-11-05,84.0,59.0,0.0,4.480488,109.24791,15.213669,35.309975,57.65843,10.427715
PHX,2018-11-06,84.0,58.0,0.0,3.9303136,117.52643,19.988005,34.352303,51.18082,7.820786
PHX,2018-11-07,83.0,59.0,0.0,4.3923345,115.91453,20.997849,39.498413,55.281483,8.689762
PHX,2018-11-08,81.0,59.0,0.0,5.32892,88.90083,11.258389,37.470467,57.65843,15.641572
PHX,2018-11-09,78.0,54.0,0.0,5.2229967,10.887632,8.574929,18.662508,31.40946,13.90362
PHX,2018-11-10,79.0,55.0,0.0,3.9125435,168.33566,24.698109,35.04493,51.644176,13.034643
PHX,2018-11-11,74.0,52.0,0.0,6.9825783,287.34964,6.119021,34.40129,71.40023,19.117477
PHX,2018-11-12,67.0,45.0,0.0,8.402787,33.260323,8.097057,15.9159975,33.720955,20.85543
PHX,2018-11-13,68.0,47.0,0.0,6.3567944,74.41368,10.115254,19.524397,31.224316,15.641572
PHX,2018-11-14,68.0,51.0,0.0,7.38885,76.2138,13.797601,20.980043,36.34136,14.772596
PHX,2018-11-15,76.0,44.0,0.0,2.841115,133.20862,11.074862,30.35749,55.937107,13.90362
PHX,2018-11-16,77.0,50.0,0.0,4.08885,129.53123,9.853529,25.129042,44.238773,8.689762
PHX,2018-11-17,75.0,48.0,0.0,3.2181184,129.42737,14.539501,29.394098,44.238773,7.820786
PHX,2018-11-18,74.0,51.0,0.0,3.8445992,129.31256,16.557999,32.208344,46.249912,6.95181
PHX,2018-11-19,76.0,48.0,0.0,3.344251,124.67996,13.087123,33.07923,52.058292,10.427715
PHX,2018-11-20,78.0,53.0,0.0,4.2334495,89.72296,12.264939,24.416885,44.91938,12.165668
PHX,2018-11-21,75.0,51.0,0.0,3.543554,139.69014,20.625088,34.945923,50.11513,7.820786
PHX,2018-11-22,67.0,54.0,0.0,3.441115,111.79004,35.542206,49.142826,64.11514,8.689762
PHX,2018-11-23,70.0,51.0,0.0,3.6222997,109.93142,33.247486,51.984188,76.86228,8.689762
PHX,2018-11-24,72.0,48.0,0.0,4.2271776,114.76749,34.84681,54.88571,76.76395,8.689762
PHX,2018-11-25,72.0,49.0,0.0,3.8905923,37.493366,13.130418,36.143898,76.76395,13.90362
PHX,2018-11-26,76.0,48.0,0.0,3.2801394,338.21634,13.578524,25.09583,40.4286,10.427715
PHX,2018-11-27,76.0,49.0,0.0,3.1728222,107.2187,14.240186,30.016756,47.81362,11.296691
PHX,2018-11-28,76.0,51.0,0.0,4.451568,117.0525,19.144524,35.45463,47.81362,8.689762
PHX,2018-11-29,68.0,52.0,0.26,4.590941,107.495514,31.553473,45.453075,100.0,20.85543
PHX,2018-11-30,65.0,51.0,0.09,4.912892,195.37053,51.77772,76.387505,100.0,13.90362
PHX,2018-12-01,65.0,48.0,0.0,4.2125435,123.29057,51.77772,73.81589,96.685585,7.820786
PHX,2018-12-02,62.0,49.0,0.0,5.2445993,259.00455,37.368904,55.484978,76.9423,14.772596
PHX,2018-12-03,63.0,42.0,0.0,2.7379792,58.77096,25.243523,58.0263,95.841415,6.95181
PHX,2018-12-04,65.0,43.0,0.0,2.7567945,54.64688,20.747662,46.99367,79.35582,13.034643
PHX,2018-12-05,73.0,44.0,0.0,4.1484323,140.43509,23.900917,40.133453,63.32792,10.427715
PHX,2018-12-06,59.0,54.0,0.03,3.6006968,123.05938,50.712208,73.567505,92.92053,13.034643
PHX,2018-12-07,70.0,52.0,0.02,3.6850173,260.6184,52.351345,77.49325,96.7575,13.034643
PHX,2018-12-08,68.0,49.0,0.0,2.338676,210.12956,52.219696,79.36365,100.0,6.95181
PHX,2018-12-09,70.0,46.0,0.0,2.5832753,80.27516,32.239624,64.0804,92.76658,7.820786
PHX,2018-12-10,71.0,48.0,0.0,4.521951,83.36144,20.740662,39.539528,68.50536,14.772596
PHX,2018-12-11,72.0,53.0,0.0,3.8480837,116.845406,24.420633,40.16898,63.984604,11.296691
PHX,2018-12-12,68.0,46.0,0.0,3.8989546,264.71747,37.14392,57.592598,79.90661,12.165668
PHX,2018-12-13,69.0,43.0,0.0,2.8010452,130.44156,10.677662,41.96652,88.71353,12.165668
PHX,2018-12-14,66.0,42.0,0.0,3.492683,106.36803,14.908679,31.943754,48.704906,12.165668
PHX,2018-12-15,70.0,50.0,0.0,3.4104528,89.1804,12.398387,28.926414,47.81362,8.689762
PHX,2018-12-16,68.0,46.0,0.0,2.36446,107.11258,15.163948,33.79904,53.50473,8.689762
PHX,2018-12-17,71.0,46.0,0.0001,2.9383276,104.289894,28.701931,44.91319,63.984604,8.689762
PHX,2018-12-18,70.0,46.0,0.0,3.619512,251.60228,25.184065,50.812687,79.12911,10.427715
PHX,2018-12-19,69.0,44.0,0.0,3.5651567,102.60432,27.33667,50.534843,73.36703,10.427715
PHX,2018-12-20,75.0,43.0,0.0,2.841115,106.1736,21.399529,48.913254,70.734,7.820786
PHX,2018-12-21,69.0,49.0,0.0,4.1310105,112.735565,25.016504,44.892582,61.05819,8.689762
PHX,2018-12-22,72.0,45.0,0.0,3.1038327,117.3043,21.823309,46.104286,70.63551,8.689762
PHX,2018-12-23,73.0,45.0,0.0,3.128223,109.81926,19.448833,41.775032,60.61191,7.820786
PHX,2018-12-24,72.0,46.0,0.0,3.3369339,107.33079,22.499756,42.962135,60.76102,6.95181
PHX,2018-12-25,66.0,46.0,0.0,6.358885,122.57929,33.724586,52.440735,76.86228,18.2485
PHX,2018-12-26,62.0,45.0,0.0,3.7756813,126.48683,44.095684,69.528015,93.031395,10.427715
PHX,2018-12-27,61.0,42.0,0.0,5.3390245,54.010914,24.593687,57.272675,85.65535,14.772596
PHX,2018-12-28,56.0,38.0,0.0,5.666202,256.43164,23.989185,38.213985,57.153275,13.90362
PHX,2018-12-29,57.0,34.0,0.0,3.3470383,228.24138,18.816294,40.78543,66.97142,11.296691
PHX,2018-12-30,57.0,35.0,0.0,3.9027874,117.35558,17.802017,33.508118,54.081364,11.296691
PHX,2018-12-31,52.0,36.0,0.14,6.7554007,98.93041,40.780064,70.17221,100.0,17.379524
PHX,2019-01-01,51.0,38.0,0.0,3.4376307,309.31985,40.773857,69.76549,100.0,10.427715
PHX,2019-01-02,52.0,30.0,0.0,2.9150944,205.59598,25.674034,52.6111,82.1482,6.95181
PHX,2019-01-03,57.0,33.0,0.0,3.0034842,105.153336,25.090797,54.67241,84.35791,8.689762
PHX,2019-01-04,67.0,37.0,0.0,3.6480837,106.72377,22.021881,48.188118,78.367676,8.689762
PHX,2019-01-05,67.0,45.0,0.07,5.5240417,139.83392,28.394258,48.557747,96.729576,13.034643
PHX,2019-01-06,55.0,47.0,0.48,3.3512194,170.28702,68.93446,89.89811,100.0,8.689762
PHX,2019-01-07,63.0,43.0,0.0,3.7303135,112.5304,42.41239,75.66852,100.0,7.820786
PHX,2019-01-08,72.0,43.0,0.0,2.2439024,137.89575,32.16281,66.63778,96.59939,7.820786
PHX,2019-01-09,73.0,48.0,0.0,4.302439,91.23197,26.768814,59.576813,92.76658,12.165668
PHX,2019-01-10,67.0,50.0,0.0,3.01115,116.164276,44.74064,61.968292,86.17496,7.820786
PHX,2019-01-11,66.0,45.0,0.0,4.563763,104.4769,46.811314,72.725716,96.27691,10.427715
PHX,2019-01-12,69.0,47.0,0.03,6.3020906,119.77983,26.15378,59.57559,96.729576,21.724405
PHX,2019-01-13,63.0,47.0,0.01,2.036237,209.40395,51.480362,81.149376,100.0,8.689762
PHX,2019-01-14,70.0,51.0,0.03,3.999303,103.42735,43.509964,66.75236,92.14252,13.034643
PHX,2019-01-15,65.0,53.0,0.12,5.103136,144.67574,43.355286,75.76059,100.0,14.772596
PHX,2019-01-16,69.0,50.0,0.0,2.5937283,79.62081,50.616203,79.16925,100.0,7.820786
PHX,2019-01-17,69.0,48.0,0.0,3.1038327,123.72624,45.022106,70.09628,95.94665,8.689762
PHX,2019-01-18,70.0,51.0,0.0,5.3609757,282.01813,31.803492,63.981804,89.88164,13.90362
PHX,2019-01-19,71.0,44.0,0.0,3.2236934,333.93414,13.130418,37.695663,76.01056,11.296691
PHX,2019-01-20,74.0,46.0,0.0,2.8480837,89.56884,17.331926,43.073353,73.18062,8.689762
PHX,2019-01-21,68.0,49.0,0.0,9.407665,255.51657,14.099349,43.415264,65.37625,28.676216
PHX,2019-01-22,64.0,43.0,0.0,5.2578397,263.67184,17.37327,35.999832,62.20687,12.165668
PHX,2019-01-23,62.0,38.0,0.0,2.4965158,247.67357,15.417105,31.46684,52.607193,10.427715
PHX,2019-01-24,69.0,39.0,0.0,3.3825784,80.791565,18.909426,38.88854,59.833435,10.427715
PHX,2019-01-25,69.0,40.0,0.0,3.4243903,272.8667,14.043551,37.517643,79.24824,10.427715
PHX,2019-01-26,72.0,41.0,0.0,2.9707317,233.46,12.5027895,34.729446,67.165634,7.820786
PHX,2019-01-27,73.0,45.0,0.0,2.8069687,245.02313,12.3125925,32.161564,51.081852,6.95181
PHX,2019-01-28,72.0,47.0,0.0,3.354007,132.96892,18.60697,37.431023,53.66978,8.689762
PHX,2019-01-29,71.0,51.0,0.0,2.544251,110.40812,19.183722,36.767467,56.45028,6.95181
PHX,2019-01-30,74.0,55.0,0.0,3.2188153,128.07605,20.3413,35.735043,50.7122,7.820786
PHX,2019-01-31,73.0,51.0,0.0,3.5979095,89.443825,24.7222,41.196888,63.1226,7.820786
PHX,2019-02-01,75.0,54.0,0.0,3.6794424,150.4987,31.7888,46.303097,61.3237,11.296691
PHX,2019-02-02,73.0,56.0,0.0001,6.070383,121.73034,37.9562,55.324947,69.5186,13.034643
PHX,2019-02-03,67.0,56.0,0.31,4.6954703,146.39246,54.5432,89.59608,100.0,11.296691
PHX,2019-02-04,66.0,55.0,0.0,6.8675957,172.92493,46.3157,73.42458,100.0,19.117477
PHX,2019-02-05,67.0,50.0,0.01,8.774216,159.41737,44.7406,64.32896,79.5437,18.2485
PHX,2019-02-06,56.0,42.0,0.07,11.95122,262.02673,19.0821,43.48857,92.8607,22.593382
PHX,2019-02-07,57.0,36.0,0.0,4.4759583,73.61687,16.4086,41.281746,72.2407,10.427715
PHX,2019-02-08,67.0,38.0,0.0,2.5797908,150.98042,17.043068,42.080925,72.928,8.689762
PHX,2019-02-09,59.0,44.0,0.0,4.850871,119.2286,29.3171,47.70062,68.052,17.379524
PHX,2019-02-10,66.0,38.0,0.0,2.7979095,153.00307,18.1351,45.337868,79.1732,8.689762
PHX,2019-02-11,59.0,43.0,0.0,5.373519,281.90338,16.0294,34.055798,62.0603,21.724405
PHX,2019-02-12,69.0,38.0,0.0,3.2794425,108.8949,11.6919,36.697598,67.4457,11.296691
PHX,2019-02-13,67.0,49.0,0.0,4.230662,128.03044,18.4738,32.03953,45.7345,10.427715
PHX,2019-02-14,61.0,56.0,0.07,4.733101,104.077225,49.0422,75.79173,100.0,14.772596
PHX,2019-02-15,67.0,52.0,0.0,4.184669,258.6492,37.3689,69.16806,100.0,13.034643
PHX,2019-02-16,63.0,49.0,0.0,7.8724737,253.62247,29.2515,46.4028,70.9512,20.85543
PHX,2019-02-17,60.0,41.0,0.0,6.608362,200.14932,26.6089,45.610516,72.7788,19.117477
PHX,2019-02-18,55.0,43.0,0.04,6.4358883,257.8031,29.6717,60.911613,92.6171,17.379524
PHX,2019-02-19,57.0,36.0,0.0,6.486411,256.41486,23.3677,49.787937,92.3543,18.2485
PHX,2019-02-20,58.0,34.0,0.0,5.269338,124.95699,17.2289,35.452118,72.0364,12.165668
PHX,2019-02-21,54.0,40.0,1.01,9.43345,136.8737,31.517,77.57025,100.0,26.938263
PHX,2019-02-22,47.0,38.0,0.28,6.2752614,108.11988,76.4013,93.84352,100.0,12.165668
PHX,2019-02-23,55.0,36.0,0.0,3.7979095,83.37823,35.8924,69.58014,100.0,7.820786
PHX,2019-02-24,64.0,37.0,0.0,3.2578397,256.4778,27.4426,55.892612,89.5297,11.296691
PHX,2019-02-25,67.0,41.0,0.0,2.4146342,107.243576,29.1199,56.63598,84.9328,8.689762
PHX,2019-02-26,72.0,43.0,0.0,4.081533,108.64339,16.8607,46.574112,82.1242,12.165668
PHX,2019-02-27,76.0,54.0,0.0,3.2529616,122.84118,16.8207,43.95937,64.1151,8.689762
PHX,2019-02-28,77.0,51.0,0.0,4.3703704,118.297066,22.6594,46.170147,71.1876,10.427715
PHX,2019-03-01,78.0,56.0,0.0,5.0510135,114.419655,32.101894,49.598125,66.717316,11.296691
PHX,2019-03-02,76.0,57.0,0.0,6.3025856,98.90169,31.7888,52.582047,72.01491,13.90362
PHX,2019-03-03,75.0,52.0,0.0,3.533798,182.24419,32.840477,54.841797,82.8192,13.034643
PHX,2019-03-04,74.0,52.0,0.0,3.7576075,107.43412,27.8923,49.51949,82.8192,8.689762
PHX,2019-03-05,80.0,53.0,0.0,2.9818816,116.47998,16.6578,40.922844,63.984604,8.689762
PHX,2019-03-06,85.0,58.0,0.0,6.3595386,173.39217,11.461558,30.804771,53.4016,14.772596
PHX,2019-03-07,75.0,58.0,0.0,4.2062716,126.66831,23.0551,36.591976,59.9781,13.034643
PHX,2019-03-08,69.0,54.0,0.0,10.447387,241.10701,23.085554,41.241467,62.8489,26.069286
PHX,2019-03-09,66.0,46.0,0.0,4.365854,117.60233,23.612368,41.22212,67.89982,10.427715
PHX,2019-03-10,70.0,48.0,0.0,5.5649896,164.6876,23.0606,39.70589,58.747147,13.034643
PHX,2019-03-11,68.0,52.0,0.05,5.4360585,286.0278,36.9996,53.520218,86.710846,19.117477
PHX,2019-03-12,59.0,51.0,0.23,5.8675957,118.56951,62.070465,84.87154,100.0,20.85543
PHX,2019-03-13,67.0,50.0,0.02,13.909408,255.35757,18.1351,48.733047,92.14252,30.41417
PHX,2019-03-14,65.0,44.0,0.0,3.9547038,249.63976,18.518,37.72857,63.37881,12.165668
PHX,2019-03-15,75.0,48.0,0.0,6.952481,71.68261,16.8149,33.337025,70.8538,19.117477
PHX,2019-03-16,79.0,60.0,0.0,9.43554,78.17187,18.4573,28.658087,44.74064,19.117477
PHX,2019-03-17,79.0,59.0,0.0,6.418815,77.06296,22.64,36.754066,61.91105,15.641572
PHX,2019-03-18,83.0,57.0,0.0,3.31777,87.379005,15.6641,36.9859,80.6037,13.034643
PHX,2019-03-19,85.0,59.0,0.0,4.993728,108.180954,17.2345,33.20716,51.77772,13.034643
PHX,2019-03-20,83.0,60.0,0.0,8.039024,175.52103,13.3555,33.053734,61.652737,19.117477
PHX,2019-03-21,70.0,57.0,0.0001,5.1303134,239.19069,25.8456,41.140106,62.2348,18.2485
PHX,2019-03-22,74.0,50.0,0.0,3.2327526,263.8283,22.499756,40.246113,68.8595,11.296691
PHX,2019-03-23,78.0,54.0,0.0,4.255749,123.92971,18.185493,37.735657,61.6929,13.034643
PHX,2019-03-24,81.0,53.0,0.0,4.62439,68.93286,15.472057,34.789078,59.9781,10.427715
PHX,2019-03-25,87.0,54.0,0.0,3.3052266,152.14597,9.48942,28.396847,48.948513,11.296691
PHX,2019-03-26,87.0,58.0,0.0,3.21115,213.86829,12.161697,27.0968,47.6617,8.689762
PHX,2019-03-27,82.0,62.0,0.0,3.39413,83.02651,13.797389,29.729,46.3385,8.689762
PHX,2019-03-28,86.0,57.0,0.0,5.3393726,239.17577,8.32415,29.631107,53.2399,14.772596
PHX,2019-03-29,82.0,57.0,0.0,5.9825783,261.93622,7.268366,22.317812,47.0394,17.379524
PHX,2019-03-30,83.0,55.0,0.0,4.427178,280.73672,8.328928,19.620491,44.8994,12.165668
PHX,2019-03-31,81.0,55.0,0.0,3.892683,225.02939,10.5251,20.09946,43.31051,13.034643
PHX,2019-04-01,83.0,58.0,0.0,4.7087107,73.58587,6.4368153,13.675893,28.1255,17.379524
PHX,2019-04-02,88.0,58.0,0.0,6.876655,176.92062,9.48942,19.999134,35.867504,19.117477
PHX,2019-04-03,79.0,63.0,0.0,5.426481,260.74927,19.2964,28.240713,41.08863,13.90362
PHX,2019-04-04,85.0,60.0,0.0,6.2703834,131.60368,13.631695,27.27861,42.236824,13.90362
PHX,2019-04-05,82.0,58.0,0.0,6.5205574,236.9747,16.0673,27.46286,42.2402,15.641572
PHX,2019-04-06,82.0,65.0,0.0,4.2432055,280.3382,24.8615,36.152893,46.625,12.165668
PHX,2019-04-07,89.0,61.0,0.0,3.799303,253.69954,9.76667,29.665665,55.6402,13.034643
PHX,2019-04-08,97.0,63.0,0.0,3.539373,119.008415,7.1250687,21.90041,41.869514,11.296691
PHX,2019-04-09,97.0,66.0,0.0,9.620209,225.5462,9.542487,19.255938,34.5277,24.331335
PHX,2019-04-10,77.0,60.0,0.0,16.87108,277.79306,7.75172,15.442739,27.2402,33.0211
PHX,2019-04-11,78.0,55.0,0.0,8.47317,276.44107,7.75172,17.07715,31.5119,24.331335
PHX,2019-04-12,76.0,64.0,0.0,6.677352,83.01273,16.2407,24.234735,37.9995,21.724405
PHX,2019-04-13,80.0,55.0,0.0,3.0808363,152.47853,15.350278,33.01924,57.22561,8.689762
PHX,2019-04-14,86.0,58.0,0.0,5.3860626,83.716225,11.717561,24.484303,47.180107,11.296691
PHX,2019-04-15,89.0,62.0,0.0,7.3219514,196.11186,11.910766,20.596415,35.2574,19.986454
PHX,2019-04-16,82.0,61.0,0.01,10.248078,237.70221,17.277763,39.102505,72.33054,28.676216
PHX,2019-04-17,79.0,57.0,0.0001,5.9240417,256.25055,29.9112,52.54427,83.3289,19.117477
PHX,2019-04-18,92.0,60.0,0.0,4.728223,134.9633,12.8459,33.451942,64.25731,11.296691
PHX,2019-04-19,99.0,65.0,0.0,4.7679443,122.45784,5.6979175,18.687422,43.195915,12.165668
PHX,2019-04-20,94.0,70.0,0.0,8.439024,221.70142,8.8858185,16.111952,27.0603,19.986454
PHX,2019-04-21,90.0,67.0,0.0,7.1484323,264.7062,9.247947,20.217615,37.31991,17.379524
PHX,2019-04-22,88.0,62.0,0.0,4.703136,101.430244,9.82969,18.971191,33.7246,12.165668
PHX,2019-04-23,86.0,64.0,0.0,4.585366,88.4823,16.6331,25.097975,39.132706,20.85543
PHX,2019-04-24,94.0,65.0,0.0,5.4473867,197.71573,10.1544,28.133598,50.3178,13.034643
PHX,2019-04-25,99.0,68.0,0.0,4.9839272,147.62782,8.70334,20.003992,37.4955,12.165668
PHX,2019-04-26,100.0,71.0,0.0,6.565157,267.82883,8.593047,17.350191,35.164703,19.117477
PHX,2019-04-27,98.0,71.0,0.0,6.3665504,232.28737,7.4017367,15.166666,28.710505,15.641572
PHX,2019-04-28,97.0,69.0,0.0,6.6536584,217.75215,7.7528353,14.604829,26.3231,17.379524
PHX,2019-04-29,87.0,63.0,0.08,8.68432,205.25917,12.672663,23.76141,62.8489,26.069286
PHX,2019-04-30,83.0,61.0,0.0,5.585366,170.7196,28.145176,44.638134,72.21912,13.90362
PHX,2019-05-01,88.0,65.0,0.0,4.9755416,255.98813,14.91238,30.017208,52.2197,11.0
PHX,2019-05-02,88.0,64.0,0.0,4.593728,248.69148,8.32415,21.923904,42.8801,11.0
PHX,2019-05-03,94.0,65.0,0.0,4.020964,194.41678,5.88267,17.803345,33.157,11.0
PHX,2019-05-04,95.0,66.0,0.0,5.1306777,161.50485,6.5723076,16.741306,30.754921,13.0
PHX,2019-05-05,94.0,67.0,0.0,5.1069183,5.614108,8.3593855,15.610977,31.922,13.0
PHX,2019-05-06,86.0,67.0,0.0,6.696017,206.36378,15.0246,22.440536,33.9966,15.0
PHX,2019-05-07,80.0,60.0,0.01,5.247387,302.01257,22.047052,39.572174,69.9241,16.0
PHX,2019-05-08,88.0,65.0,0.0001,8.096864,89.818794,19.00567,42.155052,56.271103,22.0
PHX,2019-05-09,90.0,64.0,0.0,7.5254354,109.17577,15.599287,36.20169,60.90284,13.0
PHX,2019-05-10,87.0,66.0,0.0,7.8013935,253.42491,15.5868,33.880318,46.7557,19.0
PHX,2019-05-11,87.0,64.0,0.01,5.926625,267.37738,20.54248,33.851303,56.768,19.0
PHX,2019-05-12,86.0,65.0,0.02,6.828092,122.9327,28.145176,45.958527,72.7207,18.0
PHX,2019-05-13,91.0,65.0,0.0,5.1463413,143.38762,20.3865,37.98798,61.162,10.0
PHX,2019-05-14,98.0,71.0,0.0,4.4297695,253.5525,13.2685,25.49913,42.510735,11.0
PHX,2019-05-15,100.0,73.0,0.0,6.3263454,241.60085,11.1819725,20.036884,39.432705,19.0
PHX,2019-05-16,94.0,73.0,0.0,12.204878,231.54022,8.667876,20.311316,38.256405,24.0
PHX,2019-05-17,81.0,61.0,0.0,9.180992,264.13123,14.9121,23.601505,34.912,26.0
PHX,2019-05-18,86.0,62.0,0.0,4.139373,260.53003,7.85898,17.458351,33.7246,14.0
PHX,2019-05-19,81.0,68.0,0.0,9.309574,266.0474,17.277763,25.115204,36.2547,22.0
PHX,2019-05-20,77.0,60.0,0.0,11.282927,248.06277,17.3319,28.72823,43.609444,23.0
PHX,2019-05-21,83.0,57.0,0.0,10.353599,218.98254,12.0293,31.390648,54.993637,23.0
PHX,2019-05-22,77.0,60.0,0.0,7.0,246.35597,23.0551,33.34505,47.15424,16.0
PHX,2019-05-23,76.0,54.0,0.06,7.110801,271.75974,22.34878,42.889572,89.88164,21.0
PHX,2019-05-24,88.0,59.0,0.0,3.2361984,310.15723,9.939548,25.542624,51.4804,11.0
PHX,2019-05-25,94.0,63.0,0.0,6.5422783,190.13834,3.93899,14.886515,26.8542,15.0
PHX,2019-05-26,85.0,66.0,0.0,7.924528,214.40689,18.4573,23.086645,28.0262,23.0
PHX,2019-05-27,79.0,65.0,0.0,9.62963,252.23627,17.64775,28.447706,45.05322,18.0
PHX,2019-05-28,84.0,61.0,0.0,3.8264809,264.76434,11.840176,21.174932,36.677902,11.0
PHX,2019-05-29,91.0,65.0,0.0,3.2613556,262.4083,13.046488,20.033508,31.5535,14.0
PHX,2019-05-30,96.0,71.0,0.0,3.8125436,354.76288,10.3553,18.878021,32.16281,11.0
PHX,2019-05-31,99.0,72.0,0.0,7.4737945,212.14458,8.38822,16.607716,28.850718,17.0
PHX,2019-06-01,98.0,72.0,0.0,6.7302585,251.64442,10.669263,18.158875,28.43425,19.0
PHX,2019-06-02,96.0,76.0,0.0,6.8155136,247.51292,13.7055,25.0768,38.571,16.0
PHX,2019-06-03,98.0,74.0,0.0,6.6415095,262.19156,13.0465,22.808895,38.256405,15.0
PHX,2019-06-04,98.0,74.0,0.0,5.36446,281.94284,11.1749,18.45019,32.982433,14.0
PHX,2019-06-05,102.0,76.0,0.0,7.1498256,263.61337,9.31804,17.42008,29.741,15.0
PHX,2019-06-06,103.0,77.0,0.0,6.855749,270.1624,11.7829,18.60213,29.741,16.0
PHX,2019-06-07,102.0,79.0,0.0,7.4404182,260.7709,10.4071,18.824024,31.21242,20.0
PHX,2019-06-08,100.0,73.0,0.0,4.186063,9.742557,10.207591,16.294184,28.201,13.0
PHX,2019-06-09,105.0,75.0,0.0,4.232753,247.09598,6.5862265,13.472495,26.3843,11.0
PHX,2019-06-10,109.0,81.0,0.0,7.02439,141.21007,9.357206,15.4057665,27.80434,15.0
PHX,2019-06-11,108.0,84.0,0.0,7.027178,142.59454,7.34492,19.993828,35.718548,15.0
PHX,2019-06-12,112.0,80.0,0.0,4.1372824,223.99602,4.2797585,11.347337,25.2402,11.0
PHX,2019-06-13,107.0,82.0,0.0,6.2215233,84.83665,4.41265,13.21632,21.6196,14.0
PHX,2019-06-14,105.0,77.0,0.0,7.979094,237.0149,6.20443,11.433809,20.169147,17.0
PHX,2019-06-15,105.0,77.0,0.0,5.250871,155.84259,8.540627,15.694395,28.678143,11.0
PHX,2019-06-16,107.0,80.0,0.0,6.394425,277.2349,8.593047,15.369053,28.1452,14.0
PHX,2019-06-17,105.0,82.0,0.0,7.9142857,216.88031,6.8940697,13.002741,20.1127,16.0
PHX,2019-06-18,104.0,79.0,0.0,6.3619847,234.54813,4.64287,11.337752,20.441935,15.0
PHX,2019-06-19,104.0,76.0,0.0,5.476655,268.96167,5.6296663,10.376828,21.687544,13.0
PHX,2019-06-20,104.0,76.0,0.0,6.774216,214.04553,5.64231,10.760114,21.846,16.0
PHX,2019-06-21,103.0,77.0,0.0,8.889587,204.95721,8.091105,14.252546,21.846,21.0
PHX,2019-06-22,99.0,77.0,0.0,7.225784,233.83528,10.0366,20.438639,34.66911,17.0
PHX,2019-06-23,100.0,76.0,0.0,5.3574915,239.50764,7.876735,19.374523,39.0557,15.0
PHX,2019-06-24,103.0,75.0,0.0,4.650174,81.427704,5.2840695,13.02981,23.350224,11.0
PHX,2019-06-25,105.0,76.0,0.0,8.041115,257.43243,6.7108874,12.17985,21.065304,16.0
PHX,2019-06-26,104.0,78.0,0.0,7.9428573,232.31935,10.4928875,16.615543,22.841442,19.0
PHX,2019-06-27,104.0,79.0,0.0,4.338225,332.16165,5.201369,11.4836445,24.3819,12.0
PHX,2019-06-28,110.0,80.0,0.0,5.702439,275.77893,5.171566,9.860225,21.393305,15.0
PHX,2019-06-29,111.0,86.0,0.0,6.8979735,293.0735,5.273105,10.984859,18.755026,21.0
PHX,2019-06-30,110.0,89.0,0.0,8.467596,269.7612,7.651837,13.905121,21.704405,17.0
PHX,2019-07-01,110.0,87.0,0.0,7.01918,264.2656,9.204647,16.373404,30.3579,18.0
PHX,2019-07-02,108.0,84.0,0.0,6.5609756,263.7873,9.05667,15.39367,26.1948,19.0
PHX,2019-07-03,108.0,82.0,0.0,7.2508736,217.54623,6.49443,15.827933,30.10892,17.0
PHX,2019-07-04,107.0,78.0,0.0,6.581185,190.63496,7.05359,13.681051,23.846704,14.0
PHX,2019-07-05,105.0,79.0,0.0,5.048084,26.674366,7.2876577,12.685605,22.841442,11.0
PHX,2019-07-06,106.0,81.0,0.0,3.4856744,336.89514,7.1553793,14.000126,28.2087,11.0
PHX,2019-07-07,109.0,86.0,0.0,7.760976,226.80524,5.634268,13.081347,24.676,22.0
PHX,2019-07-08,105.0,76.0,0.0,7.7058,192.90892,3.35696,8.406304,17.795034,17.0
PHX,2019-07-09,105.0,76.0,0.0,4.1630664,285.82666,3.5644567,9.200884,17.159117,10.0
PHX,2019-07-10,111.0,84.0,0.0,5.940601,272.73685,7.78967,12.934818,20.389912,15.0
PHX,2019-07-11,114.0,90.0,0.0,10.794425,263.96985,7.8969693,13.75585,19.756735,27.0
PHX,2019-07-12,112.0,91.0,0.0,5.6090593,26.296467,11.5603,16.258429,22.26411,17.0
PHX,2019-07-13,110.0,92.0,0.0,8.021603,264.26996,14.1545,20.313715,29.0045,18.0
PHX,2019-07-14,109.0,92.0,0.0,7.108014,276.1335,16.0604,24.502163,33.481823,16.0
PHX,2019-07-15,114.0,89.0,0.0,6.768641,231.54538,12.219,23.854313,40.6101,16.0
PHX,2019-07-16,115.0,89.0,0.0,7.441812,250.18178,6.6409364,17.022493,31.6226,19.0
PHX,2019-07-17,106.0,90.0,0.0,7.27108,281.54922,21.44089,26.517818,33.99,16.0
PHX,2019-07-18,107.0,86.0,0.0,7.138365,266.51593,9.38586,19.633396,32.600224,18.0
PHX,2019-07-19,108.0,86.0,0.0,6.4731708,263.9112,9.669075,17.427332,31.1269,16.0
PHX,2019-07-20,108.0,84.0,0.0,5.973445,263.03598,9.13944,14.756763,22.3448,15.0
PHX,2019-07-21,109.0,86.0,0.0,7.84696,267.80145,15.8809,28.178978,46.25494,18.0
PHX,2019-07-22,104.0,81.0,0.0001,8.030747,226.57532,21.877672,35.920036,64.68674,29.0
PHX,2019-07-23,107.0,83.0,0.0,4.7421603,107.847694,20.21216,35.972633,60.814526,11.0
PHX,2019-07-24,102.0,80.0,0.04,7.206848,262.37805,28.7547,41.579235,76.6996,17.0
PHX,2019-07-25,108.0,88.0,0.0,6.451568,263.74335,22.578178,33.9439,53.638535,18.0
PHX,2019-07-26,110.0,90.0,0.0,7.359582,257.44028,19.058157,28.293367,46.6834,19.0
PHX,2019-07-27,113.0,93.0,0.0,6.9407663,267.1248,11.5603,21.078371,32.5603,18.0
PHX,2019-07-28,111.0,92.0,0.0,7.186583,277.68124,11.8672,22.151358,31.3069,15.0
PHX,2019-07-29,110.0,92.0,0.0,8.393728,246.12778,14.533281,25.404852,34.6484,18.0
PHX,2019-07-30,107.0,76.0,0.13,7.1351914,143.53632,20.479036,40.479355,90.172104,23.0
PHX,2019-07-31,97.0,76.0,0.0001,5.0898952,168.91742,34.9527,60.78974,87.48222,11.0
PHX,2019-08-01,105.0,83.0,0.0,4.2466807,103.27174,24.7649,42.97627,77.1163,9.0
PHX,2019-08-02,110.0,90.0,0.0,4.491964,272.87308,18.1999,29.870138,48.8009,13.0
PHX,2019-08-03,114.0,83.0,0.1,6.3358884,75.36314,15.8809,28.96282,65.257545,28.0
PHX,2019-08-04,111.0,86.0,0.0,4.6750526,60.336388,16.0604,29.538689,51.167645,17.0
PHX,2019-08-05,115.0,89.0,0.0,7.290007,65.575836,11.563177,26.065657,43.55041,25.0
PHX,2019-08-06,102.0,89.0,0.0,4.0216026,123.01105,24.30557,35.02634,44.802727,11.0
PHX,2019-08-07,107.0,88.0,0.0,6.9944253,268.70316,21.44089,36.14201,49.8838,29.0
PHX,2019-08-08,108.0,86.0,0.0,4.7818813,257.29413,15.6401,29.446617,44.81125,14.0
PHX,2019-08-09,101.0,89.0,0.0,5.3466105,191.33344,23.4679,31.96801,49.8838,14.0
PHX,2019-08-10,103.0,86.0,0.0,7.328223,200.93523,26.295666,39.144787,52.9941,20.0
PHX,2019-08-11,105.0,83.0,0.0,6.0810623,142.71104,18.755,37.911457,58.5494,14.0
PHX,2019-08-12,106.0,89.0,0.0,4.740741,337.1368,9.8264,15.585734,28.5525,11.0
PHX,2019-08-13,110.0,83.0,0.0,4.3438153,264.48972,10.4515,16.917652,27.78543,11.0
PHX,2019-08-14,114.0,83.0,0.0,3.7874565,246.32666,4.86635,15.488862,39.660435,11.0
PHX,2019-08-15,114.0,85.0,0.0,6.2898955,243.9759,3.12793,13.445796,27.12214,17.0
PHX,2019-08-16,111.0,85.0,0.0,5.374563,160.88594,11.8672,17.983345,29.2546,13.0
PHX,2019-08-17,108.0,86.0,0.0,5.036237,244.81712,12.546,24.05448,41.744034,11.0
PHX,2019-08-18,105.0,84.0,0.0,3.5192173,85.00179,10.799855,18.099478,32.243046,8.0
PHX,2019-08-19,109.0,81.0,0.0,4.3808527,295.45898,6.7734466,15.762748,28.43425,13.0
PHX,2019-08-20,113.0,83.0,0.0,4.5443745,253.54108,6.2070065,14.179584,28.6014,14.0
PHX,2019-08-21,114.0,85.0,0.0,5.6247377,274.63074,3.7570992,12.382592,27.78543,17.0
PHX,2019-08-22,110.0,85.0,0.0,7.6285715,140.53957,13.74688,20.488346,39.488,15.0
PHX,2019-08-23,105.0,86.0,0.0,5.491265,221.01695,19.873169,33.599594,49.437626,16.0
PHX,2019-08-24,102.0,85.0,0.0,7.7078967,270.8847,27.897268,43.128674,63.395924,15.0
PHX,2019-08-25,103.0,85.0,0.0,10.148149,265.60016,25.4409,42.38245,61.0647,20.0
PHX,2019-08-26,107.0,88.0,0.0,6.9608665,259.75186,19.4238,34.45786,55.3154,13.0
PHX,2019-08-27,111.0,91.0,0.0,8.121593,271.89316,17.3273,28.835064,42.6355,17.0
PHX,2019-08-28,109.0,79.0,0.14,7.948288,247.03876,19.685957,34.16918,82.0264,22.0
PHX,2019-08-29,106.0,80.0,0.0,4.562544,287.26395,21.4459,44.25648,78.98865,11.0
PHX,2019-08-30,109.0,86.0,0.0,6.58885,248.09238,17.090889,30.399899,46.255726,16.0
PHX,2019-08-31,107.0,86.0,0.0,4.999301,239.19547,15.9279,28.838074,49.5965,11.0
PHX,2019-09-01,108.0,86.0,0.0001,7.0139375,14.272579,21.7179,34.708138,52.9941,37.0
PHX,2019-09-02,106.0,85.0,0.0,5.863732,274.53485,19.30596,33.65332,51.36681,15.0
PHX,2019-09-03,109.0,86.0,0.0,6.7568135,262.19998,16.30576,30.272661,49.437626,16.0
PHX,2019-09-04,112.0,88.0,0.0,7.1456447,163.32413,13.952,28.126635,46.388844,16.0
PHX,2019-09-05,110.0,89.0,0.0,5.6387143,203.8492,11.807254,27.796555,46.55105,14.0
PHX,2019-09-06,108.0,89.0,0.0,6.8418117,263.23587,17.54807,30.479687,43.55041,15.0
PHX,2019-09-07,109.0,90.0,0.0,8.227813,269.74298,15.416365,28.885498,46.6834,19.0
PHX,2019-09-08,103.0,86.0,0.0,7.1163764,255.38274,22.487574,35.9966,46.25494,20.0
PHX,2019-09-09,100.0,82.0,0.0,5.383648,281.4937,24.17789,40.363083,62.615204,16.0
PHX,2019-09-10,100.0,83.0,0.0,9.802788,219.65366,22.968176,43.76798,63.395924,18.0
PHX,2019-09-11,98.0,81.0,0.0,5.098258,310.72818,27.0993,36.032375,46.25494,14.0
PHX,2019-09-12,102.0,80.0,0.0,3.643606,276.74164,9.478677,24.801598,43.8979,10.0
PHX,2019-09-13,106.0,79.0,0.0,3.4178896,277.5175,8.14198,17.010704,28.737925,10.0
PHX,2019-09-14,104.0,83.0,0.0001,8.460628,114.98779,19.753654,30.673246,51.0819,27.0
PHX,2019-09-15,99.0,81.0,0.0,4.6792455,126.29172,24.613,35.558697,47.4856,12.0
PHX,2019-09-16,99.0,77.0,0.02,7.943554,133.28143,26.4556,40.603924,71.0325,24.0
PHX,2019-09-17,98.0,76.0,0.0,4.691824,138.48976,26.486,41.33048,60.064335,12.0
PHX,2019-09-18,103.0,80.0,0.0,5.298393,189.42365,14.596196,30.931349,48.57582,13.0
PHX,2019-09-19,102.0,79.0,0.0,7.510133,225.74446,10.639981,22.128056,36.4393,16.0
PHX,2019-09-20,97.0,73.0,0.0,5.546471,265.509,9.67648,18.268784,35.6007,15.0
PHX,2019-09-21,96.0,70.0,0.0,4.4109015,36.049522,9.223727,18.600197,33.5654,11.0
PHX,2019-09-22,98.0,72.0,0.0,4.266899,86.0637,10.3553,18.503641,38.5848,11.0
PHX,2019-09-23,90.0,69.0,0.17,10.083858,63.678165,43.240887,72.323105,100.0,25.0
PHX,2019-09-24,88.0,68.0,0.01,6.4849753,103.26089,35.050674,57.83489,86.4842,19.0
PHX,2019-09-25,89.0,73.0,0.0,5.7254357,119.46749,36.205288,54.51431,70.8283,21.0
PHX,2019-09-26,89.0,72.0,0.05,4.668763,189.1154,44.6461,68.01969,93.4268,19.0
PHX,2019-09-27,87.0,71.0,0.0,3.9853249,277.35016,37.18456,60.22509,93.4268,11.0
PHX,2019-09-28,94.0,71.0,0.0,5.993012,153.21698,27.999893,48.214542,73.4019,13.0
PHX,2019-09-29,91.0,74.0,0.0,5.261356,266.33093,25.537,40.822693,59.66272,14.0
PHX,2019-09-30,91.0,68.0,0.0,4.063592,273.42575,13.4529,30.273712,58.6008,13.0
PHX,2019-10-01,91.0,65.0,0.0,4.4744935,150.96036,11.4795,23.3586,50.1031,11.0
PHX,2019-10-02,91.0,66.0,0.0,4.383648,24.86183,15.923877,27.607779,45.1933,9.0
PHX,2019-10-03,96.0,68.0,0.0,3.271838,267.25403,16.0231,30.371296,45.04131,11.0
PHX,2019-10-04,95.0,73.0,0.0,4.455749,264.85287,22.5437,34.596382,53.3605,11.0
PHX,2019-10-05,95.0,70.0,0.0,3.856446,336.48724,15.541099,32.128345,54.9818,11.0
PHX,2019-10-06,96.0,67.0,0.0,3.3878407,65.23687,9.542487,24.176914,48.730923,11.0
PHX,2019-10-07,98.0,67.0,0.0,3.8891985,124.11958,10.009399,19.987993,36.35882,10.0
PHX,2019-10-08,97.0,69.0,0.0,3.6771488,260.6129,9.15773,25.261007,47.0615,13.0
PHX,2019-10-09,94.0,67.0,0.0,6.64669,155.15045,12.4895,25.548483,42.043232,14.0
PHX,2019-10-10,88.0,67.0,0.0,6.322851,289.7329,5.3983903,21.072042,39.1327,16.0
PHX,2019-10-11,87.0,63.0,0.0,6.322648,40.095703,4.435013,11.636803,23.358723,16.0
PHX,2019-10-12,90.0,64.0,0.0,3.8476589,185.34319,12.920963,20.476803,31.195848,10.0
PHX,2019-10-13,93.0,64.0,0.0,4.023061,93.760056,11.695099,24.400223,41.088253,9.0
PHX,2019-10-14,89.0,65.0,0.0,4.8020906,92.82831,29.43079,35.12569,46.436325,9.0
PHX,2019-10-15,93.0,68.0,0.0,3.2019567,297.56454,15.000604,30.679045,50.85981,10.0
PHX,2019-10-16,98.0,67.0,0.0,5.0487804,93.28173,7.847466,20.299364,36.695335,13.0
PHX,2019-10-17,96.0,71.0,0.0,7.1881533,190.02333,14.972734,22.490414,31.47478,16.0
PHX,2019-10-18,85.0,68.0,0.0,4.9728217,257.07047,14.47694,25.275688,43.516895,15.0
PHX,2019-10-19,86.0,60.0,0.0,3.9699512,120.687065,8.944341,23.406523,46.338455,11.0
PHX,2019-10-20,87.0,58.0,0.0,5.400419,178.74568,9.029824,19.615438,35.867504,11.0
PHX,2019-10-21,86.0,59.0,0.0,3.0684836,267.48413,7.268366,14.920573,28.339516,10.0
PHX,2019-10-22,90.0,59.0,0.0,3.7155836,359.54312,9.040288,19.112204,36.046535,9.0
PHX,2019-10-23,91.0,62.0,0.0,3.9233449,139.31245,11.1819725,21.367132,32.12623,8.0
PHX,2019-10-24,85.0,60.0,0.0,7.538676,37.325592,5.3839765,16.566967,40.62449,19.0
PHX,2019-10-25,84.0,66.0,0.0,8.411847,65.40839,6.3917336,10.704252,23.085554,21.0
PHX,2019-10-26,85.0,57.0,0.0,4.204752,105.72204,10.5983,20.713114,34.407505,11.0
PHX,2019-10-27,88.0,57.0,0.0,7.398323,134.15302,11.523054,19.177446,35.54093,15.0
PHX,2019-10-28,75.0,56.0,0.0,7.2801394,266.07504,8.648408,16.881779,30.12045,18.0
PHX,2019-10-29,75.0,48.0,0.0,4.6575823,245.72476,7.7235475,19.563953,31.421282,13.0
PHX,2019-10-30,70.0,53.0,0.0,8.193728,22.432478,5.8898954,9.446237,22.758808,19.0
PHX,2019-10-31,76.0,43.0,0.0,4.680836,66.47969,4.6670747,12.151954,23.849566,20.0
PHX,2019-11-01,81.0,46.0,0.0,2.087108,29.307089,5.9545007,16.924896,32.593575,10.0
PHX,2019-11-02,88.0,53.0,0.0,2.3319356,83.85948,7.1164727,16.735462,29.958912,11.0
PHX,2019-11-03,86.0,60.0,0.0,3.1537387,120.74178,11.194332,18.506235,32.53118,11.0
PHX,2019-11-04,86.0,57.0,0.0,3.5045424,109.74859,11.717561,23.871704,34.307835,10.0
PHX,2019-11-05,89.0,58.0,0.0,3.137666,106.31198,13.900001,24.604885,37.692978,10.0
PHX,2019-11-06,86.0,64.0,0.0001,3.8954704,258.0401,19.41085,32.256927,48.42797,17.0
PHX,2019-11-07,87.0,62.0,0.0,2.9770036,85.47405,18.204342,35.009518,50.03228,7.0
PHX,2019-11-08,88.0,63.0,0.0,6.1254354,77.272316,16.308556,29.733854,44.881535,16.0
PHX,2019-11-09,85.0,61.0,0.0,2.374216,77.884056,21.27909,29.527683,42.197723,15.0
PHX,2019-11-10,87.0,61.0,0.0,2.814116,227.01553,22.188364,34.105495,51.644176,11.0
PHX,2019-11-11,87.0,62.0,0.0,3.3508036,261.44177,17.571222,29.705505,51.925587,11.0
PHX,2019-11-12,82.0,62.0,0.0,5.791055,111.75861,21.265543,30.63928,44.41143,15.0
PHX,2019-11-13,79.0,58.0,0.0,4.1414633,116.08995,19.572815,30.963366,42.555634,9.0
PHX,2019-11-14,81.0,57.0,0.0,3.5492663,101.26104,17.422934,32.72374,48.73428,9.0
PHX,2019-11-15,84.0,58.0,0.0,3.3616724,98.251335,14.682789,27.899324,45.539257,11.0
PHX,2019-11-16,81.0,58.0,0.0,2.7085953,69.16786,16.067331,28.268267,40.606575,9.0
PHX,2019-11-17,85.0,55.0,0.0,2.698258,71.46057,10.5983,25.302301,43.31051,9.0
PHX,2019-11-18,85.0,56.0,0.0,3.17051,102.668144,10.5983,23.018715,36.983395,9.0
PHX,2019-11-19,76.0,58.0,0.35,6.4220824,115.84402,17.008785,51.161804,93.03501,22.0
PHX,2019-11-20,69.0,56.0,0.31,10.4369335,174.13052,60.33517,80.562126,92.43185,23.0
PHX,2019-11-21,62.0,53.0,0.18,5.5296993,86.56411,55.567047,78.76021,92.92053,16.0
PHX,2019-11-22,66.0,51.0,0.0,2.6006968,3.5947976,42.880062,65.99534,92.83057,8.0
PHX,2019-11-23,72.0,49.0,0.0,2.4801393,6.6182966,23.84732,54.03874,86.06188,10.0
PHX,2019-11-24,73.0,50.0,0.0,1.691125,275.83798,25.829954,51.187187,79.54372,5.0
PHX,2019-11-25,68.0,49.0,0.0,5.505241,175.01515,36.370975,57.541183,76.86228,17.0
PHX,2019-11-26,61.0,46.0,0.0,5.0545073,266.43353,16.828712,30.34781,49.32158,14.0
PHX,2019-11-27,68.0,44.0,0.0,3.8968642,129.93848,35.867504,49.130478,66.70075,10.0
PHX,2019-11-28,70.0,57.0,0.01,10.636237,159.65198,38.939228,56.74616,74.27023,23.0
PHX,2019-11-29,62.0,46.0,0.7,10.933798,207.95755,41.91751,67.80014,92.8002,31.0
PHX,2019-11-30,59.0,43.0,0.0,2.2933798,88.55283,31.706743,60.530342,88.71353,7.0
PHX,2019-12-01,68.0,42.0,0.0,2.5200312,81.39374,21.345661,52.579277,81.97894,11.296691
PHX,2019-12-02,70.0,46.0,0.0,2.3462358,76.99696,28.511564,52.739616,73.84703,8.689762
PHX,2019-12-03,67.0,47.0,0.0001,3.8234954,40.33842,34.207344,57.205944,77.25818,10.427715
PHX,2019-12-04,75.0,56.0,0.0001,4.7793694,214.3983,33.99657,57.632584,83.87503,14.772596
PHX,2019-12-05,71.0,54.0,0.0,2.1724405,239.16412,43.516895,63.952866,86.66236,6.95181
PHX,2019-12-06,72.0,53.0,0.0,3.475905,88.389656,36.25469,59.603344,80.07423,11.296691
PHX,2019-12-07,71.0,51.0,0.1,3.8234954,130.83595,39.257133,66.93708,93.03501,10.427715
PHX,2019-12-08,63.0,57.0,0.01,2.9545193,131.11742,72.33054,85.10766,93.008835,11.296691
PHX,2019-12-09,67.0,52.0,0.01,4.171086,248.74408,56.11741,80.93557,100.0,13.90362
PHX,2019-12-10,69.0,47.0,0.0,2.5200312,71.5285,27.33667,61.321976,92.76658,7.820786
PHX,2019-12-11,70.0,48.0,0.0,2.3462358,121.284065,30.880556,56.702812,79.97791,12.165668
PHX,2019-12-12,69.0,47.0,0.0,3.3890073,143.06271,37.31991,61.475063,80.064575,6.95181
PHX,2019-12-13,69.0,48.0,0.0,4.0841885,107.71271,35.760437,64.70565,83.41674,8.689762
PHX,2019-12-14,71.0,49.0,0.0,4.171086,95.95659,35.93618,60.994377,83.41674,7.820786
PHX,2019-12-15,66.0,48.0,0.0,6.8649125,257.35352,20.747662,51.591877,82.85773,21.724405
PHX,2019-12-16,62.0,42.0,0.0,5.561448,314.9671,16.03063,35.00485,62.06027,18.2485
PHX,2019-12-17,62.0,38.0,0.0,7.7338886,55.088036,10.071569,21.730711,44.13661,15.641572
PHX,2019-12-18,67.0,49.0,0.0,10.080125,80.06137,11.670958,18.982332,29.02089,19.986454
PHX,2019-12-19,65.0,40.0,0.0,2.8676217,271.9633,18.846079,32.822697,53.50473,10.427715
PHX,2019-12-20,69.0,40.0,0.0,1.7379525,65.68052,13.373921,36.146393,59.833435,7.820786
PHX,2019-12-21,73.0,45.0,0.0,4.9531646,113.60526,15.752456,28.97236,42.32526,12.165668
PHX,2019-12-22,72.0,52.0,0.0,6.082834,103.980515,14.47694,25.563768,33.439117,12.165668
PHX,2019-12-23,64.0,54.0,0.02,6.7780147,93.80707,25.888304,36.66565,77.20622,15.641572
PHX,2019-12-24,59.0,52.0,0.11,7.5600934,114.20841,71.694244,81.95288,92.89372,19.117477
PHX,2019-12-25,57.0,46.0,0.22,4.344881,81.774666,57.22561,80.67482,96.685585,11.296691
PHX,2019-12-26,61.0,44.0,0.13,6.1614256,120.406425,43.77804,69.50352,86.326836,25.200312
PHX,2019-12-27,51.0,46.0,0.1,4.171086,130.68387,74.153496,83.78874,93.05812,12.165668
PHX,2019-12-28,55.0,41.0,0.0,9.037353,275.41522,25.816883,58.375954,89.49497,25.200312
PHX,2019-12-29,53.0,35.0,0.0,3.041417,119.86116,37.570057,55.88543,81.52512,10.427715
PHX,2019-12-30,56.0,39.0,0.0,6.8649125,71.3773,29.958912,46.975838,75.93673,14.772596
PHX,2019-12-31,59.0,45.0,0.0001,6.95181,64.649796,29.317097,40.137894,67.89982,19.117477
PHX,2020-01-01,60.0,40.0,0.0,3.0947735,115.47088,35.688057,53.489998,73.249565,8.0
PHX,2020-01-02,64.0,41.0,0.0001,3.1359832,241.11908,27.712248,56.990738,82.04454,11.0
PHX,2020-01-03,64.0,41.0,0.0,2.1387727,115.55615,23.363607,48.601475,70.63551,7.0
PHX,2020-01-04,68.0,41.0,0.0,2.4849966,101.343254,25.984333,52.068985,76.04004,8.0
PHX,2020-01-05,70.0,42.0,0.0,2.7212543,100.97376,26.323095,52.907734,76.1241,8.0
PHX,2020-01-06,71.0,41.0,0.0,2.8904397,295.3477,17.656345,48.17376,82.04454,9.0
PHX,2020-01-07,73.0,43.0,0.0,2.912799,83.26908,13.356385,32.974895,62.20687,15.0
PHX,2020-01-08,68.0,45.0,0.0,4.5470386,122.01094,22.856588,34.322815,50.11513,10.0
PHX,2020-01-09,64.0,46.0,0.0,6.650738,139.89563,33.401276,48.885563,63.32792,16.0
PHX,2020-01-10,64.0,43.0,0.0,4.6389084,249.23611,24.116316,46.916798,70.63551,11.0
PHX,2020-01-11,63.0,40.0,0.0,4.2044816,114.272995,24.116316,44.439167,70.07997,9.0
PHX,2020-01-12,65.0,38.0,0.0,3.0425086,95.24976,24.455633,44.781624,64.62735,10.0
PHX,2020-01-13,69.0,41.0,0.0,3.6645746,97.82262,19.640985,43.604286,70.07997,11.0
PHX,2020-01-14,70.0,42.0,0.0,3.3720279,100.89806,21.532473,42.165703,62.06027,9.0
PHX,2020-01-15,69.0,47.0,0.0,2.5578802,84.35889,25.016504,43.18865,60.882473,8.0
PHX,2020-01-16,66.0,51.0,0.0,5.2537,113.801895,36.192703,54.491985,73.89112,15.0
PHX,2020-01-17,65.0,45.0,0.0,4.2153845,126.00849,37.987774,62.05446,85.77325,10.0
PHX,2020-01-18,70.0,42.0,0.0,2.4216027,273.19922,20.752853,47.397804,79.35582,10.0
PHX,2020-01-19,76.0,44.0,0.0,3.8548274,64.54242,15.726882,35.597412,62.82853,19.0
PHX,2020-01-20,74.0,55.0,0.0,6.326761,85.770836,23.05514,29.08977,37.999466,13.0
PHX,2020-01-21,64.0,53.0,0.19,3.3259943,255.27722,37.692978,84.32021,96.7575,15.0
PHX,2020-01-22,64.0,51.0,0.0,1.685654,265.95926,50.03228,78.45898,92.92053,6.0
PHX,2020-01-23,71.0,47.0,0.0,2.5205574,120.422966,34.434532,62.350132,89.665146,8.0
PHX,2020-01-24,73.0,48.0,0.0,2.6290097,167.89432,24.971912,49.939404,76.9423,8.0
PHX,2020-01-25,73.0,48.0,0.0,3.5049157,104.949135,27.847334,52.593887,71.18763,8.0
PHX,2020-01-26,73.0,49.0,0.0,2.9344492,105.96786,32.16281,55.189304,77.25818,9.0
PHX,2020-01-27,74.0,51.0,0.0,5.6926317,273.6317,18.185493,44.871086,73.89112,18.0
PHX,2020-01-28,72.0,46.0,0.0,2.9481792,98.80157,14.674313,32.199966,54.23788,9.0
PHX,2020-01-29,67.0,47.0,0.0,4.5582695,91.36871,27.853601,41.284184,56.097176,11.0
PHX,2020-01-30,70.0,45.0,0.0,4.579761,275.20117,16.600407,31.25081,53.000835,11.0
PHX,2020-01-31,73.0,44.0,0.0,2.8533332,225.44818,12.735657,32.450863,58.46705,8.0
PHX,2020-02-01,78.0,46.0,0.0,2.6659694,99.260445,14.620517,34.03118,53.50473,10.0
PHX,2020-02-02,79.0,49.0,0.0,4.358042,131.89998,16.398243,31.513817,50.28439,11.0
PHX,2020-02-03,65.0,45.0,0.0,9.912319,263.97754,8.386669,27.615013,46.4247,21.0
PHX,2020-02-04,55.0,35.0,0.0,5.63572,250.43994,13.924365,20.279272,30.761812,11.0
PHX,2020-02-05,55.0,35.0,0.0,4.651344,249.71622,10.303452,22.651363,38.102173,10.0
PHX,2020-02-06,61.0,36.0,0.0,4.5733333,101.23208,16.02942,27.551771,40.673306,9.0
PHX,2020-02-07,67.0,41.0,0.0,3.8855548,110.44366,18.473837,32.424145,50.66847,8.0
PHX,2020-02-08,72.0,44.0,0.0,3.2383275,104.925735,20.740662,36.72296,55.432976,10.0
PHX,2020-02-09,76.0,47.0,0.0,7.032235,133.52151,23.05514,37.65556,55.937107,18.0
PHX,2020-02-10,72.0,52.0,0.06,4.020582,229.78577,33.565395,59.547066,89.12907,22.0
PHX,2020-02-11,60.0,47.0,0.24,5.2524614,335.85144,34.307835,71.19536,89.28615,15.0
PHX,2020-02-12,64.0,43.0,0.0,3.8043327,138.74776,29.626625,51.02252,82.124245,10.0
PHX,2020-02-13,68.0,43.0,0.0,3.242616,97.29063,25.675928,49.474304,76.01056,9.0
PHX,2020-02-14,72.0,48.0,0.0,3.1806138,173.16695,26.461527,44.813763,73.38346,10.0
PHX,2020-02-15,73.0,46.0,0.0,3.5052557,126.860664,17.657812,43.24801,70.734,10.0
PHX,2020-02-16,74.0,46.0,0.0,3.5268667,106.461655,19.734524,38.631348,60.76102,8.0
PHX,2020-02-17,76.0,49.0,0.0,3.9411764,121.12149,18.185816,39.11958,63.335434,9.0
PHX,2020-02-18,79.0,51.0,0.0,3.683916,117.539696,20.169147,39.569,65.37625,8.0
PHX,2020-02-19,79.0,53.0,0.0,3.34342,132.1297,17.014273,39.48525,59.127327,10.0
PHX,2020-02-20,82.0,51.0,0.0,3.550105,81.19677,14.485305,31.935654,54.263977,11.0
PHX,2020-02-21,77.0,62.0,0.0,8.406383,88.03911,24.429108,32.073536,42.555634,19.0
PHX,2020-02-22,69.0,56.0,1.04,8.513415,119.45665,37.14392,82.67074,96.78369,16.0
PHX,2020-02-23,64.0,49.0,0.0001,4.177135,261.2455,44.41143,60.515156,89.03869,14.0
PHX,2020-02-24,71.0,49.0,0.0,4.2823033,146.6497,28.326746,60.477207,86.06188,11.0
PHX,2020-02-25,68.0,47.0,0.0,8.499608,40.51908,8.981416,27.956854,66.717316,20.0
PHX,2020-02-26,67.0,46.0,0.0,6.374648,59.15691,10.256021,20.177725,46.4247,14.0
PHX,2020-02-27,77.0,45.0,0.0,3.3393729,83.964874,12.2440405,31.370955,60.61191,8.0
PHX,2020-02-28,77.0,51.0,0.0,3.4979079,75.983765,15.726882,33.679466,60.73043,14.0
PHX,2020-02-29,79.0,51.0,0.0,3.8174157,87.25339,16.406256,34.146023,60.461624,11.0
PHX,2020-03-01,77.0,53.0,0.0,6.181818,161.9774,15.229177,32.811886,56.165054,16.0
PHX,2020-03-02,70.0,50.0,0.0,6.4327273,178.64743,25.984333,43.3191,57.22561,16.0
PHX,2020-03-03,76.0,52.0,0.0001,7.3953815,257.98883,19.183722,40.578873,68.85949,19.0
PHX,2020-03-04,75.0,51.0,0.0,3.6706293,111.033516,27.847334,49.783607,76.86228,9.0
PHX,2020-03-05,84.0,54.0,0.0,5.5087476,86.94393,17.234543,36.653152,61.810585,14.0
PHX,2020-03-06,86.0,59.0,0.0,6.0898876,110.4667,16.04455,26.587502,39.188965,16.0
PHX,2020-03-07,85.0,60.0,0.0,8.217702,163.40668,15.601708,28.406376,49.21058,17.0
PHX,2020-03-08,75.0,61.0,0.0,6.19816,220.80505,23.952805,33.12404,45.84224,14.0
PHX,2020-03-09,79.0,55.0,0.0,4.045969,135.18544,26.080986,41.01674,63.864666,10.0
PHX,2020-03-10,73.0,60.0,0.28,6.0265923,72.67086,42.043232,65.902054,93.15526,16.0
PHX,2020-03-11,66.0,61.0,0.67,3.426081,97.52928,83.90756,91.88116,96.878845,10.0
PHX,2020-03-12,71.0,57.0,0.43,5.0616245,112.43754,60.893734,82.380486,96.878845,20.0
PHX,2020-03-13,66.0,53.0,0.4,6.2179856,150.77515,55.99116,80.27472,96.78369,18.0
PHX,2020-03-14,73.0,50.0,0.0,4.230769,137.03323,34.112946,36.513325,89.03869,10.0
PHX,2020-03-15,77.0,53.0,0.0,3.8489208,254.49179,25.17393,44.340725,86.66236,10.0
PHX,2020-03-16,78.0,53.0,0.0,5.7746077,183.8589,26.4232,64.94444,74.27023,15.0
PHX,2020-03-17,75.0,58.0,0.0,4.8824363,258.70648,31.860828,48.61357,69.12093,13.0
PHX,2020-03-18,69.0,50.0,0.15,7.5163636,156.64769,37.31991,65.8625,86.2867,18.0
PHX,2020-03-19,65.0,49.0,0.01,4.795356,139.70056,29.770138,56.09579,89.03869,10.0
PHX,2020-03-20,71.0,48.0,0.0,2.8082864,275.9665,27.598555,46.93458,77.25818,9.0
PHX,2020-03-21,75.0,52.0,0.0,4.5609927,258.34598,25.48846,42.85439,71.40023,13.0
PHX,2020-03-22,73.0,55.0,0.0,3.4438202,74.94135,25.879585,43.368664,64.46826,9.0
PHX,2020-03-23,77.0,59.0,0.0,5.552196,246.56296,26.38425,45.06242,66.82998,17.0
PHX,2020-03-24,77.0,55.0,0.0,4.652452,175.71136,22.659359,40.941402,66.610664,11.0
PHX,2020-03-25,77.0,55.0,0.0,5.293212,79.481575,21.687544,39.881577,61.977386,11.0
PHX,2020-03-26,70.0,59.0,0.0,8.106587,262.9288,24.764011,33.608437,45.355434,14.0
PHX,2020-03-27,66.0,52.0,0.0001,8.615266,258.70865,20.105228,32.32838,43.63164,19.0
PHX,2020-03-28,71.0,47.0,0.0,3.7721872,135.52495,14.057844,37.43312,63.327923,8.0
PHX,2020-03-29,77.0,53.0,0.0,5.5447154,258.80936,15.024625,30.34819,56.6566,15.0
PHX,2020-03-30,77.0,53.0,0.0,3.8441927,265.5442,16.322987,31.0717,54.3439,10.0
PHX,2020-03-31,79.0,55.0,0.0,3.6966527,186.3643,19.448391,36.764015,53.40157,8.0
PHX,2020-04-01,85.0,60.0,0.0,4.694662,161.98158,16.04455,33.276127,57.71586,14.0
PHX,2020-04-02,85.0,57.0,0.0,6.4930096,225.74619,14.667774,30.208239,49.729713,17.0
PHX,2020-04-03,84.0,57.0,0.0,5.03505,181.96513,16.624666,44.664005,51.015144,15.0
PHX,2020-04-04,84.0,57.0,0.0,5.3659573,165.9305,14.024221,27.607113,59.399784,13.0
PHX,2020-04-05,86.0,58.0,0.0,6.2058396,201.16542,13.534847,23.823185,40.606575,13.0
PHX,2020-04-06,85.0,58.0,0.0,7.8303704,225.21567,10.5983,22.317123,35.867504,17.0
PHX,2020-04-07,84.0,56.0,0.0,6.65118,179.64017,18.006819,26.477423,45.217552,15.0
PHX,2020-04-08,83.0,58.0,0.0,8.1657915,237.03247,22.031775,37.437363,55.281483,21.0
PHX,2020-04-09,74.0,54.0,0.0,3.9065354,279.74744,21.040249,34.993153,61.32375,11.0
PHX,2020-04-10,79.0,53.0,0.0,4.5551624,262.87866,17.527369,31.589575,54.21172,15.0
PHX,2020-04-11,71.0,57.0,0.08,5.59639,180.04741,31.845936,43.414402,61.953804,13.0
PHX,2020-04-12,77.0,52.0,0.0,6.4120955,189.50108,27.366596,48.779522,73.89112,15.0
PHX,2020-04-13,78.0,59.0,0.0,5.766934,248.65245,31.788815,42.733803,62.48991,15.0
PHX,2020-04-14,80.0,59.0,0.0,6.832978,1.8767242,11.074862,28.34833,61.652737,15.0
PHX,2020-04-15,83.0,55.0,0.0,3.7192361,245.02579,8.328928,17.867172,32.897865,11.0
PHX,2020-04-16,86.0,56.0,0.0,5.6007066,98.892296,8.143137,19.497286,38.359814,13.0
PHX,2020-04-17,89.0,58.0,0.0,8.168377,169.10143,6.8332744,18.871065,37.48973,17.0
PHX,2020-04-18,80.0,58.0,0.0,6.5899076,226.12354,19.728224,24.927917,31.94885,15.0
PHX,2020-04-19,83.0,59.0,0.0,4.6130404,68.22353,19.213875,29.446426,43.77804,11.0
PHX,2020-04-20,87.0,62.0,0.0,6.243972,260.29227,11.740701,24.182636,42.555634,16.0
PHX,2020-04-21,83.0,63.0,0.0,5.5374546,296.0633,20.441935,27.125175,39.356537,17.0
PHX,2020-04-22,91.0,61.0,0.0,4.5304966,249.4066,12.681816,30.843561,50.03228,14.0
PHX,2020-04-23,97.0,65.0,0.0,6.1338344,252.41272,10.853893,19.778004,37.31991,20.0
PHX,2020-04-24,98.0,69.0,0.0,4.967213,244.70522,10.207591,19.225441,37.49546,14.0
PHX,2020-04-25,99.0,70.0,0.0,4.224679,291.59662,8.050009,15.485922,28.850718,11.0
PHX,2020-04-26,102.0,71.0,0.0,5.205861,198.72673,8.912857,16.758814,30.53587,15.0
PHX,2020-04-27,102.0,73.0,0.0,6.5177307,258.88953,7.2098002,16.715822,28.56002,17.0
PHX,2020-04-28,101.0,69.0,0.0,3.9795053,122.27587,7.2098002,15.533902,27.598555,10.0
PHX,2020-04-29,104.0,73.0,0.0,4.577872,142.58733,9.826402,17.07635,28.25122,10.0
PHX,2020-04-30,101.0,75.0,0.0,4.95848,299.87524,8.593047,17.041605,31.788815,11.0
PHX,2020-05-01,101.0,69.0,0.0,5.557918,246.15628,8.703342,16.034613,32.16281,15.0
PHX,2020-05-02,99.0,71.0,0.0,5.917828,239.64421,10.207591,15.966832,25.829956,17.0
PHX,2020-05-03,97.0,70.0,0.0,5.5388966,272.03967,10.444182,17.2661,29.259882,14.0
PHX,2020-05-04,99.0,69.0,0.0,4.862955,268.30923,9.000367,16.539028,28.652178,14.0
PHX,2020-05-05,103.0,71.0,0.0,4.030791,197.83293,7.1256876,14.330438,25.17393,9.0
PHX,2020-05-06,106.0,74.0,0.0,4.910575,162.92426,5.567161,13.637061,26.38425,14.0
PHX,2020-05-07,106.0,72.0,0.0,5.6418967,231.84575,5.171566,12.515792,23.05514,14.0
PHX,2020-05-08,104.0,74.0,0.0,5.2292857,255.70477,8.091105,14.112451,25.17393,13.0
PHX,2020-05-09,101.0,77.0,0.0,5.0901346,277.75827,14.361615,21.189985,29.91122,14.0
PHX,2020-05-10,100.0,81.0,0.0001,5.9646087,95.9542,14.361615,28.844662,42.492073,18.0
PHX,2020-05-11,100.0,76.0,0.0,8.396767,225.5421,9.157732,22.432081,43.27544,19.0
PHX,2020-05-12,96.0,73.0,0.0,7.5195937,271.12518,9.00769,16.987793,30.159557,19.0
PHX,2020-05-13,91.0,70.0,0.0,5.94147,288.5822,16.298288,22.376862,33.968887,15.0
PHX,2020-05-14,91.0,69.0,0.0,4.7192607,255.222,15.293185,22.951628,36.25469,10.0
PHX,2020-05-15,94.0,69.0,0.0,4.6282873,276.15768,15.000604,21.844273,35.021805,11.0
PHX,2020-05-16,98.0,71.0,0.0,5.298925,284.32065,10.967463,20.228748,37.956196,11.0
PHX,2020-05-17,102.0,74.0,0.0,6.8655953,263.90588,6.8150487,14.80276,28.20098,16.0
PHX,2020-05-18,101.0,73.0,0.0,6.233931,226.09921,8.85716,14.412556,28.25122,19.0
PHX,2020-05-19,91.0,72.0,0.0,10.193455,240.51828,7.76037,15.334389,22.057516,21.0
PHX,2020-05-20,86.0,63.0,0.0,3.9575844,268.71902,8.8784,14.430466,24.50736,11.0
PHX,2020-05-21,92.0,64.0,0.0,4.1955104,185.81572,5.950195,13.350209,26.854164,10.0
PHX,2020-05-22,96.0,66.0,0.0,6.6884317,221.15164,8.34844,13.446708,21.32955,15.0
PHX,2020-05-23,95.0,70.0,0.0,7.8651295,247.10762,8.25002,13.937965,23.900917,16.0
PHX,2020-05-24,95.0,71.0,0.0,6.4322767,263.09546,6.991877,13.801791,26.768814,14.0
PHX,2020-05-25,97.0,70.0,0.0,5.2218285,235.3777,7.04763,11.372002,18.483145,12.0
PHX,2020-05-26,103.0,72.0,0.0,4.5841656,133.37648,5.7541995,12.044176,20.265131,11.0
PHX,2020-05-27,107.0,74.0,0.0,6.767247,260.30283,7.450943,12.604796,21.687544,15.0
PHX,2020-05-28,109.0,79.0,0.0,6.8703833,272.35825,6.7734466,12.54459,21.619581,17.0
PHX,2020-05-29,112.0,82.0,0.0,4.648827,135.14108,8.481458,14.754619,25.2402,15.0
PHX,2020-05-30,111.0,84.0,0.0,5.3461256,229.46275,10.819854,18.080172,29.795513,18.0
PHX,2020-05-31,107.0,83.0,0.0,5.527115,282.5531,8.668252,18.620506,35.718548,18.0
PHX,2020-06-01,105.0,82.0,0.0,5.602489,280.96472,10.020524,15.981067,23.658918,15.0
PHX,2020-06-02,107.0,87.0,0.0,7.321733,271.6943,9.956002,17.490204,30.413383,16.0
PHX,2020-06-03,110.0,85.0,0.0,5.01787,266.3162,9.02036,16.11527,26.823593,13.0
PHX,2020-06-04,112.0,84.0,0.0,5.0123634,287.78366,10.935538,16.412336,27.78543,16.0
PHX,2020-06-05,107.0,85.0,0.0001,6.435496,235.77773,7.023796,15.273483,28.837196,18.0
PHX,2020-06-06,93.0,74.0,0.0,7.335788,256.3947,18.01014,28.906267,44.59487,16.0
PHX,2020-06-07,97.0,76.0,0.0,7.821739,258.72485,8.667876,19.637512,37.18646,17.0
PHX,2020-06-08,90.0,75.0,0.0,10.42835,282.39493,2.928808,9.868583,24.698109,20.0
PHX,2020-06-09,94.0,74.0,0.0,5.934498,3.1446745,7.1250687,9.347337,14.377077,13.0
PHX,2020-06-10,105.0,72.0,0.0,3.9333334,139.96733,5.1123123,10.931892,19.734524,10.0
PHX,2020-06-11,108.0,75.0,0.0,5.33237,280.05423,6.0051627,10.8904505,18.33191,16.0
PHX,2020-06-12,110.0,80.0,0.0,6.7274694,201.24287,6.7108874,12.140536,20.649279,14.0
PHX,2020-06-13,106.0,79.0,0.0,8.226346,249.47276,4.7111607,9.04332,20.441935,19.0
PHX,2020-06-14,107.0,74.0,0.0,6.1371975,184.14941,5.7065134,9.544144,18.457582,15.0
PHX,2020-06-15,106.0,77.0,0.0,6.470588,119.505714,7.7896705,11.128966,18.210943,15.0
PHX,2020-06-16,106.0,77.0,0.0,6.0431285,234.58401,5.3127303,11.4562025,22.710552,16.0
PHX,2020-06-17,104.0,76.0,0.0,6.6831036,211.32771,9.170575,13.439586,20.161854,15.0
PHX,2020-06-18,103.0,76.0,0.0,5.559284,153.84076,6.5862265,12.23415,17.795034,13.0
PHX,2020-06-19,102.0,76.0,0.0,5.2770658,147.39783,4.464532,12.21791,22.202396,11.0
PHX,2020-06-20,105.0,77.0,0.0,5.692582,121.798965,7.2876577,13.080405,20.441935,13.0
PHX,2020-06-21,108.0,81.0,0.0,5.6025734,262.84048,7.3449235,12.841315,20.708204,13.0
PHX,2020-06-22,109.0,81.0,0.0,6.1520343,265.1173,6.1208158,12.029948,21.393305,13.0
PHX,2020-06-23,110.0,83.0,0.0,6.2623434,272.5163,6.1208158,11.184283,18.470179,14.0
PHX,2020-06-24,111.0,81.0,0.0,4.746258,283.8302,5.310448,12.752177,23.972239,13.0
PHX,2020-06-25,110.0,82.0,0.0,5.0657144,290.7717,5.206811,10.539186,23.658918,11.0
PHX,2020-06-26,110.0,82.0,0.0,6.116667,203.41481,4.6605334,12.135916,22.695925,15.0
PHX,2020-06-27,108.0,84.0,0.0,5.9992623,281.447,9.357206,14.316832,22.202396,19.0
PHX,2020-06-28,105.0,81.0,0.0,8.766362,202.57982,11.301065,14.761583,21.619581,20.0
PHX,2020-06-29,101.0,81.0,0.0,8.34652,234.36423,11.373129,15.208449,19.213875,20.0
PHX,2020-06-30,100.0,76.0,0.0,6.7777777,191.4422,12.481802,18.5646,32.101894,14.0
PHX,2020-07-01,105.0,76.0,0.0,7.859649,209.63736,9.69732,16.283009,23.552206,17.0
PHX,2020-07-02,104.0,80.0,0.0,5.0225782,148.62268,13.255393,20.931013,35.3574,13.0
PHX,2020-07-03,105.0,85.0,0.0,5.3835225,196.843,19.607655,30.900469,44.64614,13.0
PHX,2020-07-04,110.0,86.0,0.0,5.9714284,269.03674,13.236128,21.650536,35.050674,14.0
PHX,2020-07-05,112.0,87.0,0.0,6.408702,262.08646,8.885723,16.404871,29.071215,16.0
PHX,2020-07-06,111.0,83.0,0.0,5.929134,270.4812,7.5414,12.639604,23.949753,15.0
PHX,2020-07-07,111.0,84.0,0.0,5.588685,273.58762,10.620588,16.005573,20.265131,13.0
PHX,2020-07-08,111.0,90.0,0.0,7.732644,273.99396,12.75251,19.04269,28.79235,16.0
PHX,2020-07-09,110.0,90.0,0.0,6.280408,277.86832,10.480775,17.502918,25.704071,14.0
PHX,2020-07-10,111.0,91.0,0.0,9.413718,274.8079,13.50173,18.965385,25.704071,20.0
PHX,2020-07-11,115.0,94.0,0.0,8.477257,271.9976,12.97352,19.095327,27.999893,18.0
PHX,2020-07-12,116.0,93.0,0.0,5.773381,268.70618,11.864127,19.045204,30.096083,13.0
PHX,2020-07-13,114.0,93.0,0.0,6.3536763,240.01881,13.74688,18.747,26.164394,14.0
PHX,2020-07-14,111.0,90.0,0.0,6.603186,261.9033,14.322437,21.097818,31.622568,19.0
PHX,2020-07-15,109.0,89.0,0.0,5.7832727,192.99063,13.481927,20.012363,29.660017,11.0
PHX,2020-07-16,111.0,88.0,0.0,5.8860483,165.72992,10.935538,18.276861,31.485565,13.0
PHX,2020-07-17,109.0,90.0,0.0,4.319164,275.6631,11.807254,19.222101,29.509296,11.0
PHX,2020-07-18,111.0,91.0,0.0,7.407329,271.01968,11.623328,17.038948,26.902782,16.0
PHX,2020-07-19,108.0,93.0,0.0,7.230608,258.1666,9.068522,16.49652,26.128717,11.0
PHX,2020-07-20,103.0,93.0,0.0001,5.225087,301.04626,9.318044,15.888318,21.514519,13.0
PHX,2020-07-21,109.0,89.0,0.0,5.936139,271.2163,11.320505,17.746616,29.136297,20.0
PHX,2020-07-22,107.0,88.0,0.0,5.1000724,257.37097,17.87064,26.955212,37.96806,18.0
PHX,2020-07-23,98.0,86.0,0.0,8.681623,140.19443,30.560482,35.54526,44.81125,18.0
PHX,2020-07-24,104.0,79.0,0.1,6.6137443,106.63436,22.152374,43.389336,62.1666,29.0
PHX,2020-07-25,105.0,82.0,0.0,5.3997207,94.99005,12.186973,34.678448,58.549393,13.0
PHX,2020-07-26,110.0,86.0,0.0,4.710433,97.11512,10.935538,23.305395,39.16971,11.0
PHX,2020-07-27,111.0,90.0,0.0,6.31825,142.1072,13.481927,23.478035,35.637,14.0
PHX,2020-07-28,115.0,90.0,0.0,6.647143,102.36724,11.197317,22.64124,35.637,12.0
PHX,2020-07-29,115.0,91.0,0.0,7.6904593,276.63797,9.763825,15.31457,23.027332,17.0
PHX,2020-07-30,118.0,91.0,0.0,8.027178,272.86484,8.440383,15.519474,25.611958,19.0
PHX,2020-07-31,116.0,91.0,0.0,6.060436,264.92535,12.162729,16.782095,24.764944,17.0
PHX,2020-08-01,111.0,93.0,0.0,6.7825465,290.99704,18.03055,28.972115,39.652657,16.0
PHX,2020-08-02,109.0,93.0,0.0,5.8843207,193.37096,20.877974,25.585932,29.960917,13.0
PHX,2020-08-03,114.0,89.0,0.0,5.716023,252.00691,8.787058,22.050486,38.255493,15.0
PHX,2020-08-04,111.0,87.0,0.0,5.273171,247.96162,11.467198,19.200579,33.85223,17.0
PHX,2020-08-05,112.0,90.0,0.0,8.241878,256.55417,8.091105,17.972122,34.64837,17.0
PHX,2020-08-06,109.0,83.0,0.0,4.9546423,294.04562,9.254388,14.388869,23.680708,15.0
PHX,2020-08-07,109.0,83.0,0.0,3.710093,37.58384,11.467198,17.548002,24.514345,11.0
PHX,2020-08-08,111.0,88.0,0.0,5.1938777,276.54037,10.042819,15.636591,27.286133,16.0
PHX,2020-08-09,112.0,84.0,0.0,4.394606,266.94217,7.18359,12.341505,27.908472,16.0
PHX,2020-08-10,111.0,84.0,0.0,6.0857143,274.14468,8.215139,9.374221,22.202396,12.0
PHX,2020-08-11,109.0,89.0,0.0,6.2656136,271.97998,15.361571,22.318947,34.64837,15.0
PHX,2020-08-12,111.0,89.0,0.0,4.664057,269.65897,16.598663,24.994781,36.773003,14.0
PHX,2020-08-13,115.0,91.0,0.0,4.9286733,261.14725,10.978683,21.268148,34.26513,19.0
PHX,2020-08-14,117.0,89.0,0.0,5.9254355,251.02094,9.645625,18.151237,31.622568,15.0
PHX,2020-08-15,114.0,92.0,0.0,6.755773,278.27676,11.358426,22.157742,37.099903,15.0
PHX,2020-08-16,115.0,91.0,0.0,5.968981,173.52176,13.167047,20.13601,34.26513,18.0
PHX,2020-08-17,115.0,90.0,0.0001,5.706587,117.28137,12.219046,19.452553,30.60549,31.0
PHX,2020-08-18,115.0,90.0,0.0,5.5772004,92.358986,10.909915,19.85261,29.660017,22.0
PHX,2020-08-19,115.0,91.0,0.0,4.6168222,263.882,12.219046,18.542606,31.004793,10.0
PHX,2020-08-20,112.0,79.0,0.9,7.965464,257.55573,17.21526,36.881214,67.05904,29.0
PHX,2020-08-21,100.0,81.0,0.0,7.8823943,267.58615,29.004477,41.44924,58.692406,17.0
PHX,2020-08-22,106.0,87.0,0.0,7.0151186,271.84198,23.950274,36.18628,51.167645,18.0
PHX,2020-08-23,110.0,89.0,0.0,4.1729007,111.36906,17.787355,29.235893,45.249863,10.0
PHX,2020-08-24,115.0,90.0,0.0,4.5074735,115.08435,11.838273,20.673761,31.004793,19.0
PHX,2020-08-25,112.0,91.0,0.0,3.7192984,92.91524,13.952003,22.250198,32.93994,14.0
PHX,2020-08-26,112.0,89.0,0.0,4.1498256,138.71767,14.322437,24.402647,35.3574,11.0
PHX,2020-08-27,113.0,89.0,0.0,5.5407567,104.88806,11.630324,25.360428,37.96806,19.0
PHX,2020-08-28,112.0,90.0,0.0,6.13366,183.76352,12.75251,22.591284,34.26513,16.0
PHX,2020-08-29,103.0,83.0,0.0001,7.5571537,326.17816,25.569761,40.014565,63.156197,26.0
PHX,2020-08-30,103.0,77.0,0.0,5.989059,280.49207,25.283396,53.613018,66.39086,22.0
PHX,2020-08-31,100.0,78.0,0.0,4.6926827,244.84009,26.455647,41.1394,62.030624,14.0
PHX,2020-09-01,102.0,84.0,0.0,6.977353,257.79858,23.178743,35.999348,51.210354,16.0
PHX,2020-09-02,102.0,85.0,0.0,5.797721,269.63254,21.68214,36.91915,57.01807,16.0
PHX,2020-09-03,107.0,86.0,0.0,5.3321505,279.1616,15.927934,30.315691,51.649754,14.0
PHX,2020-09-04,114.0,84.0,0.0,3.825087,106.94691,8.38786,20.931479,40.137066,9.0
PHX,2020-09-05,115.0,88.0,0.0,5.7112527,110.4621,8.966759,15.039275,23.629341,16.0
PHX,2020-09-06,113.0,89.0,0.0,5.212314,103.821144,10.107544,17.122635,25.462597,11.0
PHX,2020-09-07,109.0,85.0,0.0,6.213881,251.4566,15.927934,24.003204,33.78515,14.0
PHX,2020-09-08,99.0,80.0,0.0,9.270152,283.9515,5.5281534,27.03827,44.81125,22.0
PHX,2020-09-09,90.0,70.0,0.0,5.6151605,252.57812,12.818501,17.076134,24.586506,13.0
PHX,2020-09-10,93.0,69.0,0.0,4.865136,62.489906,11.9491,18.244913,28.652178,16.0
PHX,2020-09-11,93.0,72.0,0.0,2.1302958,137.70312,17.340029,25.314644,32.840477,8.0
PHX,2020-09-12,99.0,72.0,0.0,2.8724308,146.08456,12.047705,24.18564,39.432705,9.0
PHX,2020-09-13,103.0,74.0,0.0,2.9866667,117.87585,13.50173,22.3525,32.174664,11.0
PHX,2020-09-14,105.0,77.0,0.0,5.6897273,108.044235,10.9114895,19.320211,30.050354,15.0
PHX,2020-09-15,105.0,80.0,0.0,4.892683,110.44135,11.09465,21.263666,29.233566,11.0
PHX,2020-09-16,109.0,78.0,0.0,3.877708,139.46478,6.408743,18.152082,32.15175,9.0
PHX,2020-09-17,109.0,77.0,0.0,4.772187,103.09621,7.7896705,14.970365,22.710552,11.0
PHX,2020-09-18,107.0,80.0,0.0,5.437899,109.58066,8.668252,15.392969,24.141031,11.0
PHX,2020-09-19,104.0,82.0,0.0,5.7258635,115.16489,11.275161,19.08677,27.243853,15.0
PHX,2020-09-20,106.0,78.0,0.0,3.5,88.42307,10.451514,18.790266,30.954712,9.0
PHX,2020-09-21,103.0,81.0,0.0,5.4082923,283.7805,14.596196,20.568737,27.286133,16.0
PHX,2020-09-22,103.0,84.0,0.0001,4.0240965,250.81044,14.979123,23.222586,31.485565,11.0
PHX,2020-09-23,105.0,77.0,0.0,4.656446,254.25378,12.305631,22.493742,37.77841,14.0
PHX,2020-09-24,106.0,77.0,0.0,4.327477,247.78958,11.597702,20.047808,34.80998,10.0
PHX,2020-09-25,105.0,78.0,0.0,4.1986065,265.48898,10.9114895,19.142038,33.65623,11.0
PHX,2020-09-26,103.0,77.0,0.0,4.9573727,333.5107,11.275161,21.205692,31.21242,11.0
PHX,2020-09-27,102.0,76.0,0.0,4.1261325,256.4797,9.318044,18.120821,33.29712,11.0
PHX,2020-09-28,104.0,74.0,0.0,4.0285716,117.76213,9.506998,17.338148,29.43079,9.0
PHX,2020-09-29,102.0,78.0,0.0,3.9251225,116.87937,9.506998,16.78316,24.80854,10.0
PHX,2020-09-30,105.0,77.0,0.0,3.9986062,123.78561,8.169245,16.285591,26.550861,10.0
PHX,2020-10-01,107.0,76.0,0.0,4.060627,129.31229,5.7065134,14.6784525,24.40083,8.0
PHX,2020-10-02,106.0,75.0,0.0,3.6207864,180.90863,5.7838554,12.298427,22.710552,10.0
PHX,2020-10-03,105.0,73.0,0.0,4.271777,193.98372,4.9764733,14.220458,26.922277,14.0
PHX,2020-10-04,105.0,71.0,0.0,4.0132775,112.26523,5.171566,14.873088,27.89233,8.0
PHX,2020-10-05,105.0,71.0,0.0,4.261324,123.12685,6.494433,16.962248,22.815418,10.0
PHX,2020-10-06,104.0,72.0,0.0,4.2801394,93.742836,5.8967075,14.561143,26.119171,11.0
PHX,2020-10-07,103.0,73.0,0.0,4.09338,114.95927,6.5862265,13.81098,21.845984,9.0
PHX,2020-10-08,102.0,72.0,0.0,4.992923,114.89691,7.706505,15.759573,24.19895,11.0
PHX,2020-10-09,100.0,72.0,0.0,5.143955,123.2474,9.604439,17.634954,27.89233,11.0
PHX,2020-10-10,97.0,70.0,0.0,5.530627,136.12015,11.736858,20.550842,32.556263,13.0
PHX,2020-10-11,94.0,69.0,0.0,4.4228854,103.570625,13.547594,23.388739,31.47478,11.0
PHX,2020-10-12,99.0,68.0,0.0,3.004878,143.06865,10.967463,14.176039,36.35882,8.0
PHX,2020-10-13,100.0,69.0,0.0,3.3303137,114.1625,8.216024,19.605892,35.021805,9.0
PHX,2020-10-14,100.0,67.0,0.0,4.1560974,142.55843,7.599272,16.946535,29.547894,12.0
PHX,2020-10-15,99.0,69.0,0.0,5.0857143,107.665016,9.102728,13.424405,27.647263,10.0
PHX,2020-10-16,102.0,68.0,0.0,4.0236936,138.86978,6.944099,16.173206,34.434532,11.0
PHX,2020-10-17,97.0,69.0,0.0,4.1644597,141.97302,8.8232975,17.473297,26.768814,10.0
PHX,2020-10-18,96.0,65.0,0.0,4.4885015,104.936104,8.147733,17.90793,31.72922,9.0
PHX,2020-10-19,97.0,66.0,0.0,3.5658915,112.38626,10.381921,17.878242,25.016504,9.0
PHX,2020-10-20,97.0,67.0,0.0,3.8383274,116.07385,9.676481,19.901642,31.872791,8.0
PHX,2020-10-21,97.0,67.0,0.0,4.087108,105.65939,9.223727,11.612449,28.710505,10.0
PHX,2020-10-22,94.0,67.0,0.0,4.476458,85.38229,17.537176,23.674572,34.31232,9.0
PHX,2020-10-23,94.0,69.0,0.0,4.4880347,129.964,17.79672,30.141035,37.63877,10.0
PHX,2020-10-24,87.0,70.0,0.0,3.5254354,96.86628,23.949753,34.083363,43.968018,8.0
PHX,2020-10-25,88.0,69.0,0.0,7.0482955,221.7725,28.252123,36.506153,45.501644,20.0
PHX,2020-10-26,73.0,54.0,0.0,12.039286,264.89066,9.999989,21.367725,46.624954,22.0
PHX,2020-10-27,68.0,50.0,0.0,6.454677,54.752613,16.330374,22.585054,35.360737,11.0
PHX,2020-10-28,70.0,48.0,0.0,3.856446,98.133415,15.979904,30.84766,47.853535,9.0
PHX,2020-10-29,85.0,53.0,0.0,3.3110955,95.79057,14.024221,36.105076,41.106903,11.0
PHX,2020-10-30,87.0,60.0,0.0,3.805575,94.153275,14.263928,24.985899,37.81449,13.0
PHX,2020-10-31,86.0,61.0,0.0,3.3522975,112.616714,15.350283,20.982128,41.088634,9.0
PHX,2020-11-01,96.0,64.0,0.0,4.8140044,86.21106,11.546795,22.458141,39.815994,10.0
PHX,2020-11-02,95.0,68.0,0.0,4.898955,106.78732,10.740707,24.905159,30.12045,13.0
PHX,2020-11-03,93.0,68.0,0.0,3.1351917,123.543,13.547594,21.236584,32.556263,8.0
PHX,2020-11-04,93.0,64.0,0.0,2.8383274,181.53534,15.109962,26.84792,38.939228,7.0
PHX,2020-11-05,99.0,62.0,0.0,3.2326071,103.147964,9.763722,12.677308,44.41143,11.0
PHX,2020-11-06,89.0,72.0,0.0,4.3707094,105.44178,13.29557,18.098076,27.534836,9.0
PHX,2020-11-07,81.0,59.0,0.0001,13.067086,258.58633,17.797733,28.060564,39.74699,24.0
PHX,2020-11-08,67.0,52.0,0.0,7.1115975,226.27127,32.967377,39.621937,52.360783,15.0
PHX,2020-11-09,62.0,50.0,0.0001,4.4220624,287.5025,27.2402,39.62602,58.6369,12.0
PHX,2020-11-10,67.0,45.0,0.0,2.9937108,282.62082,15.636216,33.9439,57.496037,9.0
PHX,2020-11-11,71.0,44.0,0.0,2.9016018,135.30702,13.522852,28.73733,45.473473,6.0
PHX,2020-11-12,73.0,49.0,0.0,2.6369338,98.959656,15.505242,35.83465,45.930504,7.0
PHX,2020-11-13,77.0,50.0,0.0,3.3909407,98.76739,13.818861,26.668146,37.570057,10.0
PHX,2020-11-14,75.0,49.0,0.0,3.78826,92.67729,15.472057,26.107126,42.975666,10.0
PHX,2020-11-15,82.0,50.0,0.0,2.6457024,182.9693,8.1746855,24.839134,47.63991,6.0
PHX,2020-11-16,92.0,54.0,0.0,1.9431072,107.2427,7.5404215,19.220226,34.08044,12.0
PHX,2020-11-17,92.0,61.0,0.0,3.89016,119.97407,9.657034,18.050453,28.511564,8.0
PHX,2020-11-18,89.0,61.0,0.0,4.0526314,114.03746,13.29557,22.283281,31.123518,8.0
PHX,2020-11-19,87.0,60.0,0.0,2.974144,98.548325,11.336058,31.52713,42.236824,8.0
PHX,2020-11-20,87.0,59.0,0.0,2.7319212,153.65433,16.965631,33.30556,45.528713,6.0
PHX,2020-11-21,85.0,61.0,0.0,2.2319474,270.6623,22.695925,33.088463,45.84224,6.0
PHX,2020-11-22,84.0,60.0,0.0,2.874214,133.33536,23.680708,36.59623,53.15338,6.0
PHX,2020-11-23,80.0,58.0,0.0,6.641495,225.24963,15.350278,37.522903,57.65843,15.0
PHX,2020-11-24,72.0,53.0,0.0,4.6450033,275.55792,14.243541,26.390684,36.223064,10.0
PHX,2020-11-25,72.0,48.0,0.0,3.789547,122.16951,13.130418,36.008507,40.288498,10.0
PHX,2020-11-26,72.0,45.0,0.0,5.08223,227.35031,15.505242,25.164097,40.44305,11.0
PHX,2020-11-27,65.0,47.0,0.0,2.951945,273.40894,21.85951,29.781315,43.915287,7.0
PHX,2020-11-28,71.0,44.0,0.0,3.268344,18.761967,19.916094,35.026253,55.432976,10.0
PHX,2020-11-29,73.0,44.0,0.0,3.1750548,253.48343,12.852528,28.90927,49.18003,6.0
PHX,2020-11-30,74.0,49.0,0.0,5.644867,86.3937,11.844019,19.123968,34.38734,13.0
PHX,2020-12-01,71.0,45.0,0.0,4.1978183,94.221436,14.7873125,26.686441,43.953175,9.0
PHX,2020-12-02,69.0,44.0,0.0,7.5045424,41.693962,9.089468,12.889764,45.473473,14.0
PHX,2020-12-03,66.0,48.0,0.0,6.514386,48.90369,13.017861,18.706417,30.235943,17.0
PHX,2020-12-04,68.0,41.0,0.0,3.0405312,230.76823,8.353567,19.9802,33.402645,7.0
PHX,2020-12-05,71.0,42.0,0.0,3.412998,85.080315,9.898802,21.5303,33.217846,8.0
PHX,2020-12-06,71.0,42.0,0.0,2.7865708,94.16825,11.036602,25.353956,37.66784,7.0
PHX,2020-12-07,80.0,44.0,0.0,7.1802936,74.8655,7.76037,19.346817,38.14118,15.0
PHX,2020-12-08,79.0,52.0,0.0,6.5881534,76.811615,8.730161,15.266244,23.076242,13.0
PHX,2020-12-09,80.0,53.0,0.01,3.8898954,134.23373,11.662304,19.38838,51.345837,12.0
PHX,2020-12-10,61.0,52.0,0.44,5.112209,268.66534,47.66166,83.901924,92.92053,11.0
PHX,2020-12-11,65.0,48.0,0.0,3.4682927,105.00549,50.03228,75.478676,96.685585,8.0
PHX,2020-12-12,66.0,47.0,0.0,6.2608695,350.01892,21.512915,41.06144,89.921104,13.0
PHX,2020-12-13,61.0,40.0,0.0,5.8721175,16.700972,12.447009,26.68414,59.501858,13.0
PHX,2020-12-14,63.0,44.0,0.0,6.3194747,231.23799,17.935171,33.121677,53.369156,16.0
PHX,2020-12-15,62.0,39.0,0.0,1.5132275,207.22456,20.384876,42.678604,64.62735,8.0
PHX,2020-12-16,64.0,40.0,0.0,2.3619847,206.31036,15.073339,35.689404,64.486465,7.0
PHX,2020-12-17,63.0,42.0,0.0,2.6188154,111.47441,20.384876,39.44286,58.46705,7.0
PHX,2020-12-18,65.0,40.0,0.0,3.266229,123.06559,24.116316,39.031246,67.81607,7.0
PHX,2020-12-19,68.0,40.0,0.0,1.8818381,122.50085,20.105228,41.90943,67.165634,7.0
PHX,2020-12-20,69.0,40.0,0.0,3.0,123.64189,17.239607,39.05559,64.88159,6.0
PHX,2020-12-21,76.0,43.0,0.0,2.6086957,96.66234,14.240186,35.97158,59.833435,7.0
PHX,2020-12-22,70.0,45.0,0.0,4.3676147,105.71379,14.043551,31.28745,47.63991,10.0
PHX,2020-12-23,69.0,41.0,0.0,5.68709,46.91908,7.4784603,27.350552,52.91377,14.0
PHX,2020-12-24,61.0,38.0,0.0,4.5186763,58.415752,8.549161,19.419182,35.539944,12.0
PHX,2020-12-25,71.0,42.0,0.0,2.9545193,92.301056,10.845809,21.254581,36.21716,6.0
PHX,2020-12-26,70.0,44.0,0.0,3.4549267,104.43731,13.631695,24.560852,35.89243,9.0
PHX,2020-12-27,71.0,43.0,0.0,3.5744236,108.07603,19.188772,29.85602,43.45999,9.0
PHX,2020-12-28,68.0,50.0,0.0,6.613557,274.46927,26.496365,37.04482,49.97615,19.0
PHX,2020-12-29,61.0,44.0,0.0,2.7986062,277.8322,32.98713,49.54179,65.13339,9.0
PHX,2020-12-30,65.0,40.0,0.0,4.4313726,297.70862,10.319524,28.786121,62.20687,11.0
PHX,2020-12-31,60.0,41.0,0.0,4.124042,111.51883,20.09483,29.01832,39.118916,11.0
PHX,2021-01-01,65.0,39.0,0.0,2.548432,244.67117,17.509804,31.661442,46.909992,8.0
PHX,2021-01-02,64.0,40.0,0.0,3.5310104,105.19529,19.453245,35.171036,52.607193,10.0
PHX,2021-01-03,64.0,39.0,0.0,2.9477353,101.29413,20.515476,37.461357,52.87806,10.0
PHX,2021-01-04,69.0,41.0,0.0,2.7372823,101.7209,18.057362,33.514477,48.56138,7.0
PHX,2021-01-05,71.0,43.0,0.0,4.091986,82.63294,17.00707,26.633907,51.02757,10.0
PHX,2021-01-06,70.0,41.0,0.0,2.374913,75.40307,13.631695,31.584993,57.153275,7.0
PHX,2021-01-07,71.0,43.0,0.0,3.142857,109.24057,12.043026,27.911217,41.841938,8.0
PHX,2021-01-08,68.0,43.0,0.0,3.1017423,121.803764,15.048965,28.508139,41.841938,8.0
PHX,2021-01-09,68.0,41.0,0.0,5.4774647,211.71706,12.74586,30.069374,48.385334,14.0
PHX,2021-01-10,67.0,40.0,0.0,2.4779565,339.83945,15.163948,27.665106,48.208603,9.0
PHX,2021-01-11,67.0,44.0,0.0,5.168198,70.35262,16.330374,26.506819,34.05479,16.0
PHX,2021-01-12,67.0,39.0,0.0,2.6473868,253.58656,12.510547,24.62506,39.13624,9.0
PHX,2021-01-13,67.0,38.0,0.0,3.2383275,110.16067,10.509978,24.329159,39.271194,10.0
PHX,2021-01-14,72.0,42.0,0.0,3.455749,89.2666,12.875789,25.737495,39.47178,8.0
PHX,2021-01-15,79.0,44.0,0.0,2.1149826,259.7736,8.730161,25.574417,47.535812,7.0
PHX,2021-01-16,77.0,47.0,0.0,3.057143,110.38732,8.598832,20.055876,32.498413,9.0
PHX,2021-01-17,77.0,44.0,0.0,1.6146342,342.62924,6.361015,20.74732,34.204597,8.0
PHX,2021-01-18,71.0,45.0,0.0,4.224404,112.38667,10.491655,18.693922,27.538445,11.0
PHX,2021-01-19,71.0,56.0,0.01,8.3298025,63.522125,20.55061,35.177425,71.694244,18.0
PHX,2021-01-20,75.0,61.0,0.0,8.337709,89.68024,24.50736,31.603184,37.999466,17.0
PHX,2021-01-21,73.0,58.0,0.0001,4.9748425,112.54175,37.813534,48.796444,66.82998,9.0
PHX,2021-01-22,68.0,55.0,0.0,5.6210527,170.27654,43.509964,73.56589,79.852875,10.0
PHX,2021-01-23,64.0,52.0,0.01,4.7268257,167.47916,47.83135,62.815052,76.828545,16.0
PHX,2021-01-24,56.0,48.0,0.23,5.779791,191.98285,48.948513,73.96539,92.7389,14.0
PHX,2021-01-25,54.0,36.0,0.29,9.130093,149.91347,60.73043,79.086105,96.492714,28.0
PHX,2021-01-26,53.0,42.0,0.0001,6.656601,193.28113,38.994095,58.905453,79.191154,18.0
PHX,2021-01-27,61.0,39.0,0.0,7.9902096,71.60148,26.245405,49.09152,76.44389,17.0
PHX,2021-01-28,73.0,52.0,0.0,7.9382887,85.73097,17.00707,29.370659,36.223064,14.0
PHX,2021-01-29,68.0,47.0,0.14,6.543847,231.98895,25.984333,62.272312,96.65673,26.0
PHX,2021-01-30,62.0,43.0,0.0,3.8234954,79.743805,37.81449,71.70565,96.628975,9.0
PHX,2021-01-31,72.0,43.0,0.0,2.96446,61.724415,17.00707,45.803036,82.124245,15.0
PHX,2021-02-01,73.0,52.0,0.0,4.785714,74.05585,19.788645,32.662277,60.73043,18.0
PHX,2021-02-02,82.0,57.0,0.0,2.2585366,57.820194,18.879011,35.387196,57.50548,10.0
PHX,2021-02-03,82.0,64.0,0.0,4.525874,201.37476,23.367937,37.41874,51.925587,14.0
PHX,2021-02-04,75.0,57.0,0.0,6.6797714,273.67462,13.815314,27.413296,45.355434,18.0
PHX,2021-02-05,70.0,47.0,0.0,2.8229966,184.0017,16.595213,31.49192,49.63451,11.0
PHX,2021-02-06,72.0,45.0,0.0,3.380488,100.37866,13.706217,32.992245,55.432976,9.0
PHX,2021-02-07,73.0,45.0,0.0,4.1623693,104.89754,12.63072,30.015106,47.535812,9.0
PHX,2021-02-08,77.0,48.0,0.0,3.8599303,103.46679,11.490705,29.631235,49.49397,13.0
PHX,2021-02-09,75.0,48.0,0.0,4.0432057,105.140335,14.539501,26.971462,42.32526,9.0
PHX,2021-02-10,76.0,54.0,0.0,3.7365978,73.89187,16.064064,28.052094,41.436413,10.0
PHX,2021-02-11,76.0,49.0,0.0,3.2188153,142.35956,17.008785,32.333397,52.058292,9.0
PHX,2021-02-12,74.0,55.0,0.0,7.4066954,220.81897,21.692425,35.92393,49.042152,18.0
PHX,2021-02-13,71.0,49.0,0.0001,9.35,219.39113,26.630594,46.26422,65.752426,24.0
PHX,2021-02-14,67.0,51.0,0.0,8.417503,264.9655,18.473837,28.094303,43.455254,17.0
PHX,2021-02-15,66.0,44.0,0.0,3.809657,150.98866,15.385063,27.292477,46.697067,11.0
PHX,2021-02-16,72.0,52.0,0.0,9.160311,279.90768,10.944384,24.12577,35.23578,22.0
PHX,2021-02-17,67.0,45.0,0.0,8.733918,291.9558,11.467016,20.872156,36.39805,25.0
PHX,2021-02-18,66.0,44.0,0.0,4.5358887,291.97125,13.433827,19.485342,28.490974,11.0
PHX,2021-02-19,71.0,44.0,0.0,2.763879,97.17814,10.819642,21.539825,38.14118,12.0
PHX,2021-02-20,79.0,46.0,0.0,10.357746,268.1997,10.36141,21.206104,35.377144,27.0
PHX,2021-02-21,70.0,48.0,0.0,4.1960783,285.20728,9.465159,19.562628,32.83006,11.0
PHX,2021-02-22,77.0,45.0,0.0,2.513589,294.74106,8.947524,11.374243,36.72115,9.0
PHX,2021-02-23,79.0,48.0,0.0,3.1763067,167.39307,8.318078,21.176462,34.204597,11.0
PHX,2021-02-24,81.0,48.0,0.0,5.2348433,115.266205,10.937742,21.202217,34.38734,11.0
PHX,2021-02-25,69.0,49.0,0.0,7.915493,260.28778,12.144226,21.07783,36.223064,19.0
PHX,2021-02-26,70.0,45.0,0.0,3.5749128,107.63,9.991788,20.820127,36.72115,9.0
PHX,2021-02-27,72.0,44.0,0.0,7.2216783,200.06682,9.624361,20.151535,35.024963,16.0
PHX,2021-02-28,63.0,46.0,0.0,10.988019,344.50662,5.187175,9.980478,14.837792,22.0
PHX,2021-03-01,71.0,39.0,0.0,3.5180466,6.0787644,8.5926485,13.73765,23.367718,11.0
PHX,2021-03-02,79.0,48.0,0.0,6.061754,98.67759,7.313568,17.198559,31.421282,16.0
PHX,2021-03-03,86.0,49.0,0.0,9.854417,181.16464,6.2806215,23.065847,47.66166,31.0
PHX,2021-03-04,71.0,52.0,0.0,3.8815331,236.44229,28.652178,43.1204,60.73043,11.0
PHX,2021-03-05,83.0,50.0,0.0,3.2350428,356.66968,14.439469,31.412786,58.358864,9.0
PHX,2021-03-06,85.0,58.0,0.0,5.190206,103.26162,10.78179,19.579012,30.480497,15.0
PHX,2021-03-07,89.0,58.0,0.0,4.572822,117.07671,9.326583,20.058567,32.98713,10.0
PHX,2021-03-08,87.0,66.0,0.0,6.4898953,215.13528,8.388392,16.408407,24.118868,14.0
PHX,2021-03-09,80.0,59.0,0.0,8.5084505,228.18297,11.513006,20.838118,25.675928,21.0
PHX,2021-03-10,70.0,49.0,0.0,6.0315638,251.7326,15.249589,25.732183,39.13533,16.0
PHX,2021-03-11,69.0,48.0,0.01,5.9045296,264.35556,21.03853,37.411587,63.984604,21.0
PHX,2021-03-12,59.0,46.0,0.17,5.865,302.53055,43.31051,64.87719,89.28615,15.0
PHX,2021-03-13,61.0,45.0,0.19,6.2063603,203.66986,32.98713,65.27696,92.645485,21.0
PHX,2021-03-14,68.0,42.0,0.0,5.6876326,122.81842,25.984333,48.83044,82.04454,17.0
PHX,2021-03-15,74.0,50.0,0.0,6.7480702,145.25734,17.126936,36.74191,62.98062,23.0
PHX,2021-03-16,61.0,47.0,0.0001,8.716129,259.68445,22.758808,34.1712,47.535812,22.0
PHX,2021-03-17,73.0,45.0,0.0,3.296864,111.795654,19.38873,33.455555,51.02757,11.0
PHX,2021-03-18,83.0,51.0,0.0,2.958188,161.40994,13.059881,30.571999,54.1311,7.0
PHX,2021-03-19,85.0,53.0,0.0,3.3428571,95.86746,8.944341,22.760887,43.609444,9.0
PHX,2021-03-20,86.0,56.0,0.0,7.2967744,207.55757,16.298288,22.83616,31.430666,18.0
PHX,2021-03-21,78.0,58.0,0.0,6.98607,266.47528,6.993179,17.288765,31.872791,16.0
PHX,2021-03-22,72.0,55.0,0.0,9.217857,287.19788,9.598729,14.292391,24.2838,20.0
PHX,2021-03-23,66.0,52.0,0.0001,7.268224,77.7001,16.774216,30.042847,45.402477,21.0
PHX,2021-03-24,72.0,48.0,0.0,4.470588,258.59448,17.239607,38.913315,67.866905,11.0
PHX,2021-03-25,72.0,50.0,0.0,9.879073,174.123,12.043026,25.166199,42.651405,20.0
PHX,2021-03-26,66.0,53.0,0.0001,5.915888,245.95647,29.307129,39.562103,54.3439,15.0
PHX,2021-03-27,79.0,48.0,0.0,3.8071065,272.1062,13.452915,35.67795,62.98062,10.0
PHX,2021-03-28,86.0,53.0,0.0,2.7570822,69.691025,7.6347876,19.27192,38.212425,11.0
PHX,2021-03-29,89.0,59.0,0.0,4.637579,172.02428,8.099287,16.432476,30.436895,11.0
PHX,2021-03-30,86.0,56.0,0.0,6.3142858,249.33195,7.278883,14.368151,26.975819,14.0
PHX,2021-03-31,88.0,59.0,0.0,6.0787234,52.640823,4.943757,8.770978,14.81629,16.0
PHX,2021-04-01,95.0,63.0,0.0,9.266431,79.03191,6.5723076,9.944017,16.330374,18.0
PHX,2021-04-02,94.0,69.0,0.0,5.225784,138.44476,9.389132,14.241864,24.088957,11.0
PHX,2021-04-03,97.0,66.0,0.0,3.1930313,190.88046,8.851824,17.812536,29.547894,10.0
PHX,2021-04-04,98.0,67.0,0.0,4.812456,255.0043,6.029526,15.000761,30.685638,11.0
PHX,2021-04-05,96.0,65.0,0.0,7.0551624,218.91653,6.029526,14.25354,25.8456,17.0
PHX,2021-04-06,91.0,71.0,0.0,8.830867,258.05246,5.338016,12.007436,19.989712,17.0
PHX,2021-04-07,92.0,59.0,0.0,4.238594,240.92339,3.2024264,6.984018,18.135128,13.0
PHX,2021-04-08,93.0,64.0,0.0,7.5253625,263.53006,10.648389,14.3187275,18.483145,19.0
PHX,2021-04-09,94.0,64.0,0.0,5.0468087,259.517,4.619082,13.016486,30.754921,13.0
PHX,2021-04-10,94.0,62.0,0.0,5.2361207,260.38382,6.2922144,11.889166,23.748512,16.0
PHX,2021-04-11,93.0,64.0,0.0,5.144251,158.60081,7.161195,13.304822,22.881233,10.0
PHX,2021-04-12,92.0,67.0,0.0,5.0678086,267.69373,10.777111,17.967615,27.33667,14.0
PHX,2021-04-13,91.0,65.0,0.0,6.61674,199.97383,11.479517,18.883835,26.119171,17.0
PHX,2021-04-14,88.0,64.0,0.0,6.9949675,241.38426,11.311938,18.463776,29.293774,16.0
PHX,2021-04-15,82.0,64.0,0.0,8.637006,262.69412,8.577499,15.887081,26.854164,18.0
PHX,2021-04-16,84.0,59.0,0.0,3.2257597,225.9449,7.268366,12.860574,21.88269,10.0
PHX,2021-04-17,87.0,58.0,0.0,6.580645,318.13025,8.0359955,14.509529,25.073462,17.0
PHX,2021-04-18,83.0,60.0,0.0,7.73696,47.315685,13.078939,17.983751,29.770138,24.0
PHX,2021-04-19,88.0,61.0,0.0,4.9847383,304.5885,10.408561,18.866882,33.579243,11.0
PHX,2021-04-20,94.0,61.0,0.0,6.1574407,135.1724,5.494194,15.753142,29.451,13.0
PHX,2021-04-21,93.0,65.0,0.0,10.387739,191.328,3.0560057,9.209843,16.449463,23.0
PHX,2021-04-22,83.0,63.0,0.0,7.004351,246.70604,14.806151,20.949112,28.743622,20.0
PHX,2021-04-23,86.0,62.0,0.0,6.295795,252.9561,14.155944,25.140217,38.763725,18.0
PHX,2021-04-24,92.0,64.0,0.0,6.047278,230.30637,8.571386,18.925594,36.677902,15.0
PHX,2021-04-25,94.0,64.0,0.0,7.840517,229.60548,7.7528353,14.402614,26.854164,19.0
PHX,2021-04-26,80.0,65.0,0.0,8.461484,244.73488,13.452915,21.158102,36.999615,21.0
PHX,2021-04-27,75.0,59.0,0.01,5.971678,274.50946,15.229177,33.996376,66.82998,14.0
PHX,2021-04-28,81.0,57.0,0.0001,5.673579,140.98341,18.210943,34.88549,50.10305,28.0
PHX,2021-04-29,93.0,60.0,0.0,4.004982,88.3292,12.290047,28.317577,57.372875,10.0
PHX,2021-04-30,97.0,68.0,0.0,6.601585,121.20196,8.916942,18.527514,32.239624,17.0
PHX,2021-05-01,99.0,72.0,0.0,6.9807005,186.67972,7.380183,15.208082,26.922277,17.0
PHX,2021-05-02,94.0,71.0,0.0,7.4955225,233.74217,5.417653,12.8814535,21.692425,19.0
PHX,2021-05-03,90.0,67.0,0.0,6.4064565,224.54779,10.140373,19.494263,30.754921,15.0
PHX,2021-05-04,95.0,66.0,0.0,5.153957,149.65005,7.581996,15.349116,28.511564,11.0
PHX,2021-05-05,100.0,70.0,0.0,3.6923077,207.81767,7.409695,13.785814,26.461527,10.0
PHX,2021-05-06,100.0,71.0,0.0,5.9564586,274.6237,8.468549,14.668216,27.598555,15.0
PHX,2021-05-07,96.0,73.0,0.0,4.773938,283.8397,7.1250687,13.662564,24.226988,14.0
PHX,2021-05-08,94.0,69.0,0.0,5.6296034,259.31097,9.812561,14.457631,24.420633,14.0
PHX,2021-05-09,96.0,70.0,0.0,6.6541514,211.8087,7.4017367,15.416976,28.850718,14.0
PHX,2021-05-10,97.0,68.0,0.0,6.738604,183.61143,5.5281534,10.83462,20.55061,14.0
PHX,2021-05-11,95.0,67.0,0.0,4.7583213,147.4166,4.339739,11.401521,20.752853,11.0
PHX,2021-05-12,101.0,69.0,0.0,4.0239944,152.54819,5.5098786,11.490999,19.788645,11.0
PHX,2021-05-13,102.0,71.0,0.0,5.4704204,232.9164,4.5873737,10.538648,22.057516,13.0
PHX,2021-05-14,101.0,72.0,0.0,6.8595867,271.7182,5.300192,12.2208805,23.900917,16.0
PHX,2021-05-15,99.0,75.0,0.0,7.7671533,201.2723,6.263217,10.983895,24.861504,21.0
PHX,2021-05-16,93.0,69.0,0.0,8.314055,230.21312,8.81989,14.970055,22.031775,22.0
PHX,2021-05-17,88.0,69.0,0.0,5.909284,244.7227,13.148734,18.28174,27.28876,20.0
PHX,2021-05-18,95.0,71.0,0.0,7.3323803,251.72437,12.734628,21.100813,32.556263,19.0
PHX,2021-05-19,101.0,74.0,0.0,6.965211,235.45148,10.873446,18.63132,32.174664,18.0
PHX,2021-05-20,100.0,76.0,0.0001,9.87908,217.50244,6.330892,15.526201,26.460377,23.0
PHX,2021-05-21,87.0,71.0,0.0001,10.279313,268.79706,4.908269,11.829328,31.522442,21.0
PHX,2021-05-22,84.0,63.0,0.0,7.2682023,258.1643,4.734284,13.290031,23.612368,26.0
PHX,2021-05-23,88.0,59.0,0.0,4.095068,254.45197,3.473484,9.942458,20.09483,11.0
PHX,2021-05-24,94.0,64.0,0.0,3.8318021,225.48622,2.9712267,8.925362,19.194735,11.0
PHX,2021-05-25,96.0,69.0,0.0,5.105932,113.56258,5.343489,10.301556,18.331928,10.0
PHX,2021-05-26,95.0,72.0,0.0,4.712195,86.68708,6.200175,10.755509,17.014273,10.0
PHX,2021-05-27,99.0,70.0,0.0,4.052744,262.29605,5.976975,12.665948,28.652178,10.0
PHX,2021-05-28,101.0,71.0,0.0,4.8745646,280.27966,5.642312,8.9636755,23.900917,11.0
PHX,2021-05-29,102.0,74.0,0.0,7.7857666,234.30293,4.9172463,10.860873,20.468988,18.0
PHX,2021-05-30,100.0,73.0,0.0,5.520173,249.3627,6.8150487,12.894806,22.367392,14.0
PHX,2021-05-31,101.0,75.0,0.0,5.696774,264.18985,8.388224,15.901823,27.534836,13.0
PHX,2021-06-01,103.0,78.0,0.0,5.944041,254.68887,8.392235,14.578189,24.698109,13.0
PHX,2021-06-02,106.0,80.0,0.0,6.2596846,255.61946,7.023796,13.614799,21.393305,16.0
PHX,2021-06-03,106.0,81.0,0.0,7.850179,270.81754,7.053595,12.374539,20.708204,18.0
PHX,2021-06-04,108.0,81.0,0.0,7.1080294,257.43268,4.394242,9.513688,19.849539,19.0
PHX,2021-06-05,108.0,80.0,0.0,7.536812,246.23996,6.352816,9.688702,18.53999,20.0
PHX,2021-06-06,106.0,77.0,0.0,8.020958,204.71779,4.5632443,10.337489,20.44987,20.0
PHX,2021-06-07,104.0,74.0,0.0,7.382886,149.77289,4.319414,10.348661,18.185816,19.0
PHX,2021-06-08,99.0,74.0,0.0,6.203835,185.94472,6.8150487,11.757604,20.625088,14.0
PHX,2021-06-09,103.0,76.0,0.0,4.8247495,229.10478,5.976975,11.664861,20.92009,13.0
PHX,2021-06-10,101.0,76.0,0.0,6.0920863,269.78656,7.161195,12.638843,21.065304,15.0
PHX,2021-06-11,104.0,76.0,0.0,4.002113,280.89,2.7029896,6.7282286,13.967663,11.0
PHX,2021-06-12,110.0,75.0,0.0,3.8148668,220.99818,2.8114586,6.7996936,13.818861,10.0
PHX,2021-06-13,113.0,79.0,0.0,5.763713,271.9222,2.5995874,7.583243,15.213669,17.0
PHX,2021-06-14,113.0,82.0,0.0,5.952045,267.82867,5.052554,9.653549,17.378471,14.0
PHX,2021-06-15,115.0,85.0,0.0,4.4619184,65.33547,8.004281,11.10467,20.389912,11.0
PHX,2021-06-16,115.0,90.0,0.0,5.3767076,278.56223,8.127563,12.621526,18.942272,12.0
PHX,2021-06-17,118.0,91.0,0.0,6.556826,136.93863,6.823126,13.17749,21.514519,18.0
PHX,2021-06-18,117.0,92.0,0.0,7.2742167,206.68839,6.583819,12.728253,19.878767,13.0
PHX,2021-06-19,116.0,91.0,0.0,8.236101,267.3866,9.488682,14.8864,23.027332,21.0
PHX,2021-06-20,115.0,89.0,0.0,9.039464,256.15933,7.5141964,16.550873,26.573124,22.0
PHX,2021-06-21,109.0,88.0,0.0,8.659205,269.71268,9.696618,20.98405,31.622568,17.0
PHX,2021-06-22,110.0,87.0,0.0,7.60276,266.05023,11.867246,21.812204,36.205288,18.0
PHX,2021-06-23,95.0,78.0,0.17,6.449683,96.19968,20.91674,49.647957,71.72483,21.0
PHX,2021-06-24,104.0,77.0,0.0,5.512195,255.68037,20.611404,35.772316,66.39086,15.0
PHX,2021-06-25,107.0,83.0,0.0,5.6857347,264.31647,10.451514,22.253807,39.660435,15.0
PHX,2021-06-26,108.0,85.0,0.0,4.558885,259.57016,8.440673,12.022149,17.340029,11.0
PHX,2021-06-27,113.0,85.0,0.0,5.0408616,311.4153,8.537824,12.1244335,23.972239,15.0
PHX,2021-06-28,109.0,89.0,0.0,8.353766,109.95512,9.170575,18.431467,26.52344,18.0
PHX,2021-06-29,105.0,86.0,0.0,8.248727,101.22167,15.927934,22.980558,32.343887,18.0
PHX,2021-06-30,106.0,89.0,0.0001,7.7724905,95.26638,20.611404,26.384794,37.96806,26.0
PHX,2021-07-01,107.0,85.0,0.0001,4.8206797,109.08633,18.614481,30.067894,43.40243,23.0
PHX,2021-07-02,105.0,89.0,0.0001,5.3498564,162.25241,21.296362,32.785213,42.205044,20.0
PHX,2021-07-03,107.0,79.0,0.26,6.3254786,106.31296,20.877974,55.97774,84.474464,29.0
PHX,2021-07-04,103.0,80.0,0.0,4.732334,136.94077,26.26772,47.345894,74.151726,14.0
PHX,2021-07-05,107.0,90.0,0.0,5.675123,280.97726,16.305761,30.02065,45.249863,11.0
PHX,2021-07-06,111.0,89.0,0.0,6.353824,259.22528,8.706646,17.53896,30.645676,16.0
PHX,2021-07-07,111.0,88.0,0.0,4.3376436,268.35748,12.3261595,19.622627,29.795513,13.0
PHX,2021-07-08,112.0,92.0,0.0,5.5874825,260.2838,17.72577,26.927107,41.034203,19.0
PHX,2021-07-09,112.0,93.0,0.0,7.470336,261.7805,18.624498,29.058409,36.119045,26.0
PHX,2021-07-10,112.0,85.0,0.0001,8.194529,228.5339,17.464388,33.158684,54.89434,30.0
PHX,2021-07-11,111.0,85.0,0.0,6.6423464,245.7332,18.624498,34.178375,57.01807,16.0
PHX,2021-07-12,106.0,90.0,0.0,5.8580785,291.81442,20.757124,27.900118,36.795143,19.0
PHX,2021-07-13,109.0,86.0,0.0,7.0571427,227.79408,19.685957,29.69024,47.906834,19.0
PHX,2021-07-14,99.0,77.0,0.1,7.288339,195.78299,29.25458,48.10503,84.35599,23.0
PHX,2021-07-15,102.0,85.0,0.0,6.6606107,115.60609,29.895945,40.572323,59.21356,14.0
PHX,2021-07-16,102.0,83.0,0.01,7.387279,120.11259,27.019194,48.30227,65.13056,22.0
PHX,2021-07-17,102.0,83.0,0.0,4.63554,119.75782,24.97434,38.96651,54.620113,11.0
PHX,2021-07-18,102.0,88.0,0.0,6.3035326,224.39462,29.004477,36.023174,51.80454,21.0
PHX,2021-07-19,105.0,88.0,0.0,6.3057323,220.01982,24.764944,36.81263,48.19906,11.0
PHX,2021-07-20,109.0,89.0,0.0,6.4025974,263.43958,22.578178,30.50806,43.851994,20.0
PHX,2021-07-21,109.0,89.0,0.0,6.9516015,203.1716,20.212555,33.536587,43.986134,21.0
PHX,2021-07-22,106.0,78.0,0.21,8.175,107.50388,24.90083,47.459805,79.10189,21.0
PHX,2021-07-23,83.0,73.0,0.8,6.6294737,105.87436,65.026215,85.46076,94.10022,20.0
PHX,2021-07-24,83.0,74.0,0.18,7.3749127,132.48862,67.05904,85.41619,93.79415,12.0
PHX,2021-07-25,81.0,73.0,0.11,5.956338,85.09687,67.177505,81.54251,93.79415,12.0
PHX,2021-07-26,98.0,75.0,0.0,3.8157334,107.00918,30.261078,64.772194,84.45763,8.0
PHX,2021-07-27,104.0,81.0,0.0,5.157554,134.79442,20.611404,40.061527,64.68674,22.0
PHX,2021-07-28,105.0,83.0,0.0,3.4942195,255.27605,19.232176,34.631397,58.692406,11.0
PHX,2021-07-29,106.0,88.0,0.0,6.82097,102.36521,18.010906,32.83128,46.388844,22.0
PHX,2021-07-30,104.0,80.0,0.01,7.145138,136.77745,21.174019,36.57462,74.068855,24.0
PHX,2021-07-31,100.0,77.0,0.05,4.3218064,285.30353,26.777552,52.479683,87.48222,16.0
PHX,2021-08-01,105.0,85.0,0.0,4.506007,159.83293,22.152374,35.27004,54.89434,13.0
PHX,2021-08-02,109.0,89.0,0.0,5.348854,109.07126,17.54807,28.260431,42.205044,10.0
PHX,2021-08-03,112.0,89.0,0.0,5.325795,143.60141,13.513908,27.403982,43.41545,11.0
PHX,2021-08-04,115.0,89.0,0.0,5.3435717,107.344345,9.357788,20.770555,36.37412,11.0
PHX,2021-08-05,109.0,89.0,0.0,5.323345,137.68404,19.058157,26.540676,39.474964,15.0
PHX,2021-08-06,109.0,91.0,0.0,6.8136826,274.5697,21.025717,32.117764,43.986134,14.0
PHX,2021-08-07,108.0,88.0,0.0,6.0197225,237.78122,19.423824,29.851498,40.610085,14.0
PHX,2021-08-08,107.0,89.0,0.0,7.6700287,271.82294,19.30596,30.465597,39.05985,15.0
PHX,2021-08-09,96.0,84.0,0.0,7.351026,153.42133,34.569923,43.107407,52.71415,17.0
PHX,2021-08-10,94.0,76.0,0.11,5.8111496,159.47313,41.034203,60.391804,87.48222,12.0
PHX,2021-08-11,95.0,79.0,0.0,6.571835,82.475685,38.424847,58.743816,79.17114,16.0
PHX,2021-08-12,100.0,77.0,0.0,5.6288586,115.774124,34.917706,52.93449,79.10189,18.0
PHX,2021-08-13,99.0,74.0,0.19,5.068148,169.88297,34.917706,47.919647,84.57616,22.0
PHX,2021-08-14,94.0,73.0,0.64,5.0374823,125.30984,44.149624,75.961105,93.79415,15.0
PHX,2021-08-15,99.0,80.0,0.02,3.893799,134.27785,33.896896,54.765614,76.526184,18.0
PHX,2021-08-16,101.0,71.0,0.42,5.1571326,114.401535,35.627907,63.018044,90.594666,47.0
PHX,2021-08-17,94.0,73.0,0.01,5.598018,144.36781,38.424847,64.12764,84.337776,14.0
PHX,2021-08-18,95.0,76.0,0.08,9.341377,126.53775,39.652657,63.184067,73.88337,23.0
PHX,2021-08-19,97.0,75.0,0.0,6.225784,160.61938,30.425846,49.46154,78.86083,14.0
PHX,2021-08-20,98.0,81.0,0.0,4.92275,144.90259,25.452997,39.11807,56.751534,11.0
PHX,2021-08-21,101.0,79.0,0.0,4.9170766,137.11842,21.6239,37.624233,62.030624,11.0
PHX,2021-08-22,104.0,80.0,0.0,3.9613764,157.33899,13.163405,31.252604,54.357697,11.0
PHX,2021-08-23,106.0,79.0,0.0,4.497505,139.4607,9.385863,27.154087,56.225796,11.0
PHX,2021-08-24,105.0,80.0,0.0,4.634752,95.45441,15.685033,27.945805,42.0474,10.0
PHX,2021-08-25,109.0,84.0,0.0,4.2025585,105.11056,15.880946,27.868162,41.576298,11.0
PHX,2021-08-26,112.0,86.0,0.0,4.551282,101.52915,10.994468,26.246767,41.615177,11.0
PHX,2021-08-27,112.0,87.0,0.0,6.152613,121.77716,12.219165,32.91847,37.661842,16.0
PHX,2021-08-28,105.0,88.0,0.0,5.8561306,132.2673,21.296362,26.174765,32.53189,19.0
PHX,2021-08-29,108.0,87.0,0.0,5.2397213,104.18283,15.880946,26.18719,40.442654,17.0
PHX,2021-08-30,105.0,87.0,0.0,5.927526,113.44629,19.947535,30.67187,47.733757,18.0
PHX,2021-08-31,97.0,74.0,0.07,6.238742,263.03177,31.773388,55.648132,90.39978,22.0
PHX,2021-09-01,95.0,74.0,0.43,4.247438,140.70122,36.078796,70.289986,87.628876,25.0
PHX,2021-09-02,94.0,74.0,0.01,3.5770035,116.706665,34.569923,61.79381,87.681946,9.0
PHX,2021-09-03,100.0,80.0,0.0,4.3304906,120.97456,26.777552,43.93933,64.136,10.0
PHX,2021-09-04,105.0,81.0,0.0,4.117073,129.41922,20.609463,38.049145,62.615204,9.0
PHX,2021-09-05,107.0,83.0,0.0,5.757491,139.08574,16.291739,33.568882,53.208717,22.0
PHX,2021-09-06,105.0,82.0,0.0,3.836237,149.53874,23.515526,37.242565,52.928852,10.0
PHX,2021-09-07,105.0,87.0,0.0,5.2753725,277.9729,22.152374,33.694183,44.952454,11.0
PHX,2021-09-08,105.0,84.0,0.0,5.082328,10.524004,23.96617,37.330948,49.624676,15.0
PHX,2021-09-09,111.0,86.0,0.0,6.3766785,112.28318,12.123097,24.61414,40.137066,15.0
PHX,2021-09-10,108.0,83.0,0.0,6.428571,146.70834,13.925765,22.89627,32.495445,11.0
PHX,2021-09-11,108.0,85.0,0.0,4.257143,265.89023,13.308459,27.818417,44.660763,11.0
PHX,2021-09-12,109.0,83.0,0.0,4.211847,109.05332,11.623328,22.597557,35.718548,10.0
PHX,2021-09-13,108.0,83.0,0.0,4.9774647,123.44478,11.228064,20.561016,31.934713,13.0
PHX,2021-09-14,106.0,81.0,0.0,4.5073996,190.9938,12.859828,23.669292,38.090065,11.0
PHX,2021-09-15,107.0,81.0,0.0,5.5739813,265.00894,9.764022,18.684515,34.250164,16.0
PHX,2021-09-16,105.0,79.0,0.0,4.3481636,98.030106,14.208361,22.52341,33.57606,10.0
PHX,2021-09-17,101.0,82.0,0.0,3.9038327,80.6425,20.14716,28.379673,37.01001,9.0
PHX,2021-09-18,98.0,77.0,0.11,5.8308024,141.38014,30.425846,56.43937,74.151726,21.0
PHX,2021-09-19,100.0,76.0,0.0,4.8536587,194.10466,16.159891,43.14901,76.790886,11.0
PHX,2021-09-20,98.0,74.0,0.0,4.338837,92.17754,12.287988,27.86838,49.775276,11.0
PHX,2021-09-21,102.0,74.0,0.0,3.915064,207.56337,11.068576,21.86012,38.256405,11.0
PHX,2021-09-22,103.0,76.0,0.0,4.41849,119.824394,12.940249,23.70746,32.101894,11.0
PHX,2021-09-23,100.0,78.0,0.0,4.710007,159.98007,17.170067,29.4279,45.04131,15.0
PHX,2021-09-24,91.0,79.0,0.07,6.002152,136.97104,26.52344,34.626827,50.953636,15.0
PHX,2021-09-25,95.0,75.0,0.0,4.625089,211.18785,20.64246,41.032024,64.21361,17.0
PHX,2021-09-26,80.0,69.0,0.14,6.2222996,106.87433,48.57582,73.59969,87.135025,22.0
PHX,2021-09-27,86.0,70.0,0.0001,2.95848,88.19171,38.276485,55.27661,81.26576,8.0
PHX,2021-09-28,91.0,72.0,0.0,4.5150647,141.41707,29.660017,40.621323,75.92401,10.0
PHX,2021-09-29,89.0,73.0,0.0,5.4781985,244.53136,28.90467,51.264248,62.051434,13.0
PHX,2021-09-30,90.0,70.0,0.0001,6.0052357,87.534515,22.202396,34.14439,49.775276,22.0
PHX,2021-10-01,91.0,69.0,0.0,4.0846486,85.07599,14.119323,27.627075,40.645992,13.0
PHX,2021-10-02,94.0,67.0,0.0,3.4482758,98.40434,13.913896,27.911104,46.924103,11.0
PHX,2021-10-03,96.0,69.0,0.0,3.016028,85.0489,17.306898,26.485395,52.671318,11.0
PHX,2021-10-04,98.0,74.0,0.0001,6.230392,264.3725,18.131224,30.033316,46.69717,20.0
PHX,2021-10-05,85.0,68.0,0.28,6.3459888,55.892002,38.693733,51.813736,75.398506,17.0
PHX,2021-10-06,90.0,68.0,0.0,3.2834759,124.7478,20.10815,45.76214,81.40943,10.0
PHX,2021-10-07,91.0,71.0,0.0,4.7770033,109.867615,20.445974,37.06021,55.06128,10.0
PHX,2021-10-08,92.0,72.0,0.0,6.295439,248.14679,23.027332,36.813614,53.089157,16.0
PHX,2021-10-09,85.0,69.0,0.0,6.8062716,263.55524,16.04455,29.012075,42.50745,13.0
PHX,2021-10-10,85.0,62.0,0.0,3.121951,206.6391,14.682789,23.766918,35.257378,9.0
PHX,2021-10-11,88.0,61.0,0.04,9.974008,180.68991,10.922072,32.10874,67.19054,24.0
PHX,2021-10-12,71.0,57.0,0.0,7.3806076,260.79834,14.7873125,25.090689,36.863667,23.0
PHX,2021-10-13,75.0,52.0,0.0,3.2529616,97.59012,18.185493,30.005335,42.484467,9.0
PHX,2021-10-14,79.0,55.0,0.0,4.276655,121.3306,13.55959,29.325983,50.57517,9.0
PHX,2021-10-15,84.0,56.0,0.0,6.108451,52.67478,9.294985,21.606829,47.039375,16.0
PHX,2021-10-16,92.0,58.0,0.0,6.302817,64.99608,10.02307,16.822813,35.688057,16.0
PHX,2021-10-17,90.0,67.0,0.0,5.0083623,207.18065,12.457335,21.84086,33.15695,13.0
PHX,2021-10-18,86.0,63.0,0.0,8.104272,199.37202,23.680708,31.78677,41.088253,19.0
PHX,2021-10-19,80.0,61.0,0.0,2.9866574,323.24838,27.366596,37.19003,53.69387,9.0
PHX,2021-10-20,85.0,59.0,0.0,3.169338,25.902424,20.265131,33.91373,53.40157,10.0
PHX,2021-10-21,89.0,60.0,0.0,3.327526,294.86716,15.849057,31.306393,49.729713,9.0
PHX,2021-10-22,89.0,63.0,0.0,3.2710803,149.79036,13.508363,29.671015,47.96972,9.0
PHX,2021-10-23,85.0,60.0,0.0,5.1228933,89.62458,18.735771,31.273737,49.21058,10.0
PHX,2021-10-24,87.0,63.0,0.0,4.380488,96.54766,18.857111,32.567307,50.03228,9.0
PHX,2021-10-25,90.0,63.0,0.0,6.4996414,185.85912,23.629341,36.39328,50.03228,17.0
PHX,2021-10-26,77.0,60.0,0.0,10.204155,257.84027,18.868664,32.1563,54.257446,19.0
PHX,2021-10-27,79.0,56.0,0.0,2.6597865,252.90889,14.620518,24.613548,36.863667,9.0
PHX,2021-10-28,88.0,55.0,0.0,2.5446808,352.30518,13.900001,26.62189,43.63164,10.0
PHX,2021-10-29,93.0,64.0,0.0,3.000697,89.70827,10.444182,23.281384,39.815994,11.0
PHX,2021-10-30,89.0,61.0,0.0,3.2914326,112.9035,12.920963,23.151243,34.811096,8.0
PHX,2021-10-31,88.0,62.0,0.0,4.8370943,118.80937,17.57693,27.051064,39.21163,9.0
PHX,2021-11-01,85.0,62.0,0.0,4.895184,111.699814,16.633144,30.752253,44.74064,9.0
PHX,2021-11-02,84.0,62.0,0.0,3.4383276,111.182945,14.439469,26.391125,41.088634,9.0
PHX,2021-11-03,87.0,59.0,0.0,3.809756,120.48541,15.599287,29.427809,45.528713,10.0
PHX,2021-11-04,90.0,61.0,0.0,2.9937282,121.27283,12.479173,26.432768,44.095684,9.0
PHX,2021-11-05,91.0,63.0,0.0,2.9930313,109.29704,14.136816,25.7567,36.35882,10.0
PHX,2021-11-06,90.0,62.0,0.0,3.246853,109.97898,12.130359,25.640322,37.692978,9.0
PHX,2021-11-07,86.0,60.0,0.0,3.7066202,106.74766,14.91238,26.595518,40.462532,9.0
PHX,2021-11-08,88.0,60.0,0.0,4.74007,105.46344,13.276061,27.878674,39.188965,10.0
PHX,2021-11-09,82.0,59.0,0.0,3.9167833,106.831276,17.422934,30.804485,46.315655,9.0
PHX,2021-11-10,83.0,56.0,0.0,3.4288702,157.94217,17.744846,33.277946,49.256523,11.0
PHX,2021-11-11,85.0,56.0,0.0,2.7107766,330.57303,13.044795,28.985085,52.695644,8.0
PHX,2021-11-12,88.0,57.0,0.0,3.3783216,47.248013,11.311938,21.624683,34.48676,11.0
PHX,2021-11-13,88.0,57.0,0.0,2.1617851,123.01804,10.434365,22.626514,35.23578,9.0
PHX,2021-11-14,87.0,56.0,0.0,2.512195,124.13705,11.740701,24.444626,37.368904,8.0
PHX,2021-11-15,87.0,56.0,0.0,3.6264808,113.64037,11.717561,23.80996,39.043396,10.0
PHX,2021-11-16,81.0,55.0,0.0,3.744056,105.24846,13.078939,25.08242,38.359814,9.0
PHX,2021-11-17,81.0,54.0,0.0,4.0251746,108.65538,14.193372,27.680754,42.975666,8.0
PHX,2021-11-18,84.0,52.0,0.0,4.662172,95.24795,11.499678,24.248188,41.106903,9.0
PHX,2021-11-19,82.0,60.0,0.0,3.63331,116.020294,12.596943,20.086964,33.724586,10.0
PHX,2021-11-20,80.0,54.0,0.0,2.676697,119.69423,14.193372,26.438433,41.106903,8.0
PHX,2021-11-21,81.0,59.0,0.0,5.4132867,51.942944,11.074862,22.31105,40.462532,14.0
PHX,2021-11-22,82.0,56.0,0.0,6.397173,71.81668,13.55959,19.97147,28.026197,17.0
PHX,2021-11-23,79.0,64.0,0.0001,2.8832169,86.15701,17.159117,24.414783,34.35165,11.0
PHX,2021-11-24,75.0,59.0,0.0001,4.293952,122.93549,23.84732,36.435703,55.567047,9.0
PHX,2021-11-25,75.0,52.0,0.0,6.792291,55.095467,12.398388,23.15182,44.41585,17.0
PHX,2021-11-26,77.0,51.0,0.0,4.0754447,71.12677,19.144524,27.449848,39.188965,17.0
PHX,2021-11-27,76.0,53.0,0.0,2.9643106,144.3638,20.468988,35.29217,50.422375,9.0
PHX,2021-11-28,82.0,49.0,0.0,2.6055748,104.83559,14.209164,32.957294,54.1311,8.0
PHX,2021-11-29,82.0,53.0,0.0,2.3314724,212.92076,13.293518,26.858322,43.31051,7.0
PHX,2021-11-30,80.0,53.0,0.0,3.195122,117.75458,16.406256,28.710686,40.606575,10.0
PHX,2021-12-01,85.0,52.0,0.0,2.2097561,94.02728,12.293216,28.45637,46.91129,9.0
PHX,2021-12-02,84.0,57.0,0.0,2.2030704,115.566956,13.293518,24.984652,37.81449,9.0
PHX,2021-12-03,80.0,55.0,0.0,2.674126,132.33682,18.880196,33.660065,47.052753,7.0
PHX,2021-12-04,78.0,53.0,0.0,3.1304955,107.656975,19.296404,36.370903,56.165054,7.0
PHX,2021-12-05,77.0,49.0,0.0,3.1602788,97.23794,17.527369,34.77412,53.968052,8.0
PHX,2021-12-06,77.0,51.0,0.0,3.6321678,100.730064,18.457317,34.69691,50.422375,10.0
PHX,2021-12-07,75.0,53.0,0.0,4.494326,90.148384,19.02034,32.737743,44.91938,11.0
PHX,2021-12-08,72.0,57.0,0.0,4.440868,99.558395,22.815418,31.31832,43.77804,11.0
PHX,2021-12-09,73.0,52.0,0.35,7.4010262,158.21625,28.850718,63.208714,96.81093,19.0
PHX,2021-12-10,63.0,52.0,0.0001,5.8604326,261.55734,42.236824,60.432247,90.29139,14.0
PHX,2021-12-11,66.0,44.0,0.0,2.693492,109.15614,17.783308,48.56013,78.662285,13.0
PHX,2021-12-12,72.0,45.0,0.0,3.367133,118.66789,22.815418,45.610428,65.629745,14.0
PHX,2021-12-13,71.0,49.0,0.0,4.3338017,105.95764,30.880556,48.65876,65.752426,9.0
PHX,2021-12-14,73.0,52.0,0.0001,7.854196,155.21527,29.119883,49.385338,79.852875,29.0
PHX,2021-12-15,58.0,44.0,0.03,5.15782,262.57227,27.864435,50.55395,82.681984,28.0
PHX,2021-12-16,63.0,40.0,0.0,2.6190476,264.40244,32.12623,53.37712,79.33944,9.0
PHX,2021-12-17,63.0,41.0,0.0,2.4364526,255.22852,29.626625,53.737827,82.22324,10.0
PHX,2021-12-18,67.0,38.0,0.0,3.8943663,42.97059,11.670958,36.255245,70.52554,12.0
PHX,2021-12-19,69.0,43.0,0.0,2.620448,76.14794,18.755957,32.269363,50.11513,13.0
PHX,2021-12-20,72.0,45.0,0.0,3.1038327,99.25794,20.752853,38.45777,55.35541,9.0
PHX,2021-12-21,66.0,51.0,0.0,2.3743877,100.83615,24.711617,39.2757,58.358864,7.0
PHX,2021-12-22,72.0,48.0,0.0,1.8877267,102.93295,21.692425,43.02852,63.335434,5.0
PHX,2021-12-23,75.0,57.0,0.0,3.6673684,94.62072,21.823309,35.333813,53.239853,9.0
PHX,2021-12-24,67.0,54.0,1.0,6.9845505,124.79325,30.368418,89.52138,96.7575,16.0
PHX,2021-12-25,61.0,53.0,0.01,1.9888501,138.68385,72.21912,89.13948,100.0,7.0
PHX,2021-12-26,66.0,52.0,0.0,2.3146307,283.05896,42.555634,64.478386,92.86074,9.0
PHX,2021-12-27,58.0,47.0,0.0,4.967944,129.0382,54.21172,72.16669,89.03869,13.0
PHX,2021-12-28,59.0,44.0,0.03,4.4084506,130.74345,52.695644,70.34097,92.8002,11.0
PHX,2021-12-29,61.0,47.0,0.1,3.2948987,93.65894,42.08253,73.7127,92.76658,12.0
PHX,2021-12-30,63.0,47.0,0.0,3.6032078,109.20297,47.83135,73.149216,93.05812,7.0
PHX,2021-12-31,59.0,53.0,0.01,4.6638775,168.43463,71.80861,77.88535,86.710846,11.0
PHX,2022-01-01,56.0,42.0,0.07,11.127966,277.5879,16.891935,45.74489,85.59461,23.0
PHX,2022-01-02,59.0,36.0,0.0,4.4599304,61.482044,16.034359,38.697136,69.62508,13.0
PHX,2022-01-03,67.0,39.0,0.0,1.9163764,95.13873,17.783308,42.76632,67.44567,8.0
PHX,2022-01-04,66.0,40.0,0.0,3.4097562,116.409225,22.881233,47.909126,67.165634,8.0
PHX,2022-01-05,66.0,41.0,0.0,2.3558967,101.15446,23.81689,51.96803,79.33944,8.0
PHX,2022-01-06,66.0,43.0,0.0,2.6487806,105.23691,31.553473,55.177708,75.92653,8.0
PHX,2022-01-07,72.0,45.0,0.0,3.2547104,104.75323,27.647263,54.00969,76.40133,8.0
PHX,2022-01-08,68.0,47.0,0.0,3.9525802,78.92617,33.15695,56.33458,73.38346,11.0
PHX,2022-01-09,74.0,44.0,0.0,3.2592592,60.418232,17.988867,47.268456,79.35582,11.0
PHX,2022-01-10,73.0,49.0,0.0,9.800709,65.7547,17.927456,26.299831,47.81362,17.0
PHX,2022-01-11,73.0,50.0,0.0,5.834843,66.26002,17.927456,31.874763,51.809525,17.0
PHX,2022-01-12,70.0,49.0,0.0,3.183345,48.651566,14.057844,27.638956,50.28439,13.0
PHX,2022-01-13,72.0,44.0,0.0,3.3691556,95.10328,17.656345,38.18722,58.46705,8.0
PHX,2022-01-14,71.0,50.0,0.0,3.8332171,108.11498,19.916094,40.149704,54.263977,8.0
PHX,2022-01-15,71.0,49.0,0.0,7.2283297,67.465034,13.11292,26.190577,58.435863,19.0
PHX,2022-01-16,74.0,45.0,0.0,2.3904495,91.1041,12.735657,27.027336,45.753944,14.0
PHX,2022-01-17,71.0,47.0,0.0,2.7412589,109.22982,17.656345,33.904808,49.805668,10.0
PHX,2022-01-18,69.0,53.0,0.01,3.023077,82.59609,23.224602,41.990597,63.984604,7.0
PHX,2022-01-19,70.0,51.0,0.0,2.6874561,116.21652,32.239624,52.60415,66.12884,8.0
PHX,2022-01-20,71.0,47.0,0.0,2.2477129,259.4822,19.183722,47.274,76.583626,9.0
PHX,2022-01-21,70.0,47.0,0.0,3.8558433,100.09386,18.905016,33.61209,54.1311,10.0
PHX,2022-01-22,70.0,48.0,0.04,5.3751802,87.91285,22.205614,39.834885,69.085075,20.0
PHX,2022-01-23,71.0,47.0,0.0,3.1441567,255.18092,26.323095,55.406998,86.326836,9.0
PHX,2022-01-24,69.0,46.0,0.0,3.3623595,133.64148,25.016504,49.664352,73.84703,10.0
PHX,2022-01-25,70.0,45.0,0.0,5.528223,153.36847,18.057362,41.548416,67.89982,15.0
PHX,2022-01-26,69.0,43.0,0.0,3.5556338,260.18546,15.239349,31.110075,49.18003,14.0
PHX,2022-01-27,69.0,42.0,0.0,2.8562367,274.5568,11.120865,29.598257,52.863907,9.0
PHX,2022-01-28,71.0,49.0,0.0,10.434507,65.42987,10.917103,16.415499,26.608856,24.0
PHX,2022-01-29,74.0,47.0,0.0,5.9880786,74.25939,12.250982,20.629913,42.1716,15.0
PHX,2022-01-30,74.0,52.0,0.0,4.252661,280.12878,15.472057,22.509584,34.08044,11.0
PHX,2022-01-31,70.0,47.0,0.0,3.2297485,123.57102,15.249589,30.280878,49.63451,8.0
PHX,2022-02-01,70.0,51.0,0.0,3.7559276,103.09227,13.373921,29.947918,45.734486,9.0
PHX,2022-02-02,62.0,50.0,0.0,8.539181,261.90775,7.8037133,19.202366,36.535843,18.0
PHX,2022-02-03,58.0,37.0,0.0,3.3072078,261.07333,8.893098,16.63933,28.542002,10.0
PHX,2022-02-04,65.0,38.0,0.0,7.622113,76.763145,8.165491,14.920212,27.33881,19.0
PHX,2022-02-05,67.0,47.0,0.0,7.5923343,71.10484,8.353567,16.194407,32.498413,16.0
PHX,2022-02-06,73.0,38.0,0.0,4.5658364,14.351252,8.301868,18.708136,44.467453,18.0
PHX,2022-02-07,72.0,51.0,0.0,6.143763,69.37767,10.105847,16.278494,29.671701,18.0
PHX,2022-02-08,76.0,45.0,0.0,3.8970587,26.511654,10.956054,22.86322,40.44305,14.0
PHX,2022-02-09,79.0,48.0,0.0,3.4975054,21.100157,7.6130514,17.276846,40.288498,10.0
PHX,2022-02-10,81.0,50.0,0.0,3.7891061,49.833576,10.244294,20.175774,31.071806,11.0
PHX,2022-02-11,80.0,50.0,0.0,3.3033473,132.32047,12.029322,25.69552,44.09345,9.0
PHX,2022-02-12,82.0,49.0,0.0,3.8793585,76.301155,5.7434297,20.878922,42.32526,11.0
PHX,2022-02-13,82.0,52.0,0.0,4.1558075,101.90148,7.937787,16.39642,25.816883,11.0
PHX,2022-02-14,82.0,49.0,0.0,3.1293042,107.326225,8.328928,20.846235,38.994095,9.0
PHX,2022-02-15,79.0,49.0,0.0,8.7569895,154.68645,7.0998983,19.503008,35.82708,21.0
PHX,2022-02-16,63.0,52.0,0.0,6.492473,222.99615,27.2402,34.734932,42.484467,16.0
PHX,2022-02-17,68.0,48.0,0.0,3.5377557,96.185745,14.348753,33.24654,63.335434,9.0
PHX,2022-02-18,71.0,43.0,0.0,3.642857,108.7546,9.991788,22.013494,38.620674,11.0
PHX,2022-02-19,79.0,46.0,0.0,2.7171428,81.26928,9.879305,21.827425,40.773857,16.0
PHX,2022-02-20,80.0,51.0,0.0,4.2605634,162.0492,9.160346,21.175055,35.89243,11.0
PHX,2022-02-21,72.0,50.0,0.0,8.713266,197.54213,21.040249,26.782452,38.99796,16.0
PHX,2022-02-22,66.0,50.0,0.0001,6.401685,181.28944,34.0208,43.60719,57.50548,17.0
PHX,2022-02-23,56.0,42.0,0.28,9.228293,225.18993,48.127792,73.805084,89.921104,21.0
PHX,2022-02-24,57.0,38.0,0.0,3.1400561,83.18865,31.511898,62.107155,92.45325,8.0
PHX,2022-02-25,65.0,40.0,0.0,3.1804087,251.48393,20.747662,44.579357,73.249565,10.0
PHX,2022-02-26,69.0,43.0,0.0,2.9716713,265.17636,18.057362,40.972412,76.1241,11.0
PHX,2022-02-27,73.0,45.0,0.0,3.6669018,6.914994,9.02491,19.68234,39.16291,12.0
PHX,2022-02-28,81.0,52.0,0.0,4.063681,58.07363,7.4852858,22.11512,42.484467,16.0
PHX,2022-03-01,84.0,51.0,0.0,2.3168666,293.31546,8.143137,21.775381,41.436413,8.0
PHX,2022-03-02,87.0,52.0,0.0,2.9055283,125.39343,8.689183,22.055113,38.86504,8.0
PHX,2022-03-03,88.0,59.0,0.0,5.4513397,179.5823,8.81989,19.469624,39.043396,16.0
PHX,2022-03-04,74.0,57.0,0.09,9.384943,213.49837,11.292929,29.635592,55.640198,18.0
PHX,2022-03-05,71.0,53.0,0.0,9.531448,234.98787,16.18088,41.681553,71.40023,22.0
PHX,2022-03-06,64.0,45.0,0.0,5.024251,266.7871,18.846079,33.61716,51.336,17.0
PHX,2022-03-07,69.0,45.0,0.0,5.318705,289.37988,10.688063,31.75312,53.369156,21.0
PHX,2022-03-08,66.0,44.0,0.0,3.7674928,283.79486,10.319524,22.362986,43.77005,10.0
PHX,2022-03-09,72.0,45.0,0.0,4.9795485,153.8251,11.036602,22.475576,38.147038,14.0
PHX,2022-03-10,71.0,47.0,0.0,9.797965,294.29227,14.110377,23.494991,37.517635,27.0
PHX,2022-03-11,71.0,45.0,0.0,4.0803127,265.9836,7.3816323,24.074358,53.000835,11.0
PHX,2022-03-12,77.0,47.0,0.0,4.675618,58.015118,6.6265388,15.726263,32.593575,13.0
PHX,2022-03-13,80.0,49.0,0.0,4.2373595,191.00932,7.76037,18.164526,34.204597,13.0
PHX,2022-03-14,82.0,50.0,0.0,4.184507,103.151306,8.920132,18.166637,33.439117,10.0
PHX,2022-03-15,86.0,54.0,0.0,3.6682994,106.82086,8.007361,18.56313,32.7512,9.0
PHX,2022-03-16,85.0,58.0,0.0,10.193215,275.26132,11.684463,18.691278,29.317097,22.0
PHX,2022-03-17,80.0,59.0,0.0,5.0525556,302.10437,8.075061,17.759798,35.867504,17.0
PHX,2022-03-18,84.0,54.0,0.0,4.4242425,134.42598,7.0356035,16.758417,32.70631,12.0
PHX,2022-03-19,86.0,55.0,0.0,4.355337,115.7225,6.358458,17.165628,30.282839,10.0
PHX,2022-03-20,75.0,60.0,0.0,8.594286,246.97447,15.947789,24.809757,37.692978,22.0
PHX,2022-03-21,77.0,57.0,0.0,9.736997,287.58987,7.2237887,18.177628,42.08253,17.0
PHX,2022-03-22,81.0,53.0,0.0,4.585068,334.63858,7.937787,14.91021,25.880339,16.0
PHX,2022-03-23,81.0,60.0,0.0,8.058866,40.294094,5.9545007,10.084567,17.100666,22.0
PHX,2022-03-24,86.0,54.0,0.0,4.8950315,110.98355,5.7692385,13.990279,25.090797,10.0
PHX,2022-03-25,96.0,60.0,0.0,4.1791253,116.60788,5.911687,14.58615,24.149433,10.0
PHX,2022-03-26,93.0,64.0,0.0,3.794908,108.096306,7.161195,14.877843,23.81689,10.0
PHX,2022-03-27,95.0,61.0,0.0,7.1118517,99.80388,4.824228,13.12518,30.802467,14.0
PHX,2022-03-28,83.0,65.0,0.02,7.949502,141.82385,10.082965,24.49721,52.511654,26.0
PHX,2022-03-29,71.0,56.0,0.04,9.339637,256.61868,29.547894,52.452675,77.3798,23.0
PHX,2022-03-30,80.0,54.0,0.0,5.450653,235.60617,15.737061,39.128414,71.49519,15.0
PHX,2022-03-31,83.0,58.0,0.0,5.389905,104.49834,16.376242,30.851849,51.480362,11.0
PHX,2022-04-01,87.0,61.0,0.0,2.946505,122.21414,11.740701,25.524403,45.670044,8.0
PHX,2022-04-02,89.0,61.0,0.0,5.9829426,228.71767,12.818501,22.906406,41.088634,11.0
PHX,2022-04-03,87.0,62.0,0.0,6.113669,243.1844,14.263928,23.49983,42.41239,12.0
PHX,2022-04-04,88.0,62.0,0.0,6.095103,257.65613,13.29557,24.371994,42.555634,15.0
PHX,2022-04-05,93.0,64.0,0.0,6.821221,258.61932,11.755625,30.18899,41.72699,16.0
PHX,2022-04-06,95.0,65.0,0.0,5.4607916,74.72667,5.462088,15.641687,37.14392,20.0
PHX,2022-04-07,94.0,66.0,0.0,5.4656653,50.170765,4.026341,6.223473,11.236254,15.0
PHX,2022-04-08,97.0,64.0,0.0,3.6890635,68.72016,4.052783,9.213306,18.473837,18.0
PHX,2022-04-09,97.0,65.0,0.0,7.389986,202.30307,4.4409084,10.815325,19.640985,19.0
PHX,2022-04-10,90.0,65.0,0.0,7.5549965,241.45316,9.596981,16.789331,26.15378,21.0
PHX,2022-04-11,88.0,66.0,0.0,7.802351,235.97067,15.599287,24.587992,38.939228,19.0
PHX,2022-04-12,75.0,58.0,0.0,12.826433,258.3953,4.8126497,21.320835,44.881535,24.0
PHX,2022-04-13,76.0,49.0,0.0,5.060478,261.01718,4.6397266,9.303857,21.397638,13.0
PHX,2022-04-14,84.0,54.0,0.0,4.730057,117.13085,4.8811493,11.045315,20.694208,11.0
PHX,2022-04-15,89.0,57.0,0.0,5.084709,128.8777,5.12103,14.775692,25.76028,11.0
PHX,2022-04-16,91.0,60.0,0.0,7.0663266,216.33727,5.7692385,13.721837,24.149433,19.0
PHX,2022-04-17,92.0,61.0,0.0,3.706422,80.74764,7.161195,15.101107,30.802467,9.0
PHX,2022-04-18,95.0,65.0,0.0,4.712788,166.74142,4.220295,6.8153977,22.881233,11.0
PHX,2022-04-19,99.0,69.0,0.0,9.125858,231.13927,3.684138,9.771583,18.905016,18.0
PHX,2022-04-20,90.0,67.0,0.0,7.2977915,252.30116,8.075061,14.330194,20.55061,15.0
PHX,2022-04-21,94.0,65.0,0.0,5.6697907,181.47426,8.485421,15.964877,30.368418,11.0
PHX,2022-04-22,80.0,66.0,0.0,9.957317,247.3052,14.485305,20.79439,28.710505,24.0
PHX,2022-04-23,82.0,58.0,0.0,4.8742776,252.5093,9.084315,17.806229,31.803492,15.0
PHX,2022-04-24,86.0,59.0,0.0,4.20752,256.63004,4.0520983,11.769395,24.149433,11.0
PHX,2022-04-25,92.0,59.0,0.0,3.9646466,60.22622,3.2024264,9.7424345,23.363607,14.0
PHX,2022-04-26,99.0,63.0,0.0,4.6879535,205.18527,4.339739,11.387512,22.856588,15.0
PHX,2022-04-27,94.0,68.0,0.0,6.7815185,211.49791,4.984691,10.367307,19.632956,15.0
PHX,2022-04-28,93.0,64.0,0.0,8.091301,209.20018,5.494194,14.713769,25.53702,18.0
PHX,2022-04-29,90.0,64.0,0.0,5.7905645,248.61975,7.8999796,14.555311,26.461527,14.0
PHX,2022-04-30,96.0,63.0,0.0,4.54683,141.80571,4.8890157,12.984906,25.8456,14.0
PHX,2022-05-01,97.0,65.0,0.0,8.997125,215.11166,5.8571715,11.907313,22.856588,21.0
PHX,2022-05-02,93.0,68.0,0.0,5.0400624,259.58932,10.342575,14.474688,21.532473,11.0
PHX,2022-05-03,92.0,68.0,0.0,6.9671774,244.27008,9.225816,18.601223,30.738382,17.0
PHX,2022-05-04,93.0,67.0,0.0,4.9733434,259.86227,5.494194,14.879528,30.738382,15.0
PHX,2022-05-05,96.0,68.0,0.0,4.7534647,156.14716,6.0586863,11.803178,22.52057,10.0
PHX,2022-05-06,99.0,68.0,0.0,4.833087,109.298225,6.180955,12.530625,21.823309,13.0
PHX,2022-05-07,102.0,70.0,0.0,8.194587,206.26697,5.7541995,12.889277,24.420633,19.0
PHX,2022-05-08,96.0,74.0,0.0,8.950456,248.52266,8.63931,13.965121,22.659359,20.0
PHX,2022-05-09,89.0,68.0,0.0,8.725806,261.4208,7.8710866,15.268049,25.107582,18.0
PHX,2022-05-10,90.0,66.0,0.0,5.1836443,275.1018,9.596981,14.668746,23.224602,16.0
PHX,2022-05-11,89.0,66.0,0.0,9.384444,273.2024,3.7056396,10.959939,21.345661,22.0
PHX,2022-05-12,86.0,59.0,0.0,4.856023,259.44128,4.5753484,7.900425,13.144558,14.0
PHX,2022-05-13,96.0,62.0,0.0,3.6822095,146.17342,4.6907845,10.66204,23.612368,10.0
PHX,2022-05-14,104.0,68.0,0.0,3.8044097,124.24647,3.1666355,10.1970415,21.823309,10.0
PHX,2022-05-15,105.0,71.0,0.0,5.264493,216.9397,2.5911252,8.494486,19.989712,11.0
PHX,2022-05-16,105.0,74.0,0.0,6.82284,189.83951,4.007186,8.150351,17.159117,15.0
PHX,2022-05-17,102.0,73.0,0.0,5.534867,95.799446,6.1421113,11.81297,18.185816,14.0
PHX,2022-05-18,103.0,75.0,0.0,6.179049,254.85484,6.631196,14.351744,27.366596,16.0
PHX,2022-05-19,101.0,75.0,0.0,5.909692,248.82771,6.094251,14.952083,28.20098,17.0
PHX,2022-05-20,99.0,71.0,0.0,9.049712,236.06839,8.468549,13.526487,21.265543,22.0
PHX,2022-05-21,93.0,70.0,0.0,7.470758,259.81458,13.913896,22.988766,37.63877,16.0
PHX,2022-05-22,97.0,71.0,0.0,5.3289375,234.37596,8.416802,15.809007,27.060286,15.0
PHX,2022-05-23,97.0,69.0,0.0,6.725091,247.6384,7.611222,13.195424,24.420633,18.0
PHX,2022-05-24,99.0,73.0,0.0,7.108727,264.98386,5.481075,11.091755,23.552206,18.0
PHX,2022-05-25,103.0,75.0,0.0,5.799569,250.21631,5.3127303,8.612455,27.366596,11.0
PHX,2022-05-26,105.0,78.0,0.0,5.727339,258.7562,7.1553793,13.126195,22.710552,13.0
PHX,2022-05-27,106.0,79.0,0.0,6.5318046,262.32132,6.7284675,13.156048,25.94025,16.0
PHX,2022-05-28,102.0,77.0,0.0,7.849154,219.90965,5.8157315,9.548103,15.926939,18.0
PHX,2022-05-29,95.0,77.0,0.0,8.469118,244.13408,12.712646,18.18157,26.893555,17.0
PHX,2022-05-30,95.0,73.0,0.0,7.1272335,241.46242,10.181188,17.868809,29.43079,17.0
PHX,2022-05-31,97.0,72.0,0.0,5.391021,274.42657,7.876735,14.280782,26.922277,14.0
PHX,2022-06-01,100.0,72.0,0.0,4.3273253,287.0232,6.114022,11.474578,21.399529,15.0
PHX,2022-06-02,103.0,73.0,0.0,4.232272,325.2466,5.7541995,11.892859,19.734524,11.0
PHX,2022-06-03,103.0,76.0,0.0,6.841074,260.41,7.1553793,12.526708,21.065304,17.0
PHX,2022-06-04,101.0,76.0,0.0,5.230824,270.78812,7.8328395,13.099181,21.065304,13.0
PHX,2022-06-05,102.0,78.0,0.0,5.9059,260.75302,11.467394,17.695335,26.893555,14.0
PHX,2022-06-06,105.0,79.0,0.0,6.0569525,268.8252,10.088026,17.172169,25.568392,15.0
PHX,2022-06-07,107.0,77.0,0.0,5.7590976,271.93076,10.283764,18.13782,29.635479,13.0
PHX,2022-06-08,110.0,84.0,0.0,6.353615,281.8952,9.287856,16.397247,24.676184,13.0
PHX,2022-06-09,109.0,84.0,0.0,5.336757,280.15686,11.320505,17.68457,25.537045,11.0
PHX,2022-06-10,113.0,87.0,0.0,7.5975523,269.61313,8.292687,15.781057,26.032217,17.0
PHX,2022-06-11,114.0,90.0,0.0,7.802016,270.55487,7.2231736,15.764531,27.80434,27.0
PHX,2022-06-12,113.0,87.0,0.0,6.739163,256.52078,10.373809,16.40736,24.308815,17.0
PHX,2022-06-13,108.0,90.0,0.0,9.948326,254.37912,7.8328395,14.347535,23.991446,22.0
PHX,2022-06-14,105.0,82.0,0.0,5.8575644,266.9914,11.09465,16.813482,28.297388,13.0
PHX,2022-06-15,107.0,81.0,0.0,3.408461,113.9721,6.7982078,11.676909,23.367937,10.0
PHX,2022-06-16,113.0,81.0,0.0,5.5791,260.20593,5.667122,16.41992,19.42435,16.0
PHX,2022-06-17,111.0,90.0,0.0,7.6934524,198.96297,7.2631745,10.680834,24.436983,21.0
PHX,2022-06-18,98.0,82.0,0.0001,8.989928,130.67313,27.358515,36.14032,51.210354,20.0
PHX,2022-06-19,101.0,79.0,0.01,7.5163445,237.44714,6.5723076,25.775158,64.451225,19.0
PHX,2022-06-20,103.0,75.0,0.0,4.7362146,236.4922,5.5963383,11.268565,29.43079,11.0
PHX,2022-06-21,108.0,79.0,0.0,5.823401,134.34335,7.1553793,14.19464,29.660017,23.0
PHX,2022-06-22,107.0,86.0,0.0,6.133829,153.10194,15.400016,23.737617,34.742786,11.0
PHX,2022-06-23,108.0,84.0,0.0001,7.2107167,130.4615,16.896887,27.661139,47.913544,22.0
PHX,2022-06-24,108.0,85.0,0.0,7.3612366,357.97897,16.291739,24.653847,35.897354,22.0
PHX,2022-06-25,107.0,79.0,0.13,6.5918818,86.81727,13.46019,37.040215,62.277378,24.0
PHX,2022-06-26,107.0,80.0,0.18,6.7112103,106.55143,16.061821,39.383995,64.136,26.0
PHX,2022-06-27,103.0,79.0,0.0,5.097037,101.27932,23.23488,37.463306,62.1666,14.0
PHX,2022-06-28,107.0,87.0,0.0,6.3843336,103.73515,17.87064,21.247372,40.30533,11.0
PHX,2022-06-29,109.0,89.0,0.0,7.869438,181.86455,19.567963,28.50759,39.474964,18.0
PHX,2022-06-30,105.0,87.0,0.0001,5.240461,283.86038,19.873169,35.348915,40.442654,15.0
PHX,2022-07-01,108.0,88.0,0.0,7.4673667,188.1497,14.051482,25.595005,39.16971,18.0
PHX,2022-07-02,105.0,88.0,0.0,4.693848,191.33748,15.927934,26.00244,37.96806,11.0
PHX,2022-07-03,109.0,87.0,0.0,7.511887,257.96494,11.115402,18.716255,36.205288,19.0
PHX,2022-07-04,105.0,84.0,0.0,6.272926,241.79173,13.547594,19.49354,23.949017,19.0
PHX,2022-07-05,105.0,87.0,0.0001,6.8192334,249.55783,11.087012,15.567874,23.178743,19.0
PHX,2022-07-06,107.0,84.0,0.0,7.4125366,237.91895,7.651837,11.929497,22.202396,17.0
PHX,2022-07-07,107.0,84.0,0.0,4.9804206,270.4468,8.912857,13.048292,18.680779,14.0
PHX,2022-07-08,112.0,87.0,0.0,8.289886,267.62537,8.787058,13.014078,18.350496,17.0
PHX,2022-07-09,112.0,87.0,0.0,7.0866084,181.15887,7.2631745,15.81337,29.136297,21.0
PHX,2022-07-10,113.0,89.0,0.0,6.0787005,153.40225,11.170611,20.388506,30.645676,11.0
PHX,2022-07-11,115.0,91.0,0.0001,7.0101967,247.37648,10.36814,15.657105,23.027332,22.0
PHX,2022-07-12,112.0,93.0,0.0,6.2929745,68.85308,11.597702,20.00901,30.425846,23.0
PHX,2022-07-13,113.0,93.0,0.0001,6.1607533,133.43486,14.552876,25.534563,31.773388,16.0
PHX,2022-07-14,111.0,88.0,0.0001,6.941931,287.06332,16.169355,32.974667,57.427124,20.0
PHX,2022-07-15,112.0,88.0,0.0,5.6014338,270.5735,15.153808,28.585009,49.88376,11.0
PHX,2022-07-16,114.0,92.0,0.0001,7.4557824,232.27145,12.546027,21.673742,38.39251,31.0
PHX,2022-07-17,112.0,81.0,0.03,6.740289,268.19794,16.598663,33.545372,61.064674,29.0
PHX,2022-07-18,108.0,82.0,0.01,6.7400284,279.46237,20.877974,40.056206,76.526184,14.0
PHX,2022-07-19,111.0,94.0,0.0,10.754673,266.77878,18.509272,23.086971,29.136297,21.0
PHX,2022-07-20,111.0,91.0,0.0,10.797238,274.35687,16.770004,24.628773,33.314556,19.0
PHX,2022-07-21,110.0,90.0,0.0,8.364425,243.06577,16.536716,29.193129,42.205044,15.0
PHX,2022-07-22,114.0,95.0,0.0,5.1211677,246.40678,14.179346,20.547243,30.261078,14.0
PHX,2022-07-23,108.0,84.0,0.0001,8.753284,217.99542,20.877974,31.087362,51.36681,24.0
PHX,2022-07-24,100.0,80.0,0.0001,7.901805,217.7177,27.849644,42.138092,69.18237,22.0
PHX,2022-07-25,102.0,83.0,0.0,6.453353,187.25093,29.895945,41.717033,56.751534,17.0
PHX,2022-07-26,99.0,77.0,0.17,5.686919,255.85149,31.773388,60.145313,82.03341,14.0
PHX,2022-07-27,98.0,83.0,0.0001,6.413265,76.082985,34.917706,44.677834,58.692406,18.0
PHX,2022-07-28,92.0,79.0,0.0001,7.339874,74.750916,42.205044,58.241154,79.17114,16.0
PHX,2022-07-29,100.0,78.0,0.0001,5.5788336,239.59984,30.425846,48.879265,73.967064,15.0
PHX,2022-07-30,104.0,79.0,0.0001,4.7368803,64.288864,24.745028,49.971317,74.068855,32.0
PHX,2022-07-31,103.0,80.0,0.0,7.061416,255.00482,26.26772,49.019676,69.61913,20.0
PHX,2022-08-01,105.0,85.0,0.0,6.392571,260.745,27.44107,40.117317,53.208717,14.0
PHX,2022-08-02,107.0,89.0,0.0,7.291873,280.59753,23.043575,31.566425,43.55041,16.0
PHX,2022-08-03,101.0,87.0,0.0,5.8726115,264.11386,24.97434,31.777763,40.74673,16.0
PHX,2022-08-04,95.0,75.0,0.58,5.912664,220.87738,34.569923,58.271725,90.39978,22.0
PHX,2022-08-05,102.0,80.0,0.0,3.4354722,254.19058,22.61269,38.00951,69.27759,11.0
PHX,2022-08-06,108.0,86.0,0.0,4.155222,253.48596,17.538042,29.986532,48.19906,11.0
PHX,2022-08-07,105.0,88.0,0.0001,8.085427,241.73216,22.890696,31.0756,39.16971,22.0
PHX,2022-08-08,104.0,85.0,0.0,6.5090647,214.42822,24.30557,33.23672,49.437626,16.0
PHX,2022-08-09,98.0,76.0,0.14,4.8202567,189.77351,28.621786,52.9424,85.08769,26.0
PHX,2022-08-10,104.0,84.0,0.0,7.0975075,193.61009,26.26772,41.197975,52.994083,24.0
PHX,2022-08-11,105.0,84.0,0.0,5.7426944,108.1731,19.947535,35.276337,56.506313,14.0
PHX,2022-08-12,106.0,80.0,0.0001,7.2341213,98.95611,27.310251,44.067547,71.92238,33.0
PHX,2022-08-13,104.0,81.0,0.0001,5.092579,130.69662,21.296362,43.034615,64.68674,22.0
PHX,2022-08-14,101.0,81.0,0.01,6.916172,53.987316,29.551943,47.922268,67.617035,26.0
PHX,2022-08-15,102.0,79.0,0.0,3.8619697,244.4365,27.019194,46.253315,76.36474,11.0
PHX,2022-08-16,105.0,85.0,0.0,5.2717547,261.68896,23.96617,35.92339,51.36681,15.0
PHX,2022-08-17,106.0,84.0,0.0,6.607349,256.16446,23.949017,38.967617,59.21356,22.0
PHX,2022-08-18,105.0,82.0,0.04,4.7420783,74.86327,23.043575,47.752373,69.61913,22.0
PHX,2022-08-19,99.0,78.0,0.04,5.5647144,162.1294,32.84731,55.746574,81.89149,17.0
PHX,2022-08-20,97.0,79.0,0.0,6.6773233,163.05074,40.119965,54.172417,74.151726,14.0
PHX,2022-08-21,97.0,76.0,0.1,5.4514055,235.38168,38.625633,56.579456,78.98865,22.0
PHX,2022-08-22,99.0,77.0,0.0,4.46761,181.57185,28.754707,49.739204,81.55377,11.0
PHX,2022-08-23,105.0,85.0,0.0,5.438152,97.35361,26.584593,37.12621,55.044296,13.0
PHX,2022-08-24,101.0,84.0,0.0,7.455838,111.74859,24.30557,34.917362,57.427124,20.0
PHX,2022-08-25,103.0,84.0,0.0,5.1311955,122.06773,28.19011,40.169792,59.20717,10.0
PHX,2022-08-26,106.0,87.0,0.0,5.289322,260.78836,20.757124,32.620056,53.147194,13.0
PHX,2022-08-27,106.0,86.0,0.0,4.7064676,37.982586,25.569761,33.30295,44.952454,18.0
PHX,2022-08-28,104.0,85.0,0.0,4.6625366,264.5952,24.461567,34.889984,49.596455,14.0
PHX,2022-08-29,108.0,89.0,0.0,7.7338886,277.11844,20.21216,30.48457,43.55041,14.0
PHX,2022-08-30,111.0,89.0,0.0,5.614286,128.83005,12.42268,24.55914,39.05985,19.0
PHX,2022-08-31,109.0,89.0,0.0,6.5665946,135.08353,14.747164,22.410614,31.485565,13.0
PHX,2022-09-01,108.0,89.0,0.0,5.274412,148.28589,19.30596,28.349867,36.37412,20.0
PHX,2022-09-02,108.0,87.0,0.0,4.785245,113.01281,18.199934,31.886356,46.255726,17.0
PHX,2022-09-03,108.0,87.0,0.0,7.348551,120.594315,14.533172,31.607359,53.638535,18.0
PHX,2022-09-04,109.0,88.0,0.0,6.347181,102.38476,15.880946,24.861341,39.474964,13.0
PHX,2022-09-05,109.0,88.0,0.0,5.2492332,130.33633,14.919149,20.382568,30.413383,11.0
PHX,2022-09-06,110.0,87.0,0.0,6.881047,128.75577,12.219165,18.73871,30.413383,13.0
PHX,2022-09-07,108.0,86.0,0.0,5.7469087,246.38342,11.782921,32.291786,53.638535,17.0
PHX,2022-09-08,104.0,85.0,0.0,5.88783,253.34053,19.873169,35.956966,57.01807,17.0
PHX,2022-09-09,101.0,75.0,0.04,5.547059,250.89641,25.283396,42.923523,87.72512,22.0
PHX,2022-09-10,95.0,74.0,0.06,3.9074605,251.74063,35.94196,55.146896,90.39978,10.0
PHX,2022-09-11,103.0,76.0,0.62,5.8575625,247.69107,25.283396,44.769337,79.47427,48.0
PHX,2022-09-12,96.0,76.0,0.0001,5.365399,227.31363,34.569923,55.00738,81.95878,13.0
PHX,2022-09-13,97.0,81.0,0.0,6.7630057,149.03348,25.281494,43.618923,54.620113,14.0
PHX,2022-09-14,98.0,78.0,0.0,4.4632354,330.40323,18.755026,34.36247,55.70696,11.0
PHX,2022-09-15,98.0,79.0,0.0,4.4465184,259.628,19.01925,33.186478,48.57582,11.0
PHX,2022-09-16,98.0,80.0,0.0,3.6807473,260.9857,23.752026,34.89926,52.16248,11.0
PHX,2022-09-17,100.0,77.0,0.0,5.234665,156.73631,14.696096,27.806204,49.870277,11.0
PHX,2022-09-18,102.0,74.0,0.0,4.909486,117.072945,11.467394,21.202274,39.87258,11.0
PHX,2022-09-19,104.0,78.0,0.0,4.266667,252.9697,16.728773,21.719097,34.80998,14.0
PHX,2022-09-20,97.0,81.0,0.0001,4.8696265,324.43472,18.942272,31.793074,62.277378,17.0
PHX,2022-09-21,88.0,79.0,0.06,4.844017,86.22199,53.147194,70.40115,87.5789,11.0
PHX,2022-09-22,93.0,77.0,0.01,3.9170766,293.73077,40.898205,60.819984,81.89149,11.0
PHX,2022-09-23,101.0,80.0,0.0,4.659839,63.991283,27.849644,45.025963,65.026215,22.0
PHX,2022-09-24,103.0,78.0,0.0,4.311487,243.14284,18.207813,34.821423,54.232742,11.0
PHX,2022-09-25,104.0,77.0,0.0,3.7823613,101.80329,9.170575,18.909325,43.592644,11.0
PHX,2022-09-26,105.0,77.0,0.0,6.137085,93.972664,16.34766,21.87013,30.106024,18.0
PHX,2022-09-27,103.0,85.0,0.0,9.231206,97.653946,13.296302,23.005306,34.742786,17.0
PHX,2022-09-28,102.0,82.0,0.0,6.4,120.28083,18.508894,24.653698,35.897354,20.0
PHX,2022-09-29,101.0,78.0,0.0,5.4449124,127.38964,13.296302,30.091553,50.36098,11.0
PHX,2022-09-30,98.0,76.0,0.0,5.5304346,129.09717,18.131224,33.653263,50.06913,13.0
PHX,2022-10-01,97.0,76.0,0.0,4.4095783,134.27641,21.067657,35.500156,51.718468,11.0
PHX,2022-10-02,98.0,78.0,0.0,4.505423,146.31621,20.494839,36.556965,54.079453,11.0
PHX,2022-10-03,99.0,78.0,0.0,5.349544,26.395926,19.81848,29.964073,45.207962,31.0
PHX,2022-10-04,93.0,72.0,0.0,4.5878086,126.99057,23.684378,36.820023,51.36774,15.0
PHX,2022-10-05,94.0,74.0,0.01,4.3900356,138.1456,20.647491,31.898878,49.794525,18.0
PHX,2022-10-06,94.0,76.0,0.0001,6.219708,85.837555,20.647491,34.994606,50.06913,21.0
PHX,2022-10-07,93.0,75.0,0.0,7.5120225,94.779976,21.913591,33.42518,44.900772,19.0
PHX,2022-10-08,90.0,73.0,0.0,6.041607,97.26725,26.78695,42.100178,55.526184,20.0
PHX,2022-10-09,91.0,69.0,0.0,3.7933002,110.84189,22.671562,37.59924,61.150173,13.0
PHX,2022-10-10,91.0,71.0,0.0,3.8892808,108.860176,22.671562,34.29508,53.089157,11.0
PHX,2022-10-11,94.0,73.0,0.0,3.6783707,136.22818,17.79672,32.098454,47.692017,8.0
PHX,2022-10-12,95.0,71.0,0.0,3.27809,140.39676,18.051044,30.89249,47.717403,9.0
PHX,2022-10-13,97.0,71.0,0.0,3.711032,114.56689,13.725044,25.113966,39.423985,11.0
PHX,2022-10-14,98.0,71.0,0.0,4.6382227,123.99358,13.247708,22.897892,36.676685,11.0
PHX,2022-10-15,82.0,65.0,0.62,6.448052,313.87863,32.46321,64.130394,93.924324,23.0
PHX,2022-10-16,78.0,63.0,0.32,3.095677,262.5834,46.568714,73.40794,90.247734,10.0
PHX,2022-10-17,83.0,64.0,0.0,5.995011,71.45875,28.297388,46.633694,75.11617,15.0
PHX,2022-10-18,87.0,69.0,0.0,9.028289,85.66208,22.188366,35.508408,50.564655,16.0
PHX,2022-10-19,88.0,69.0,0.0,9.0220995,79.975105,17.57693,28.220448,45.022106,18.0
PHX,2022-10-20,91.0,69.0,0.0,5.0586553,70.7872,17.340029,26.123293,37.29259,11.0
PHX,2022-10-21,90.0,68.0,0.0,4.294334,104.61196,23.323494,33.657333,45.06241,11.0
PHX,2022-10-22,90.0,68.0,0.0,7.842028,198.40096,28.252123,40.79469,58.600754,19.0
PHX,2022-10-23,78.0,66.0,0.0,10.432727,256.94443,13.149642,33.643143,56.76799,18.0
PHX,2022-10-24,73.0,57.0,0.0,7.212503,303.9811,13.130418,20.476807,30.480497,16.0
PHX,2022-10-25,77.0,53.0,0.0,2.9076815,117.24261,10.956054,24.847925,38.359814,8.0
PHX,2022-10-26,79.0,54.0,0.0,4.062805,107.59625,12.846723,26.020084,40.2826,9.0
PHX,2022-10-27,81.0,54.0,0.0,5.2604094,82.22699,9.991788,23.834194,42.2402,15.0
PHX,2022-10-28,81.0,58.0,0.0,5.2373238,70.90208,9.857838,15.952445,34.91196,13.0
PHX,2022-10-29,83.0,56.0,0.0,2.6355872,198.36728,12.8678055,24.711678,38.99796,15.0
PHX,2022-10-30,79.0,55.0,0.0,4.0209937,171.6392,17.159117,30.148994,43.63164,9.0
PHX,2022-10-31,83.0,56.0,0.0,2.6980474,118.21191,13.516451,30.01137,48.948513,8.0
PHX,2022-11-01,81.0,61.0,0.0,4.1792035,102.41519,16.665312,31.971193,37.999466,10.0
PHX,2022-11-02,80.0,59.0,0.0,7.9319487,175.35907,30.738382,42.48993,45.19252,15.0
PHX,2022-11-03,68.0,50.0,0.0001,8.573964,248.32077,22.557997,34.555347,60.790253,22.0
PHX,2022-11-04,64.0,45.0,0.0,2.3676057,223.77538,24.455633,47.38588,73.18062,8.0
PHX,2022-11-05,70.0,48.0,0.0,2.8607419,103.41975,24.088957,42.19125,60.882473,8.0
PHX,2022-11-06,79.0,49.0,0.0,3.4396307,115.19224,18.606834,37.951332,58.435863,9.0
PHX,2022-11-07,79.0,55.0,0.0,3.9393306,109.075516,17.797733,33.056297,46.91129,10.0
PHX,2022-11-08,81.0,54.0,0.0,5.8089886,120.949486,22.334833,38.273067,50.57517,14.0
PHX,2022-11-09,72.0,56.0,0.04,7.3003535,148.26773,41.552322,69.75503,87.7396,21.0
PHX,2022-11-10,69.0,50.0,0.0,4.2085977,259.68634,20.55061,52.593117,89.08853,10.0
PHX,2022-11-11,70.0,47.0,0.0,3.4752476,335.8079,16.595213,34.26988,54.23788,11.0
PHX,2022-11-12,74.0,47.0,0.0,2.1089385,194.97935,18.60697,34.57382,53.66978,7.0
PHX,2022-11-13,69.0,46.0,0.0,6.9354386,254.23262,14.599143,37.4184,63.327923,18.0
PHX,2022-11-14,67.0,45.0,0.0,3.4246285,211.75687,20.263203,34.378735,49.18003,9.0
PHX,2022-11-15,71.0,44.0,0.0,3.1499302,233.2189,15.979904,35.09633,55.432976,9.0
PHX,2022-11-16,70.0,43.0,0.0,5.4179,23.779787,7.655866,18.835516,43.77005,14.0
PHX,2022-11-17,71.0,45.0,0.0,4.2234044,41.642937,13.11292,21.162539,34.900223,15.0
PHX,2022-11-18,72.0,47.0,0.0,2.9795918,186.94768,17.656345,28.643282,43.77005,10.0
PHX,2022-11-19,73.0,45.0,0.0,3.974035,60.298374,16.449463,28.826395,51.336,14.0
PHX,2022-11-20,72.0,54.0,0.0,7.1763473,70.21913,16.18088,24.171757,36.983395,17.0
PHX,2022-11-21,74.0,47.0,0.0,2.781471,87.58362,14.539501,27.833918,45.753944,16.0
PHX,2022-11-22,75.0,48.0,0.0,2.4285715,122.43734,14.240186,27.15511,40.960045,9.0
PHX,2022-11-23,73.0,45.0,0.0,2.8900561,266.63858,17.927456,31.323002,51.02757,10.0
PHX,2022-11-24,71.0,44.0,0.0,5.885551,6.9654016,12.893647,20.721237,40.6187,13.0
PHX,2022-11-25,72.0,44.0,0.0,2.7009804,177.95312,12.63072,23.629505,37.570057,9.0
PHX,2022-11-26,70.0,44.0,0.0,4.1042686,118.703865,14.043551,27.302895,41.50167,10.0
PHX,2022-11-27,69.0,42.0,0.0,3.2684798,118.67243,15.249589,30.139967,44.796215,8.0
PHX,2022-11-28,72.0,47.0,0.0,4.4319944,112.05465,14.229476,27.241432,38.803753,9.0
PHX,2022-11-29,67.0,46.0,0.0,4.0573826,67.77577,31.516975,39.817284,56.165054,9.0
PHX,2022-11-30,73.0,47.0,0.0,3.0661972,140.87938,23.84732,44.773827,65.629745,9.0
PHX,2022-12-01,73.0,48.0,0.0,3.7728224,101.90089,24.72216,40.968002,58.435863,9.0
PHX,2022-12-02,69.0,51.0,0.0,2.8181818,82.00466,37.31991,47.982098,59.708645,9.0
PHX,2022-12-03,61.0,49.0,0.76,4.36014,99.247795,40.76789,79.45782,93.64554,11.0
PHX,2022-12-04,65.0,57.0,0.41,2.5149825,92.24567,78.0474,88.61366,93.12406,7.0
PHX,2022-12-05,70.0,57.0,0.0,2.9101045,190.92879,54.009808,84.454414,96.15043,9.0
PHX,2022-12-06,68.0,55.0,0.0,3.451568,161.05481,58.46695,76.193275,86.76975,8.0
PHX,2022-12-07,65.0,51.0,0.0,3.5736434,239.46027,36.516518,67.084984,89.88164,10.0
PHX,2022-12-08,66.0,45.0,0.0,2.1659663,234.85957,31.553473,61.29682,86.162994,5.0
PHX,2022-12-09,66.0,45.0,0.0,1.9986453,244.03746,30.050335,53.667973,76.40133,11.0
PHX,2022-12-10,66.0,43.0,0.0,2.9344492,113.18778,32.882504,58.277103,79.191154,9.0
PHX,2022-12-11,69.0,42.0,0.0,4.113668,114.29144,28.511564,54.309555,76.40133,11.0
PHX,2022-12-12,61.0,46.0,0.16,7.0333805,218.62791,34.307835,65.97696,86.27629,22.0
PHX,2022-12-13,55.0,43.0,0.0,4.874116,261.00037,46.4247,66.33176,79.191154,11.0
PHX,2022-12-14,56.0,37.0,0.0,3.2461538,100.8188,36.52107,63.731087,85.8089,9.0
PHX,2022-12-15,56.0,38.0,0.0,3.2027874,91.70092,35.360737,62.515354,76.44389,7.0
PHX,2022-12-16,59.0,41.0,0.0,3.1623693,47.43801,24.593687,47.19841,72.77883,11.0
PHX,2022-12-17,61.0,36.0,0.0,3.018921,293.7132,15.67158,32.94625,56.86149,8.0
PHX,2022-12-18,61.0,45.0,0.0,2.705021,198.36703,27.098335,41.046238,55.937107,11.0
PHX,2022-12-19,63.0,39.0,0.0,2.655944,136.57024,30.729246,54.311115,76.44389,7.0
PHX,2022-12-20,64.0,43.0,0.0,2.523345,170.92668,27.442625,48.916767,68.05201,7.0
PHX,2022-12-21,66.0,40.0,0.0,2.2229965,121.885735,25.675928,49.686752,73.249565,7.0
PHX,2022-12-22,65.0,41.0,0.0,3.2,96.87962,28.743622,48.544064,70.07997,9.0
PHX,2022-12-23,68.0,46.0,0.0,3.170035,119.59327,23.952805,46.821857,65.51837,8.0
PHX,2022-12-24,71.0,44.0,0.0,2.9198606,127.83312,23.358723,44.126972,65.51837,8.0
PHX,2022-12-25,74.0,46.0,0.0,2.733798,244.03848,21.098364,39.134235,63.327923,9.0
PHX,2022-12-26,74.0,46.0,0.0,2.6214135,115.97519,22.057516,42.460186,65.629745,11.0
PHX,2022-12-27,72.0,49.0,0.0,3.1860628,102.33815,24.586506,44.14241,65.61751,9.0
PHX,2022-12-28,63.0,52.0,0.58,5.4146852,83.9614,42.41239,84.09409,92.92053,17.0
PHX,2022-12-29,62.0,48.0,0.0001,3.5421603,113.02789,53.44585,73.421295,92.8002,9.0
PHX,2022-12-30,60.0,53.0,0.1,3.1223776,132.5847,66.82998,85.06119,92.89372,8.0
PHX,2022-12-31,67.0,49.0,0.0,4.460627,104.09169,52.351345,73.54423,89.08853,9.0
PHX,2023-01-01,62.0,48.0,0.43,8.091371,143.63576,53.44585,76.649704,90.29139,21.0
PHX,2023-01-02,57.0,47.0,0.11,6.1283126,190.26308,48.73428,67.68275,89.921104,13.0
PHX,2023-01-03,61.0,49.0,0.0001,4.620014,104.06942,49.042152,66.42954,83.41674,9.0
PHX,2023-01-04,66.0,50.0,0.0,4.548951,83.44138,39.671837,57.92336,74.153496,13.0
PHX,2023-01-05,64.0,50.0,0.0,4.0867133,107.06941,42.880062,59.981174,74.07678,11.0
PHX,2023-01-06,61.0,49.0,0.0,2.9909408,154.8913,51.480362,69.78381,86.06188,7.0
PHX,2023-01-07,69.0,43.0,0.0,2.7,220.13025,26.15378,55.960228,85.65535,10.0
PHX,2023-01-08,70.0,45.0,0.0,2.9066203,141.62447,25.525137,51.822475,73.84703,10.0
PHX,2023-01-09,69.0,47.0,0.0,3.027894,108.03994,30.738382,55.098793,73.84703,8.0
PHX,2023-01-10,70.0,50.0,0.0,4.4431486,124.96334,24.118868,50.701057,68.85949,9.0
PHX,2023-01-11,65.0,50.0,0.0,3.7799718,273.1496,25.675928,43.07893,65.99591,10.0
PHX,2023-01-12,73.0,45.0,0.0,3.363763,68.99575,12.852528,40.0713,70.52554,11.0
PHX,2023-01-13,76.0,51.0,0.0,3.8968642,89.690704,13.087123,30.220697,51.809525,16.0
PHX,2023-01-14,65.0,48.0,0.0,3.3707316,127.69697,31.40946,44.746277,62.969543,10.0
PHX,2023-01-15,60.0,51.0,0.11,3.6497002,117.33433,47.039375,71.55988,85.47746,8.0
PHX,2023-01-16,60.0,51.0,0.26,6.7616725,127.59689,61.652737,81.76303,92.14252,13.0
PHX,2023-01-17,58.0,49.0,0.12,6.732624,244.79813,41.76037,58.564663,86.17496,16.0
PHX,2023-01-18,59.0,45.0,0.0,3.4906204,145.2767,34.307835,55.335766,73.36703,9.0
PHX,2023-01-19,60.0,42.0,0.0,3.1189642,121.343,29.251516,55.972626,78.803925,8.0
PHX,2023-01-20,58.0,45.0,0.0001,6.2787457,254.53734,32.559097,50.340027,73.18062,14.0
PHX,2023-01-21,58.0,39.0,0.0,2.7241135,248.52577,29.317097,51.471493,75.74727,9.0
PHX,2023-01-22,59.0,39.0,0.0,4.6459064,167.45326,31.706743,52.506687,75.74727,11.0
PHX,2023-01-23,50.0,38.0,0.0,6.511494,157.60919,30.158594,43.884846,70.07997,17.0
PHX,2023-01-24,55.0,36.0,0.0,3.3988802,108.44237,35.213,58.37505,78.59985,10.0
PHX,2023-01-25,61.0,37.0,0.0,3.8363636,96.35139,21.700047,48.53045,75.64217,9.0
PHX,2023-01-26,62.0,39.0,0.0,5.68821,39.891865,11.032402,25.875408,49.92981,17.0
PHX,2023-01-27,63.0,39.0,0.0,2.9719887,96.80935,12.627475,26.1495,43.442932,13.0
PHX,2023-01-28,64.0,39.0,0.0,3.636109,94.27397,16.447872,35.932877,56.86149,10.0
PHX,2023-01-29,68.0,41.0,0.0,6.2531466,149.50131,15.836777,36.47366,55.066074,11.0
PHX,2023-01-30,62.0,47.0,0.0,5.8418117,141.20137,39.21163,54.329033,68.27398,15.0
PHX,2023-01-31,63.0,46.0,0.0001,4.100141,262.41107,42.236824,63.343582,79.90661,11.0
PHX,2023-02-01,67.0,43.0,0.0,4.8817353,260.22852,19.640985,46.688873,77.25818,14.0
PHX,2023-02-02,67.0,43.0,0.0,2.920646,89.976746,14.586862,32.89908,62.06027,10.0
PHX,2023-02-03,73.0,46.0,0.0,3.1903765,86.111336,13.996033,31.005207,55.35541,13.0
PHX,2023-02-04,75.0,47.0,0.0,2.4821553,161.5275,14.912131,33.847195,51.89094,7.0
PHX,2023-02-05,75.0,48.0,0.0,4.53324,146.72879,19.02034,37.444027,56.097176,12.0
PHX,2023-02-06,69.0,50.0,0.0,6.718881,274.54312,12.875789,35.371155,54.3439,16.0
PHX,2023-02-07,68.0,43.0,0.0,4.8287525,265.69644,13.90815,27.880589,50.981396,13.0
PHX,2023-02-08,69.0,45.0,0.0,3.0274842,144.61217,14.674313,30.609076,47.23196,9.0
PHX,2023-02-09,68.0,44.0,0.0,7.1681914,51.683376,4.6333947,24.29146,54.84984,17.0
PHX,2023-02-10,71.0,49.0,0.0,9.942751,73.06472,8.621532,14.495106,21.740158,23.0
PHX,2023-02-11,74.0,55.0,0.0,6.81882,107.29504,8.042782,15.71785,23.336658,14.0
PHX,2023-02-12,79.0,49.0,0.0,7.317895,151.88525,8.075061,24.76105,40.2826,22.0
PHX,2023-02-13,58.0,47.0,0.04,6.256629,144.85878,37.31047,56.057777,71.18763,16.0
PHX,2023-02-14,56.0,43.0,0.13,8.927311,179.68266,51.584885,66.93994,79.35582,27.0
PHX,2023-02-15,55.0,41.0,0.0,7.954193,269.10464,18.463316,38.742195,59.833435,16.0
PHX,2023-02-16,58.0,36.0,0.0,5.155,64.16318,18.816294,38.691647,72.43028,15.0
PHX,2023-02-17,65.0,47.0,0.0,12.210453,65.43837,13.017861,19.024448,26.245192,19.0
PHX,2023-02-18,73.0,53.0,0.0,6.368641,122.94527,15.229177,21.59776,31.706743,14.0
PHX,2023-02-19,74.0,54.0,0.0,4.4968643,147.08174,23.18794,36.668873,52.453903,11.0
PHX,2023-02-20,74.0,52.0,0.0,3.2101195,90.42364,28.25122,43.77045,61.05819,9.0
PHX,2023-02-21,67.0,57.0,0.01,5.9838142,161.42589,45.193256,58.871155,71.9017,16.0
PHX,2023-02-22,59.0,49.0,0.08,16.994965,231.0042,20.826853,49.371086,82.85773,34.0
PHX,2023-02-23,60.0,47.0,0.0,7.213681,178.98509,32.559097,38.34335,51.809525,16.0
PHX,2023-02-24,66.0,44.0,0.0,3.8679776,121.19662,28.026197,47.193848,72.985916,10.0
PHX,2023-02-25,76.0,52.0,0.0,7.3514085,154.0568,13.818861,36.236065,54.263977,19.0
PHX,2023-02-26,59.0,44.0,0.12,7.980797,240.75865,30.282839,59.009087,85.05635,22.0
PHX,2023-02-27,64.0,42.0,0.0,3.437151,134.25043,24.50736,47.770584,70.426094,8.0
PHX,2023-02-28,65.0,43.0,0.0,5.3915195,174.3135,29.119854,47.33131,72.985916,11.0
PHX,2023-03-01,63.0,42.0,0.65,11.707873,194.22723,36.192703,67.72732,89.921104,29.0
PHX,2023-03-02,54.0,41.0,0.0,3.0021172,232.99028,42.484467,59.534454,78.803925,13.0
PHX,2023-03-03,62.0,43.0,0.0,3.30106,175.66464,34.811096,55.812008,76.01056,10.0
PHX,2023-03-04,69.0,45.0,0.0,4.992923,108.38574,24.088957,50.307095,76.01056,11.0
PHX,2023-03-05,72.0,47.0,0.0,5.6207867,152.88098,22.815418,44.8496,70.734,11.0
PHX,2023-03-06,73.0,52.0,0.0,3.8391855,277.56567,22.52057,41.495735,66.12884,9.0
PHX,2023-03-07,73.0,56.0,0.0,2.4004252,203.04143,21.040249,38.432198,57.379826,8.0
PHX,2023-03-08,75.0,48.0,0.0,4.078169,237.1884,12.3125925,36.426434,67.866905,13.0
PHX,2023-03-09,73.0,51.0,0.0,2.0448399,94.11528,15.947789,32.844517,52.360783,10.0
PHX,2023-03-10,78.0,53.0,0.0,4.205718,124.50486,15.174686,32.942944,52.112114,11.0
PHX,2023-03-11,78.0,62.0,0.0,5.305263,222.8241,37.35887,48.253494,65.093414,13.0
PHX,2023-03-12,81.0,56.0,0.0,6.423776,259.68536,15.1623535,43.480522,77.3798,19.0
PHX,2023-03-13,79.0,57.0,0.0,6.1053004,231.10785,14.193372,35.42725,52.695644,17.0
PHX,2023-03-14,80.0,55.0,0.0,5.5558677,107.63891,18.210943,36.989742,59.127327,10.0
PHX,2023-03-15,66.0,55.0,0.74,5.4111032,111.70102,44.74064,79.98514,89.592415,14.0
PHX,2023-03-16,71.0,53.0,0.06,5.2785163,213.35606,36.25469,61.138645,89.17831,15.0
PHX,2023-03-17,72.0,53.0,0.0,4.7015557,300.55173,16.240728,48.488995,79.40319,15.0
PHX,2023-03-18,73.0,51.0,0.0,5.551108,64.94436,19.448833,38.371292,68.85949,18.0
PHX,2023-03-19,70.0,57.0,0.0,6.7102475,99.29788,24.088957,33.497536,47.180107,18.0
PHX,2023-03-20,72.0,57.0,0.0,6.152495,126.86051,27.847334,38.62097,59.399784,13.0
PHX,2023-03-21,65.0,61.0,0.0001,7.379021,173.86244,50.317757,59.321136,67.0632,16.0
PHX,2023-03-22,64.0,51.8,0.02,6.662411,218.5338,37.81449,67.03278,86.17496,22.0
PHX,2023-03-23,69.0,48.0,0.0,5.2711267,241.9033,25.051968,50.857162,74.04533,14.0
PHX,2023-03-24,69.0,53.0,0.0,9.208363,261.0124,20.747662,38.9588,54.3439,18.0
PHX,2023-03-25,71.0,49.0,0.0,5.0512457,258.6602,15.979904,33.48863,63.335434,15.0
PHX,2023-03-26,70.0,50.0,0.0,5.934415,257.47012,10.491655,29.476679,52.058292,18.0
PHX,2023-03-27,72.0,50.0,0.0,4.731673,303.92184,7.1526313,24.13053,49.805668,10.0
PHX,2023-03-28,80.0,51.0,0.0,3.482855,240.78023,8.577499,23.81662,47.81362,11.0
PHX,2023-03-29,81.0,53.0,0.0,6.432063,142.10211,8.920132,25.548613,52.695644,14.0
PHX,2023-03-30,65.0,56.0,0.0,9.29293,240.07277,22.881233,33.462223,51.345837,21.0
PHX,2023-03-31,70.0,48.0,0.0,3.8902953,84.35386,15.249589,35.831104,60.76102,11.0
PHX,2023-04-01,81.0,53.0,0.0,4.129486,239.71362,8.661631,26.736105,50.28439,15.0
PHX,2023-04-02,82.0,54.0,0.0,4.0439405,80.94253,8.892722,22.959745,42.975666,10.0
PHX,2023-04-03,82.0,55.0,0.0,10.559792,225.196,11.840176,23.413967,44.899357,24.0
PHX,2023-04-04,64.0,48.0,0.0,12.421308,272.61795,4.962604,9.625103,31.421282,26.0
PHX,2023-04-05,68.0,47.0,0.0,5.3235497,298.96967,8.199207,17.400951,31.93234,10.0
PHX,2023-04-06,76.0,50.0,0.0,3.5628026,239.80336,11.17237,23.604807,40.6187,7.0
PHX,2023-04-07,83.0,55.0,0.0,3.6816585,237.01193,9.631061,34.451588,48.73428,11.0
PHX,2023-04-08,84.0,55.0,0.0,3.681914,107.394005,6.8622546,20.844341,43.31051,10.0
PHX,2023-04-09,88.0,59.0,0.0,3.3763065,128.82074,8.904215,20.03261,40.606575,9.0
PHX,2023-04-10,98.0,63.0,0.0,4.18957,114.99336,6.3243737,21.091185,42.555634,10.0
PHX,2023-04-11,99.0,68.0,0.0,5.472085,228.46426,8.050009,19.532766,30.738382,16.0
PHX,2023-04-12,90.0,66.0,0.0,5.2262826,92.00159,9.00769,19.439072,38.763725,11.0
PHX,2023-04-13,82.0,64.0,0.0,6.801756,246.73888,14.539501,21.855919,33.247486,18.0
PHX,2023-04-14,78.0,59.0,0.0,5.3833213,210.11497,17.797733,30.495527,47.351547,14.0
PHX,2023-04-15,85.0,59.0,0.0,3.5678926,132.8876,9.829692,26.041565,45.355434,8.0
PHX,2023-04-16,89.0,62.0,0.0,3.5941217,103.07457,8.416802,19.229544,37.692978,11.0
PHX,2023-04-17,90.0,65.0,0.0,4.8662667,225.19595,8.75591,16.210081,32.967377,13.0
PHX,2023-04-18,86.0,63.0,0.0,6.5481377,228.85779,9.489421,17.07987,31.123518,14.0
PHX,2023-04-19,82.0,64.0,0.0,8.1264105,245.048,7.0356035,15.618799,31.40946,18.0
PHX,2023-04-20,84.0,59.0,0.0,4.7980013,247.40488,5.7692385,15.978614,35.867504,11.0
PHX,2023-04-21,89.0,62.0,0.0,4.5250177,216.71606,5.1958838,13.6600275,31.40946,10.0
PHX,2023-04-22,94.0,65.0,0.0,5.2596016,282.0396,10.02307,16.20968,26.807503,17.0
PHX,2023-04-23,94.0,67.0,0.0,6.145,273.18372,8.969875,18.348219,38.763725,16.0
PHX,2023-04-24,91.0,69.0,0.0,6.1355934,219.54799,10.444182,18.7007,32.556263,16.0
PHX,2023-04-25,91.0,65.0,0.0,8.06555,246.12791,11.461559,22.51109,48.444386,16.0
PHX,2023-04-26,88.0,64.0,0.0,4.1222143,260.69797,7.759035,15.285019,34.207344,12.0
PHX,2023-04-27,94.0,66.0,0.0,5.6790566,190.5427,6.4454665,15.354123,27.33667,14.0
PHX,2023-04-28,98.0,68.0,0.0,4.7953386,56.282368,5.634268,12.080154,31.921968,13.0
PHX,2023-04-29,98.0,72.0,0.0,5.413669,83.95071,4.240687,14.575241,21.399529,14.0
PHX,2023-04-30,101.0,70.0,0.0,5.3607955,134.91939,4.25487,13.467163,28.710505,11.0
PHX,2023-05-01,94.0,73.0,0.0,10.07743,165.50601,8.969875,15.510765,23.552206,23.0
PHX,2023-05-02,92.0,66.0,0.0,7.366987,265.29242,9.939548,18.873291,37.14392,20.0
PHX,2023-05-03,89.0,68.0,0.0,7.9257812,216.16664,11.243677,21.378582,35.760437,19.0
PHX,2023-05-04,82.0,64.0,0.0,8.042823,239.14969,17.744846,27.133871,40.484375,18.0
PHX,2023-05-05,80.0,63.0,0.0,4.762406,267.01886,16.067331,28.932999,50.564655,14.0
PHX,2023-05-06,86.0,63.0,0.0,5.174385,282.9608,13.752112,23.152918,39.671837,16.0
PHX,2023-05-07,90.0,64.0,0.0,4.631165,267.06058,11.479517,19.794922,36.82285,11.0
PHX,2023-05-08,91.0,66.0,0.0,5.0519004,276.3972,8.8858185,17.29832,34.207344,11.0
PHX,2023-05-09,92.0,67.0,0.0,5.670266,271.01398,11.01666,17.695938,30.754921,15.0
PHX,2023-05-10,79.0,66.0,0.0,6.747059,247.52637,12.2440405,20.865772,31.05408,17.0
PHX,2023-05-11,88.0,62.0,0.0,4.288697,160.88963,9.326583,20.96964,39.21163,10.0
PHX,2023-05-12,95.0,67.0,0.0,3.6102304,208.07329,8.851824,18.672852,34.35165,13.0
PHX,2023-05-13,98.0,72.0,0.0,5.06094,142.30841,8.020722,17.00322,35.164703,11.0
PHX,2023-05-14,100.0,73.0,0.0,7.763274,108.481834,10.873446,20.201674,36.695335,20.0
PHX,2023-05-15,101.0,79.0,0.0001,6.8031087,100.984055,12.6795845,21.184662,34.80998,16.0
PHX,2023-05-16,104.0,83.0,0.0,7.3188405,99.54052,12.519631,21.8359,38.38483,26.0
PHX,2023-05-17,100.0,78.0,0.0001,7.0811896,111.65596,14.803027,28.70553,45.207962,22.0
PHX,2023-05-18,100.0,76.0,0.0001,8.295774,90.15336,14.696096,31.827818,49.90776,25.0
PHX,2023-05-19,92.0,73.0,0.0,6.29672,52.844166,22.26411,41.10719,59.118835,20.0
PHX,2023-05-20,98.0,70.0,0.0,3.7974138,253.92776,15.487869,31.450598,60.893734,13.0
PHX,2023-05-21,100.0,76.0,0.0,4.727207,199.8579,10.407106,21.028816,33.29712,13.0
PHX,2023-05-22,102.0,78.0,0.0,6.1584377,263.42996,7.8328395,16.215006,32.292027,12.0
PHX,2023-05-23,102.0,76.0,0.0,6.246154,235.36943,6.0576653,13.170098,27.366596,16.0
PHX,2023-05-24,99.0,75.0,0.0,6.9514923,194.44884,8.161931,14.161647,22.34878,16.0
PHX,2023-05-25,99.0,74.0,0.0,6.8247957,201.21178,5.5569377,11.218042,24.19895,17.0
PHX,2023-05-26,99.0,73.0,0.0,7.07658,209.82707,5.5963383,13.551902,22.057516,16.0
PHX,2023-05-27,98.0,71.0,0.0,5.0348663,218.09135,7.1250687,13.186552,23.05514,10.0
PHX,2023-05-28,99.0,72.0,0.0,6.1687827,233.47025,6.492791,12.684475,22.815418,14.0
PHX,2023-05-29,100.0,75.0,0.0,7.0184293,245.67424,8.3593855,12.588995,20.92009,19.0
PHX,2023-05-30,99.0,74.0,0.0,7.5942945,218.95226,7.136627,16.848911,23.552206,22.0
PHX,2023-05-31,93.0,71.0,0.0,6.6786323,219.83672,9.225816,15.049877,23.482975,18.0
PHX,2023-06-01,91.0,69.0,0.0,4.5647144,143.87576,11.695099,19.374529,29.806578,11.0
PHX,2023-06-02,94.0,74.0,0.0,4.9610868,280.73447,10.740707,16.946163,23.552206,13.0
PHX,2023-06-03,101.0,76.0,0.0,4.1488743,266.9945,10.639893,16.807425,27.70291,11.0
PHX,2023-06-04,105.0,79.0,0.0,4.849224,293.68143,6.7370324,13.644334,24.698109,15.0
PHX,2023-06-05,105.0,79.0,0.0,7.94691,234.61679,2.8872619,10.162854,22.047052,19.0
PHX,2023-06-06,99.0,73.0,0.0,7.26409,248.9537,5.300192,10.577354,20.341316,21.0
PHX,2023-06-07,97.0,71.0,0.0,6.3630996,240.06377,6.657994,10.580735,23.522617,13.0
PHX,2023-06-08,95.0,72.0,0.0,6.2647057,237.0792,3.5202873,10.658001,21.399529,14.0
PHX,2023-06-09,96.0,73.0,0.0,4.6131597,176.10585,5.1657624,11.112404,22.057516,11.0
PHX,2023-06-10,100.0,73.0,0.0,5.706278,209.22983,5.642312,12.237114,21.399529,15.0
PHX,2023-06-11,96.0,74.0,0.0,7.8952236,219.28621,9.073016,16.590303,27.840296,18.0
PHX,2023-06-12,93.0,72.0,0.0,5.5085883,225.03503,13.547594,22.390005,34.58474,14.0
PHX,2023-06-13,96.0,75.0,0.0,4.9069767,263.9674,11.333812,19.52971,33.155643,11.0
PHX,2023-06-14,100.0,74.0,0.0,5.4740305,260.9619,7.9185495,16.398718,31.860828,19.0
PHX,2023-06-15,99.0,77.0,0.0,5.5591717,233.03796,10.381921,17.60227,31.019732,13.0
PHX,2023-06-16,102.0,78.0,0.0,5.8812175,244.79552,5.8157315,14.179009,25.441393,14.0
PHX,2023-06-17,104.0,76.0,0.0,4.2890344,127.55472,8.265155,13.748367,22.710552,11.0
PHX,2023-06-18,109.0,79.0,0.0,7.405589,218.91895,4.7674117,11.369089,25.775164,19.0
PHX,2023-06-19,104.0,78.0,0.0,6.652174,235.3872,4.1262836,11.689724,21.830978,18.0
PHX,2023-06-20,105.0,82.0,0.0,6.335059,252.03171,6.0051627,13.96978,21.619581,17.0
PHX,2023-06-21,104.0,78.0,0.0,6.9032726,193.67755,5.448086,12.824658,25.441393,13.0
PHX,2023-06-22,105.0,77.0,0.0,5.7585716,283.47763,3.5625563,8.039751,21.830978,14.0
PHX,2023-06-23,101.0,79.0,0.0,4.40029,277.64297,1.9893241,6.611271,16.657804,12.0
PHX,2023-06-24,105.0,73.0,0.0,3.8764367,244.59698,1.8049929,6.011079,15.947789,11.0
PHX,2023-06-25,109.0,79.0,0.0,4.833213,292.1095,3.082495,7.2435446,14.024221,11.0
PHX,2023-06-26,111.0,82.0,0.0,4.8762045,270.89832,2.8872619,7.8802595,19.41085,17.0
PHX,2023-06-27,110.0,81.0,0.0,5.6554623,257.80426,3.4210129,8.151291,19.849539,14.0
PHX,2023-06-28,107.0,82.0,0.0,4.857664,280.33698,8.361509,12.700369,20.112682,15.0
PHX,2023-06-29,106.0,80.0,0.0,4.8689704,231.71725,4.538904,9.636445,16.665312,11.0
PHX,2023-06-30,108.0,80.0,0.0,4.4173975,156.86935,4.2797585,10.776773,19.724977,11.0
PHX,2023-07-01,113.0,83.0,0.0,5.9589815,222.5572,4.9228697,10.614739,20.112017,13.0
PHX,2023-07-02,115.0,86.0,0.0,6.903371,265.38855,4.8374624,10.677334,19.834484,17.0
PHX,2023-07-03,115.0,89.0,0.0,7.138521,263.4128,5.533389,14.094733,25.462597,19.0
PHX,2023-07-04,112.0,89.0,0.0,6.8404727,260.2222,6.6467214,13.638657,24.308815,16.0
PHX,2023-07-05,109.0,89.0,0.0,6.6018786,256.8647,6.2897396,17.248182,19.42435,15.0
PHX,2023-07-06,113.0,86.0,0.0,6.005939,235.06503,7.6942773,12.147194,24.875904,16.0
PHX,2023-07-07,111.0,86.0,0.0,5.116519,283.2997,6.438014,12.420578,25.73634,14.0
PHX,2023-07-08,112.0,87.0,0.0,4.9290934,293.332,6.8684072,10.407467,15.923877,11.0
PHX,2023-07-09,111.0,89.0,0.0,5.5058737,274.11456,5.5136414,10.529678,21.342152,13.0
PHX,2023-07-10,108.0,92.0,0.0,6.5727873,280.45526,15.361571,18.480722,25.74194,15.0
PHX,2023-07-11,109.0,92.0,0.0,7.328435,275.27066,19.685957,26.910673,37.19422,15.0
PHX,2023-07-12,110.0,95.0,0.0,6.256228,278.38455,17.327303,23.187654,31.472641,13.0
PHX,2023-07-13,114.0,95.0,0.0,8.299642,267.49655,14.366367,21.131052,32.661438,16.0
PHX,2023-07-14,115.0,94.0,0.0,7.324786,261.7498,10.668459,18.341753,28.01473,14.0
PHX,2023-07-15,117.0,93.0,0.0,7.408664,264.1991,8.407927,18.900858,31.360764,14.0
PHX,2023-07-16,113.0,94.0,0.0,7.032166,237.48767,15.780932,23.538868,31.51119,13.0
PHX,2023-07-17,115.0,95.0,0.0,7.278701,253.90205,12.97352,22.818312,31.51119,25.0
PHX,2023-07-18,118.0,94.0,0.0,5.5362425,264.52023,11.280978,19.638784,34.721905,17.0
PHX,2023-07-19,118.0,97.0,0.0,5.866912,268.87042,9.79257,18.309788,28.459162,15.0
PHX,2023-07-20,119.0,93.0,0.0,6.6010103,250.62157,7.564975,16.272001,27.8663,16.0
PHX,2023-07-21,115.0,93.0,0.0,8.129645,276.70377,9.5158615,19.126781,35.81528,23.0
PHX,2023-07-22,116.0,96.0,0.0,5.7593985,207.37045,10.76728,19.884241,29.3445,22.0
PHX,2023-07-23,114.0,92.0,0.0,6.1515374,195.63203,13.349305,23.32411,35.66295,19.0
PHX,2023-07-24,115.0,94.0,0.0,5.179562,257.98154,13.239101,20.993074,29.195465,14.0
PHX,2023-07-25,117.0,93.0,0.0,6.07064,237.71864,11.280978,18.963182,31.059275,12.0
PHX,2023-07-26,117.0,90.0,0.0,7.9472904,259.0782,11.382313,26.582243,40.74673,25.0
PHX,2023-07-27,115.0,89.0,0.0,6.8192945,254.20102,12.865004,27.966415,45.101376,16.0
PHX,2023-07-28,115.0,97.0,0.0,6.5889707,298.41705,14.252338,22.28749,30.560482,15.0
PHX,2023-07-29,113.0,95.0,0.0,5.9812274,263.35327,14.784123,20.300436,29.195465,11.0
PHX,2023-07-30,111.0,93.0,0.0,7.0824904,269.35046,14.552876,24.418615,34.569923,19.0
PHX,2023-07-31,107.0,83.0,0.0001,6.6339355,173.73349,18.669697,37.566647,58.56242,16.0
PHX,2023-08-01,109.0,86.0,0.0,6.141802,165.8494,18.2535,29.677511,49.610336,15.0
PHX,2023-08-02,110.0,93.0,0.0001,6.0486007,260.00708,14.981054,22.534426,31.360764,14.0
PHX,2023-08-03,110.0,93.0,0.0,5.9380136,279.57535,9.41735,19.064213,32.192917,14.0
PHX,2023-08-04,113.0,88.0,0.0,4.100499,351.2297,7.4545064,13.829391,26.129679,9.0
PHX,2023-08-05,116.0,91.0,0.0,5.3446455,269.50333,4.769462,10.747314,22.89938,15.0
PHX,2023-08-06,112.0,90.0,0.0,6.8391557,271.4179,9.998634,17.882286,30.23506,15.0
PHX,2023-08-07,111.0,91.0,0.0001,7.957863,269.0889,16.243425,27.475428,47.137436,16.0
PHX,2023-08-08,110.0,84.2,0.0,8.73756,222.1028,20.019552,34.136192,54.908,18.0
PHX,2023-08-09,109.0,90.0,0.0,6.594776,214.02017,18.509272,28.823318,39.33583,16.0
PHX,2023-08-10,106.0,91.0,0.0,7.402077,245.245,18.799095,24.793438,33.514565,15.0
PHX,2023-08-11,105.0,89.0,0.0,6.5272183,162.58612,21.445919,26.481005,33.959248,13.0
PHX,2023-08-12,108.0,90.0,0.0,5.505511,276.3302,13.685398,20.384916,28.447847,14.0
PHX,2023-08-13,108.0,89.0,0.0,5.7850814,206.5699,12.959055,21.679787,32.753235,19.0
PHX,2023-08-14,104.0,90.0,0.0,5.2588835,274.59915,17.222307,22.880869,28.747374,13.0
PHX,2023-08-15,111.0,91.0,0.0001,7.3898053,100.3299,15.661636,26.191204,36.94768,21.0
PHX,2023-08-16,114.0,87.0,0.0,6.1549296,227.36227,15.215709,25.68984,49.75452,16.0
PHX,2023-08-17,114.0,93.0,0.02,5.6624346,184.59805,14.252338,24.544838,34.269505,14.0
PHX,2023-08-18,105.0,89.0,0.0,6.7434163,108.37715,20.818697,32.215645,43.5527,18.0
PHX,2023-08-19,93.0,83.0,0.0,8.931532,255.29907,31.059275,42.417953,54.633873,22.0
PHX,2023-08-20,102.0,83.0,0.0001,7.6089907,176.65265,26.26772,41.895615,52.757877,24.0
PHX,2023-08-21,90.0,78.0,0.04,6.1998568,284.8466,31.737394,52.24521,64.33268,17.0
PHX,2023-08-22,104.0,77.0,0.0,5.4554524,256.54684,25.064243,41.780056,71.37922,15.0
PHX,2023-08-23,107.0,85.0,0.0,7.2174544,120.51608,17.347982,29.333076,46.10628,19.0
PHX,2023-08-24,105.0,88.0,0.0,5.8594675,84.24241,19.232176,29.395098,39.03047,14.0
PHX,2023-08-25,109.0,89.0,0.0,4.132196,287.07034,14.322437,24.123821,37.96806,11.0
PHX,2023-08-26,111.0,93.0,0.0,7.0387077,110.25821,15.098288,23.976294,32.192917,14.0
PHX,2023-08-27,112.0,90.0,0.0,4.523222,80.85773,15.780932,25.381815,39.33583,16.0
PHX,2023-08-28,117.0,93.0,0.0,5.782051,104.43078,12.716783,19.285992,29.960917,11.0
PHX,2023-08-29,114.0,93.0,0.0,6.5211987,138.50603,11.197317,19.929058,32.192917,15.0
PHX,2023-08-30,110.0,93.0,0.0,4.778177,208.7412,14.322437,21.257856,31.059275,14.0
PHX,2023-08-31,108.0,77.0,0.06,7.964816,244.4294,17.599718,36.29303,66.496956,41.0
PHX,2023-09-01,88.0,78.0,0.01,6.3081436,145.42786,44.8031,55.63883,69.06545,17.0
PHX,2023-09-02,98.0,80.0,0.0,5.6091256,205.63144,33.96831,49.80869,66.94765,18.0
PHX,2023-09-03,100.0,80.0,0.0,5.12696,266.0543,23.319248,40.10298,62.37048,13.0
PHX,2023-09-04,102.0,86.0,0.0,5.81422,254.72305,18.887093,22.486332,47.906834,13.0
PHX,2023-09-05,104.0,78.0,0.0,5.791937,172.83794,8.955894,22.060837,39.0557,12.0
PHX,2023-09-06,105.0,80.0,0.0,4.3814945,161.31212,10.507351,18.017965,30.20476,10.0
PHX,2023-09-07,107.0,81.0,0.0,3.8747332,260.43527,6.896544,15.382487,26.524578,11.0
PHX,2023-09-08,109.0,86.0,0.0,4.9365993,276.20737,9.055828,15.49321,24.875904,11.0
PHX,2023-09-09,113.0,87.0,0.0,4.0576925,272.15134,9.423187,16.392212,29.056084,11.0
PHX,2023-09-10,111.0,91.0,0.0,5.12634,310.4491,10.778615,17.882923,25.609074,20.0
PHX,2023-09-11,106.0,90.0,0.0,7.2764025,275.6914,17.347982,22.32034,28.447847,21.0
PHX,2023-09-12,99.0,80.0,0.02,6.9235773,149.99452,25.755465,47.513382,65.536865,19.0
PHX,2023-09-13,98.0,76.0,0.0001,10.4627905,83.01738,28.60701,55.243008,68.85131,16.0
PHX,2023-09-14,101.0,80.0,0.0,5.5336227,79.57487,12.846448,30.329124,50.79502,12.0
PHX,2023-09-15,103.0,81.0,0.0,3.8310666,103.72802,11.03531,23.52256,40.828888,11.0
PHX,2023-09-16,105.0,80.0,0.0,4.571833,147.30124,8.773753,18.219385,31.522442,11.0
PHX,2023-09-17,106.0,82.0,0.0,5.915575,221.8811,8.440673,16.217617,26.374903,14.0
PHX,2023-09-18,102.0,78.0,0.0,5.6008615,255.27846,9.3183775,17.978136,32.258068,11.0
PHX,2023-09-19,100.0,76.0,0.0,4.6764708,133.00148,4.506317,17.04354,27.534836,10.0
PHX,2023-09-20,100.0,77.0,0.0,5.7431655,135.88573,7.6625705,14.53758,21.90317,13.0
PHX,2023-09-21,97.0,73.0,0.0,5.8402023,164.91212,10.207591,16.299103,27.075613,12.0
PHX,2023-09-22,98.0,75.0,0.0,4.4578314,169.91922,8.074555,17.276608,28.619104,11.0
PHX,2023-09-23,95.0,78.0,0.0,3.3620934,85.25966,12.734628,18.417593,24.943039,8.0
PHX,2023-09-24,100.0,74.0,0.0,3.0661042,115.83932,12.790342,21.969746,34.15459,10.0
PHX,2023-09-25,102.0,76.0,0.0,3.9343684,100.23594,11.03531,21.115652,33.343292,11.0
PHX,2023-09-26,103.0,77.0,0.0,3.2104137,287.11108,8.773753,16.705397,26.487062,11.0
PHX,2023-09-27,105.0,77.0,0.0,4.1216598,157.98009,7.3991585,16.237663,23.99389,9.0
PHX,2023-09-28,102.0,76.0,0.0,5.08555,105.02815,11.582931,17.858511,28.465069,10.0
PHX,2023-09-29,101.0,73.0,0.0,4.9085937,135.9664,6.967144,16.49094,36.695335,10.0
PHX,2023-09-30,101.0,75.0,0.0,9.794702,200.2489,8.00464,16.30313,31.522442,19.0
PHX,2023-10-01,86.0,71.0,0.0,6.44895,250.28262,25.388662,32.510426,40.784378,15.0
PHX,2023-10-02,87.0,69.0,0.0,4.58967,244.25725,22.330578,31.423132,42.040573,11.0
PHX,2023-10-03,87.0,68.0,0.0,3.9384503,247.20914,14.987025,28.123672,41.88299,10.0
PHX,2023-10-04,93.0,68.0,0.0,3.2074807,116.10232,11.546795,21.73471,38.789494,8.0
PHX,2023-10-05,99.0,71.0,0.0,1.8906912,142.32951,6.9151206,16.736542,30.589718,8.0
PHX,2023-10-06,103.0,73.0,0.0,3.9928005,72.972664,8.515159,15.988096,25.17393,14.0
PHX,2023-10-07,102.0,83.0,0.0,8.664982,102.580734,13.0126295,17.694551,21.491922,17.0
PHX,2023-10-08,100.0,80.0,0.0,4.9165497,63.22114,13.296302,18.928988,29.08021,14.0
PHX,2023-10-09,100.0,79.0,0.0,3.754597,125.964775,12.6795845,20.042747,30.050354,11.0
PHX,2023-10-10,98.0,75.0,0.0,5.982771,128.96573,14.329089,22.504503,30.589718,14.0
PHX,2023-10-11,93.0,74.0,0.0,7.0962734,228.15172,13.741668,25.759422,40.208393,18.0
PHX,2023-10-12,90.0,70.0,0.0,4.8851066,250.05339,9.824617,18.587252,32.239624,11.0
PHX,2023-10-13,91.0,66.0,0.0,3.8360538,114.86984,8.848737,15.158104,22.373135,9.0
PHX,2023-10-14,92.0,68.0,0.0,2.9069602,268.6501,15.355541,22.511219,31.921968,7.0
PHX,2023-10-15,102.0,68.0,0.0,2.7141855,76.575424,8.773753,22.067856,38.789494,10.0
PHX,2023-10-16,104.0,73.0,0.0,2.9252994,32.99017,11.241539,16.30208,26.922277,10.0
PHX,2023-10-17,100.0,76.0,0.0,4.0690627,114.924126,9.604439,18.81686,28.619104,11.0
PHX,2023-10-18,100.0,72.0,0.0,3.806158,156.89731,9.803354,19.248688,27.847334,10.0
PHX,2023-10-19,104.0,72.0,0.0,3.1707318,140.58443,6.3921065,17.561459,31.47478,7.0
PHX,2023-10-20,103.0,72.0,0.0,3.2763433,202.44955,6.8655653,14.849063,25.72746,10.0
PHX,2023-10-21,100.0,73.0,0.0,3.1678421,167.5065,7.599272,15.893093,23.900917,10.0
PHX,2023-10-22,98.0,70.0,0.0,4.5498953,109.93008,12.084442,20.867886,27.537558,9.0
PHX,2023-10-23,87.0,71.0,0.0,5.6535716,306.2515,20.54248,28.920847,36.267414,14.0
PHX,2023-10-24,85.0,69.0,0.0,5.3666425,160.93323,22.046156,35.146423,47.085213,13.0
PHX,2023-10-25,83.0,67.0,0.0,4.774124,134.95142,26.075233,37.332123,50.59013,10.0
PHX,2023-10-26,83.0,68.0,0.0,3.8967237,108.321915,28.297388,36.384773,46.932285,9.0
PHX,2023-10-27,87.0,68.0,0.0,4.1191154,120.78158,21.491922,32.2495,43.66631,9.0
PHX,2023-10-28,87.0,65.0,0.0,5.612143,233.52829,13.087123,28.084517,45.037247,13.0
PHX,2023-10-29,80.0,61.0,0.0,6.579094,263.6288,7.1839204,14.680706,25.073462,12.0
PHX,2023-10-30,79.0,56.0,0.0,6.3299193,72.35977,11.569287,16.958887,25.354704,18.0
PHX,2023-10-31,80.0,61.0,0.0,7.9714985,79.62897,9.757446,14.6830225,18.969925,19.0
PHX,2023-11-01,82.0,61.0,0.0,4.83537,84.944016,11.306654,16.679281,24.812849,15.0
PHX,2023-11-02,87.0,58.0,0.0,2.2196329,138.07025,10.039786,21.079796,34.28409,9.0
PHX,2023-11-03,88.0,59.0,0.0,3.2796373,118.76067,9.939548,20.732622,32.078533,7.0
PHX,2023-11-04,88.0,61.0,0.0,2.9066203,119.012024,8.479696,19.959753,33.724586,9.0
PHX,2023-11-05,92.0,62.0,0.0,2.6150627,114.464386,7.2437572,17.516344,28.860294,8.0
PHX,2023-11-06,91.0,64.0,0.0,4.861972,97.30136,11.803342,21.116442,29.018476,10.0
PHX,2023-11-07,89.0,63.0,0.0,5.902058,124.660355,15.350278,22.64473,35.095963,11.0
PHX,2023-11-08,79.0,63.0,0.0,5.679021,271.873,15.350278,23.688978,35.095963,11.0
PHX,2023-11-09,78.0,56.0,0.0,3.7599432,279.17593,11.243677,20.62572,33.957138,15.0
PHX,2023-11-10,78.0,55.0,0.0,2.7959185,239.50687,11.027107,17.696936,25.51134,7.0
PHX,2023-11-11,80.0,55.0,0.0,3.469751,87.614296,15.475893,25.58476,33.7932,14.0
PHX,2023-11-12,83.0,62.0,0.0,5.9150467,75.79771,15.102078,23.509155,34.934223,14.0
PHX,2023-11-13,87.0,64.0,0.0,6.399577,98.73478,16.76184,27.347977,38.3096,14.0
PHX,2023-11-14,88.0,69.0,0.0,5.3696713,97.04509,20.820024,30.227299,40.468544,10.0
PHX,2023-11-15,87.0,68.0,0.0,4.0829268,140.65874,21.491922,30.814522,43.509964,11.0
PHX,2023-11-16,78.0,65.0,0.09,3.330976,236.93982,27.22882,52.30626,83.84471,13.0
PHX,2023-11-17,80.0,62.0,0.0,1.7662247,146.15166,40.674355,62.061775,89.88598,8.0
PHX,2023-11-18,74.0,63.0,0.14,3.2106383,254.10689,53.232204,71.90123,86.82612,14.0
PHX,2023-11-19,74.0,58.0,0.0,6.11036,256.32816,21.78341,52.640804,86.61413,20.0
PHX,2023-11-20,74.0,54.0,0.0,4.250175,248.59297,24.04996,32.0808,42.975666,11.0
PHX,2023-11-21,78.0,57.0,0.0,5.424265,57.213806,16.527939,29.26422,47.039375,15.0
PHX,2023-11-22,77.0,55.0,0.0,3.3297873,92.90168,15.737061,29.798403,41.436413,9.0
PHX,2023-11-23,71.0,56.0,0.0,3.609517,123.828636,19.249035,31.373333,43.298035,10.0
PHX,2023-11-24,72.0,52.0,0.0,7.160741,198.75777,30.685638,38.687515,48.148148,16.0
PHX,2023-11-25,70.0,54.0,0.0,4.372242,270.0322,15.495489,27.40328,42.975666,11.0
PHX,2023-11-26,71.0,47.0,0.0,4.079944,44.273895,18.194584,30.97847,51.390778,15.0
PHX,2023-11-27,75.0,53.0,0.0,4.229679,62.94473,19.808302,28.351084,41.436413,13.0
PHX,2023-11-28,77.0,57.0,0.0,4.1026564,75.749146,20.76705,30.512657,43.45851,15.0
PHX,2023-11-29,72.0,54.0,0.0,5.184669,253.51724,23.602703,35.17069,54.557575,11.0
PHX,2023-11-30,65.0,53.0,0.06,4.144062,172.916,33.07681,50.609802,83.19618,14.0
PHX,2023-12-01,64.0,53.0,0.13,4.567039,168.15428,44.41143,67.64171,86.2867,11.0
PHX,2023-12-02,66.0,48.0,0.0,3.196641,97.04924,39.991737,61.917255,79.83878,10.0
PHX,2023-12-03,68.0,47.0,0.0,2.0237927,122.717,28.182938,53.420635,76.49273,7.0
PHX,2023-12-04,68.0,48.0,0.0,2.625523,1.822941,30.685638,47.47073,68.13375,7.0
PHX,2023-12-05,81.0,50.0,0.0,2.0766551,98.90225,19.077356,42.484642,68.36537,6.0
PHX,2023-12-06,83.0,57.0,0.0,2.7415493,128.55284,14.620393,30.26396,55.137844,9.0
PHX,2023-12-07,77.0,54.0,0.0,3.6328845,105.21268,20.088387,35.656464,50.422375,9.0
PHX,2023-12-08,71.0,50.0,0.0,2.767162,160.43417,20.896532,37.41412,56.162605,10.0
PHX,2023-12-09,68.0,47.0,0.0,4.893007,44.51467,7.740969,20.87754,50.11513,13.0
PHX,2023-12-10,73.0,45.0,0.0,4.3628254,77.78378,6.915029,15.763841,32.13746,18.0
PHX,2023-12-11,73.0,47.0,0.0,1.8019526,90.29343,10.704791,25.565582,40.122734,7.0
PHX,2023-12-12,70.0,51.0,0.0,3.3630662,119.53948,14.106111,25.540148,36.025574,9.0
PHX,2023-12-13,69.0,45.0,0.0,3.7956612,108.680336,12.386803,27.478966,47.35694,10.0
PHX,2023-12-14,69.0,45.0,0.0,2.7133892,100.61566,14.599143,29.063406,43.27863,7.0
PHX,2023-12-15,78.0,46.0,0.0,3.9411764,64.93246,14.608213,29.504772,47.19708,13.0
PHX,2023-12-16,79.0,53.0,0.0,7.228777,76.05864,10.984465,20.428816,37.883747,17.0
PHX,2023-12-17,81.0,50.0,0.0,3.032168,107.429634,9.045144,24.041788,40.6187,11.0
PHX,2023-12-18,75.0,54.0,0.0,3.8493724,124.87977,13.087123,23.573118,33.628963,9.0
PHX,2023-12-19,76.0,60.0,0.01,3.3600852,114.676094,14.974673,26.224068,41.088634,11.0
PHX,2023-12-20,75.0,60.0,0.02,8.323868,86.68925,33.029274,52.057587,69.489655,19.0
PHX,2023-12-21,78.0,57.0,0.0,3.4481792,115.1918,28.772976,46.217705,64.11514,9.0
PHX,2023-12-22,63.0,55.0,0.7,7.584948,116.002106,51.77772,79.88645,89.63511,22.0
PHX,2023-12-23,58.0,52.0,0.03,4.0139565,281.01846,64.23952,79.44878,89.54945,9.0
PHX,2023-12-24,63.0,47.0,0.0,2.4933705,122.086,57.71586,85.10524,96.309044,8.0
PHX,2023-12-25,63.0,47.0,0.0,2.39358,185.20862,39.350323,66.7872,89.28615,9.0
PHX,2023-12-26,63.0,46.0,0.0,2.5415213,113.59544,26.449018,52.991474,79.51862,8.0
PHX,2023-12-27,66.0,43.0,0.0,2.2174215,109.9872,19.350136,54.303055,70.41501,7.0
PHX,2023-12-28,68.0,45.0,0.0,2.8601398,104.31067,18.830515,45.34917,70.63551,7.0
PHX,2023-12-29,73.0,45.0,0.0,2.809691,97.12672,13.752882,37.918,65.13339,8.0
PHX,2023-12-30,75.0,53.0,0.0,4.9567943,145.82089,13.652831,25.728397,38.212425,11.0
PHX,2023-12-31,64.0,47.0,0.0,2.9205022,97.20058,41.088634,52.41016,65.87446,8.0
PHX,2024-01-01,63.0,47.0,0.0,3.0536585,217.49036,35.095963,53.14153,73.56916,12.0
PHX,2024-01-02,66.0,46.0,0.0,2.3753521,170.58118,27.869299,47.32534,67.89982,9.0
PHX,2024-01-03,64.0,45.0,0.01,5.4594593,30.076843,34.934223,51.181526,71.17694,26.0
PHX,2024-01-04,60.0,46.0,0.0,5.5738277,259.96332,40.283585,58.85759,79.437454,11.0
PHX,2024-01-05,57.0,43.0,0.0,2.3300562,109.07468,38.37617,53.851704,76.1241,9.0
PHX,2024-01-06,61.0,41.0,0.0,3.4089952,116.40095,30.802467,49.164917,72.95626,9.0
PHX,2024-01-07,53.0,43.0,0.01,7.956489,262.81198,33.464417,54.11442,79.35582,18.0
PHX,2024-01-08,54.0,37.0,0.0,4.983848,259.50363,21.06529,33.688118,52.607193,11.0
PHX,2024-01-09,56.0,36.0,0.0,2.8138075,108.94749,21.214466,40.437534,63.980927,7.0
PHX,2024-01-10,59.0,37.0,0.0,3.5889742,102.5483,22.607561,42.784916,61.6394,10.0
PHX,2024-01-11,58.0,40.0,0.01,8.599639,308.4806,19.731329,36.810596,57.153275,24.0
PHX,2024-01-12,57.0,36.0,0.0,3.2689896,99.54694,15.148273,36.265175,56.567196,11.0
PHX,2024-01-13,61.0,37.0,0.0,2.0559833,96.43207,16.964605,33.048347,56.714657,8.0
PHX,2024-01-14,67.0,42.0,0.0,4.205862,89.0939,16.462704,36.39553,54.987957,9.0
PHX,2024-01-15,68.0,42.0,0.0,2.3937283,107.90476,21.32955,33.669235,59.69429,7.0
PHX,2024-01-16,68.0,45.0,0.0,2.5271966,110.95083,23.155113,38.26551,57.72942,9.0
PHX,2024-01-17,67.0,46.0,0.0,3.927754,101.34425,23.005861,42.32592,57.87192,9.0
PHX,2024-01-18,75.0,47.0,0.0,2.31311,93.27155,18.260315,34.919346,53.519764,7.0
PHX,2024-01-19,76.0,50.0,0.0,2.4152129,109.19222,23.404903,42.06983,60.790253,8.0
PHX,2024-01-20,67.0,54.0,0.0,4.0441794,119.284645,34.36767,44.994713,56.735596,11.0
PHX,2024-01-21,61.0,54.0,0.03,2.6229966,86.25879,39.188965,69.167175,89.54945,7.0
PHX,2024-01-22,63.0,51.0,0.26,4.1965156,118.88786,57.990765,79.19718,92.83057,13.0
PHX,2024-01-23,60.0,54.0,0.41,5.1691127,108.43972,66.94687,84.208305,92.92053,13.0
PHX,2024-01-24,62.0,53.0,0.0001,1.5658263,222.13412,60.07078,80.62286,89.54945,7.0
PHX,2024-01-25,64.0,51.0,0.0,4.7235827,176.13596,51.925587,70.27567,86.2867,11.0
PHX,2024-01-26,68.0,49.0,0.0,3.9286714,245.83723,31.921968,55.290512,82.85773,11.0
PHX,2024-01-27,74.0,47.0,0.0,5.3008595,55.45225,19.668367,44.32512,79.51862,15.0
PHX,2024-01-28,77.0,56.0,0.0,6.913561,71.125755,17.795034,28.834133,49.07984,17.0
PHX,2024-01-29,80.0,55.0,0.0,3.1021845,83.28559,17.480074,33.878056,52.75252,15.0
PHX,2024-01-30,80.0,54.0,0.0,3.2341325,108.15537,18.197508,36.632084,55.137844,10.0
PHX,2024-01-31,78.0,56.0,0.0,4.5804195,113.36346,27.534836,41.121517,53.196224,10.0
PHX,2024-02-01,81.0,55.0,0.38,8.994623,165.35205,24.49677,51.057777,89.592415,20.0
PHX,2024-02-02,63.0,53.0,0.21,8.260902,244.1681,41.088634,67.47706,86.397125,20.0
PHX,2024-02-03,64.0,46.0,0.0,3.859165,241.35762,37.664444,55.869537,82.579834,11.0
PHX,2024-02-04,69.0,49.0,0.0,5.2751775,99.044655,24.118868,47.988647,68.24985,10.0
PHX,2024-02-05,74.0,53.0,0.0,5.8327527,94.91536,24.04996,38.280045,54.411068,11.0
PHX,2024-02-06,65.0,50.0,0.22,7.376935,186.45137,35.418472,62.937626,87.37388,21.0
PHX,2024-02-07,61.0,49.0,0.12,7.385053,183.57744,43.9371,67.055695,89.37499,17.0
PHX,2024-02-08,58.0,43.0,0.22,8.545523,135.53905,53.048885,75.86678,86.06188,26.0
PHX,2024-02-09,59.0,41.0,0.0,3.0538626,104.21737,38.539524,65.516945,85.536026,8.0
PHX,2024-02-10,58.0,45.0,0.17,6.256228,228.54799,47.195717,67.701935,85.831665,14.0
PHX,2024-02-11,61.0,41.0,0.0,3.2808123,112.32981,28.225794,56.78092,82.367134,9.0
PHX,2024-02-12,66.0,43.0,0.0,3.1955307,115.791176,17.783308,45.61036,70.74491,9.0
PHX,2024-02-13,69.0,45.0,0.0,3.4286718,163.2162,25.27053,45.132618,70.52554,9.0
PHX,2024-02-14,70.0,46.0,0.0,3.2998605,108.0128,23.453539,47.537624,73.46836,8.0
PHX,2024-02-15,73.0,48.0,0.0,3.7218683,124.083336,18.60697,41.120388,65.50659,9.0
PHX,2024-02-16,72.0,49.0,0.0,3.5395215,117.63045,22.815418,40.098938,60.655384,9.0
PHX,2024-02-17,74.0,52.0,0.0,4.244194,121.6228,22.203146,42.401546,61.191265,9.0
PHX,2024-02-18,76.0,52.0,0.0,3.9046264,109.10446,22.49441,43.81171,65.99591,8.0
PHX,2024-02-19,79.0,54.0,0.0,4.519663,123.26977,20.088387,36.09457,54.848858,10.0
PHX,2024-02-20,80.0,53.0,0.0,5.1432586,121.052605,14.255764,30.14545,54.411068,10.0
PHX,2024-02-21,74.0,57.0,0.0001,6.2079353,222.0547,23.110207,36.876797,46.470554,15.0
PHX,2024-02-22,75.0,54.0,0.0,3.4213126,257.47495,24.19895,46.409904,71.70467,10.0
PHX,2024-02-23,79.0,53.0,0.0,2.5161064,71.59913,15.224866,32.496037,63.611866,10.0
PHX,2024-02-24,77.0,58.0,0.0,3.4265735,149.82314,17.795034,32.70057,45.53377,8.0
PHX,2024-02-25,83.0,59.0,0.0,4.0314684,114.07118,16.50461,31.360153,47.66166,10.0
PHX,2024-02-26,75.0,64.0,0.0,3.2494774,119.72796,25.17393,38.839096,53.924553,9.0
PHX,2024-02-27,76.0,59.0,0.0,3.6084805,258.86154,26.183535,38.21438,57.43867,12.0
PHX,2024-02-28,80.0,56.0,0.0,5.7781043,130.66423,20.508976,40.272125,57.15918,19.0
PHX,2024-02-29,76.0,54.0,0.0,5.0050035,132.41898,21.471603,48.405468,77.11873,10.0
PHX,2024-03-01,79.0,55.0,0.0,5.8526692,129.72614,20.368723,37.974678,59.263847,11.0
PHX,2024-03-02,78.0,53.0,0.0,7.052023,193.03029,15.864528,33.651146,58.99022,16.0
PHX,2024-03-03,73.0,55.0,0.0,4.7867436,238.49478,27.692518,38.26981,54.703506,13.0
PHX,2024-03-04,74.0,53.0,0.0,4.639743,250.6057,17.126936,36.24406,56.59323,13.0
PHX,2024-03-05,76.0,53.0,0.0,3.6934674,113.87108,17.527369,29.927134,46.56725,9.0
PHX,2024-03-06,74.0,57.0,0.0,4.330714,129.12007,21.32779,32.81922,43.45851,10.0
PHX,2024-03-07,64.0,53.0,0.2,6.5182533,110.73547,38.70248,64.293396,83.061966,18.0
PHX,2024-03-08,69.0,53.0,0.05,3.7274022,124.19389,32.882504,52.799683,83.061966,12.0
PHX,2024-03-09,74.0,52.0,0.0,4.8208423,98.07557,18.882448,44.406242,71.28357,11.0
PHX,2024-03-10,80.0,55.0,0.0,4.633545,109.56566,11.570981,30.571016,56.877373,13.0
PHX,2024-03-11,80.0,57.0,0.0,5.3704233,177.28783,16.787836,28.644438,47.039375,11.0
PHX,2024-03-12,77.0,55.0,0.0,4.78842,171.37825,15.482713,29.105621,52.603493,12.0
PHX,2024-03-13,76.0,55.0,0.0,6.4928083,244.73592,14.850481,34.699768,52.603493,19.0
PHX,2024-03-14,72.0,54.0,0.01,4.880297,315.69064,16.165302,34.43663,61.717678,18.0
PHX,2024-03-15,62.0,51.0,0.18,6.0650177,131.0585,40.928474,67.38653,79.83878,14.0
PHX,2024-03-16,68.0,47.0,0.0,3.5359154,189.53911,31.603317,56.504063,82.78886,12.0
PHX,2024-03-17,67.0,53.0,0.01,5.0790067,359.42386,30.527138,55.18421,77.030754,21.0
PHX,2024-03-18,80.0,51.0,0.0,4.443699,79.11465,21.90317,42.21529,68.70851,21.0
PHX,2024-03-19,79.0,54.0,0.0,3.2335503,16.679914,19.94831,37.12492,63.73856,19.0
PHX,2024-03-20,79.0,55.0,0.02,4.4525223,98.81234,18.668364,40.227005,59.127327,21.0
PHX,2024-03-21,82.0,57.0,0.0,4.837589,223.35269,17.744846,38.503933,64.11514,14.0
PHX,2024-03-22,86.0,60.0,0.0,4.2614284,111.6688,14.396164,31.966784,53.634888,10.0
PHX,2024-03-23,82.0,62.0,0.0001,7.4,198.08632,15.727717,28.401464,44.253796,19.0
PHX,2024-03-24,65.0,53.0,0.37,10.941088,241.23088,30.050335,47.544487,83.26271,21.0
PHX,2024-03-25,71.0,49.0,0.0001,7.104911,215.5772,21.620682,46.479546,76.85336,19.0
PHX,2024-03-26,72.0,55.0,0.0001,7.840569,192.27045,20.896532,43.171463,59.127327,25.0
PHX,2024-03-27,76.0,51.0,0.0,5.3369966,96.45058,15.609788,40.860405,65.87446,13.0
PHX,2024-03-28,81.0,56.0,0.0,4.164566,105.89975,14.978287,32.41648,54.848858,10.0
PHX,2024-03-29,84.0,57.0,0.0,5.805776,139.61809,13.044795,28.084517,52.900986,11.0
PHX,2024-03-30,85.0,60.0,0.0,10.682235,184.9888,8.297479,23.860544,43.9371,28.0
PHX,2024-03-31,64.0,51.0,0.5,6.713056,105.35462,41.248363,75.179245,89.41901,21.0
PHX,2024-04-01,63.0,49.0,0.4,4.46026,251.3521,44.41143,67.36797,89.3307,16.0
PHX,2024-04-02,75.0,51.8,0.0,4.5166783,210.34271,29.43079,73.16074,79.996185,11.0
PHX,2024-04-03,82.0,56.0,0.0,4.002847,133.93272,14.978287,41.22243,74.45268,9.0
PHX,2024-04-04,88.0,59.0,0.0,6.2437453,163.78978,10.665272,29.40455,55.42455,14.0
PHX,2024-04-05,71.0,56.0,0.0001,11.013278,249.11322,17.71793,27.805534,39.671837,24.0
PHX,2024-04-06,67.0,50.0,0.0,5.746807,261.7713,17.646484,29.145842,45.930504,18.0
PHX,2024-04-07,75.0,51.0,0.0,4.193084,35.780277,10.919326,25.515467,47.990986,11.0
PHX,2024-04-08,75.0,56.0,0.0,4.922737,242.72478,10.919326,23.071236,37.013298,20.0
PHX,2024-04-09,84.0,57.0,0.0,6.0929394,256.07776,9.740129,20.61318,41.76037,16.0
PHX,2024-04-10,87.0,58.0,0.0,4.0717874,170.74681,6.7545514,17.28732,37.17664,9.0
PHX,2024-04-11,93.0,62.0,0.0,4.5871887,114.484055,8.224323,18.377266,35.095963,11.0
PHX,2024-04-12,93.0,65.0,0.0,7.3144608,173.10725,6.098602,17.548279,32.722244,18.0
PHX,2024-04-13,88.0,64.0,0.0,6.791111,168.49138,9.725915,15.574428,28.026197,14.0
PHX,2024-04-14,82.0,61.0,0.0,6.2828526,282.7622,10.391127,16.76871,33.401276,19.0
PHX,2024-04-15,76.0,58.0,0.0,4.7874017,266.87436,14.362627,24.75665,40.445446,19.0
PHX,2024-04-16,87.0,59.0,0.0,4.980234,289.25912,10.039786,13.522212,40.445446,12.0
PHX,2024-04-17,92.0,63.0,0.0,5.1041517,117.37584,7.8851004,29.700842,36.677902,11.0
PHX,2024-04-18,92.0,66.0,0.0,4.539728,127.24759,7.8851004,17.270626,29.176476,10.0
PHX,2024-04-19,93.0,68.0,0.0,4.8821025,248.69592,6.6492586,15.77171,31.159807,11.0
PHX,2024-04-20,95.0,69.0,0.0,5.0960984,114.943474,5.9849763,13.533498,26.307709,11.0
PHX,2024-04-21,98.0,70.0,0.0,3.9456754,134.44713,5.6979175,15.047466,25.023415,10.0
PHX,2024-04-22,100.0,71.0,0.0,6.985174,177.90176,5.9125266,14.268186,25.575241,14.0
PHX,2024-04-23,97.0,71.0,0.0,7.7439938,173.49031,7.4100914,13.970372,26.61523,16.0
PHX,2024-04-24,91.0,68.0,0.0,4.9024925,179.76202,8.485421,15.244957,26.461527,15.0
PHX,2024-04-25,83.0,68.0,0.0,6.419048,240.96805,15.853918,21.518833,27.22882,18.0
PHX,2024-04-26,81.0,65.0,0.0,9.293507,244.39465,20.368723,26.900152,38.469948,20.0
PHX,2024-04-27,80.0,63.0,0.0,6.7477875,254.76839,17.347895,26.136156,39.671837,15.0
PHX,2024-04-28,88.0,63.0,0.0,3.5441177,248.38113,11.479517,21.504137,39.83199,14.0
PHX,2024-04-29,94.0,66.0,0.0,4.8611712,108.877174,8.7596655,17.709665,31.603317,12.0
PHX,2024-04-30,95.0,69.0,0.0,5.3450336,224.74016,7.4100914,15.1786785,28.495932,13.0
PHX,2024-05-01,92.0,70.0,0.0,5.9348316,237.82814,11.587156,16.59085,25.575241,14.0
PHX,2024-05-02,92.0,70.0,0.0,5.8221407,209.64473,11.803342,19.265896,29.963615,13.0
PHX,2024-05-03,97.0,71.0,0.0,6.8373804,230.62198,8.57646,19.743103,33.838264,15.0
PHX,2024-05-04,93.0,71.0,0.0,5.697479,223.07854,10.122813,19.30488,31.159807,15.0
PHX,2024-05-05,84.0,69.0,0.0,10.0287895,249.4006,16.633144,20.832428,27.534836,22.0
PHX,2024-05-06,85.0,61.0,0.0,6.1709466,252.8102,6.674477,14.077969,24.048656,14.0
PHX,2024-05-07,91.0,63.0,0.0,5.8086696,230.37282,5.566444,12.445215,26.449018,15.0
PHX,2024-05-08,91.0,68.0,0.0,7.0673237,261.17874,7.584609,14.589733,23.453539,18.0
PHX,2024-05-09,87.0,65.0,0.0,5.3425455,263.81308,6.464141,9.8481865,16.462704,14.0
PHX,2024-05-10,91.0,65.0,0.0,5.5940666,238.80655,6.7006106,12.165887,21.184023,13.0
PHX,2024-05-11,93.0,66.0,0.0,6.325688,253.659,8.485421,13.776298,25.8456,18.0
PHX,2024-05-12,94.0,69.0,0.0,3.7602592,221.81673,9.910809,16.46422,28.495932,10.0
PHX,2024-05-13,99.0,71.0,0.0,6.1773725,240.86043,7.8328395,14.925078,24.571428,13.0
PHX,2024-05-14,99.0,74.0,0.0,6.1445956,254.19598,8.851824,13.283832,24.04996,14.0
PHX,2024-05-15,97.0,74.0,0.0,6.965416,289.46622,9.129435,15.535531,22.203146,15.0
PHX,2024-05-16,97.0,77.0,0.01,5.986966,235.31163,11.060665,20.063246,34.626904,15.0
PHX,2024-05-17,102.0,75.0,0.0,5.9230204,263.72327,8.426299,14.167138,26.335354,14.0
PHX,2024-05-18,101.0,77.0,0.0,6.6564465,258.8302,7.0748982,13.875697,24.645594,16.0
PHX,2024-05-19,98.0,75.0,0.0,6.6992426,254.1709,3.8364131,11.055706,25.17393,17.0
PHX,2024-05-20,90.0,74.0,0.0001,6.054275,135.22964,5.950195,16.57779,25.47472,21.0
PHX,2024-05-21,94.0,67.0,0.0,5.7727275,232.74026,4.556538,16.305923,37.15994,15.0
PHX,2024-05-22,95.0,69.0,0.0,5.526201,229.85959,5.32023,10.625564,18.969925,13.0
PHX,2024-05-23,98.0,70.0,0.0,6.7148013,195.04155,6.4004636,10.68152,17.582664,13.0
PHX,2024-05-24,98.0,73.0,0.0,6.7636228,212.7233,8.074555,12.742062,20.625088,18.0
PHX,2024-05-25,91.0,75.0,0.0,8.706951,249.92741,11.333812,16.07298,23.404903,17.0
PHX,2024-05-26,96.0,71.0,0.0,4.483333,58.521694,10.424063,16.906843,27.692518,12.0
PHX,2024-05-27,101.0,74.0,0.0,3.6036484,62.98473,7.3493853,12.986138,24.04996,11.0
PHX,2024-05-28,104.0,76.0,0.0,5.3203526,242.02393,5.2681885,10.994986,21.61544,14.0
PHX,2024-05-29,102.0,77.0,0.0,5.6459227,269.4196,5.6664143,11.06614,20.228525,14.0
PHX,2024-05-30,104.0,76.0,0.0,4.3510947,291.29242,5.4030766,10.510214,21.61544,11.0
PHX,2024-05-31,105.0,77.0,0.0,5.9956427,244.05861,4.815961,10.882306,20.088387,13.0
PHX,2024-06-01,105.0,77.0,0.0,5.929323,231.94104,3.6026654,8.845399,19.296404,14.0
PHX,2024-06-02,103.0,77.0,0.0,5.9131737,247.68568,5.984891,10.594695,20.088387,16.0
PHX,2024-06-03,101.0,78.0,0.0,6.5248175,222.44402,5.6664143,11.995646,19.434568,12.0
PHX,2024-06-04,101.0,80.0,0.0,4.4671054,244.73956,7.0748982,12.829592,23.076838,11.0
PHX,2024-06-05,108.0,82.0,0.0,6.413412,273.52637,9.231738,13.840515,23.658918,13.0
PHX,2024-06-06,111.0,86.0,0.0,5.6136365,268.3882,8.215139,14.71122,23.949753,16.0
PHX,2024-06-07,111.0,87.0,0.0,4.950376,268.03925,6.7734466,12.891524,22.47279,13.0
PHX,2024-06-08,106.0,84.0,0.0,5.6737537,143.6192,9.60199,14.535643,21.351404,12.0
PHX,2024-06-09,107.0,83.0,0.0,6.9548874,176.94403,5.006742,11.400381,19.897697,14.0
PHX,2024-06-10,106.0,81.0,0.0,4.3954844,215.54245,7.18359,11.007378,20.649279,11.0
PHX,2024-06-11,112.0,83.0,0.0,5.064112,269.80347,4.4553995,10.648696,20.265131,13.0
PHX,2024-06-12,111.0,83.0,0.0,5.4745502,289.05386,3.5985334,7.303749,15.350283,11.0
PHX,2024-06-13,107.0,87.0,0.0,4.372988,19.700623,6.619725,9.659177,15.10966,11.0
PHX,2024-06-14,106.0,85.0,0.0,3.0384614,301.22427,3.9881277,10.973299,21.21091,9.0
PHX,2024-06-15,112.0,83.0,0.0,6.4899426,248.19817,6.2070065,10.16562,17.17887,14.0
PHX,2024-06-16,111.0,84.0,0.0,7.0844207,229.51836,4.2707887,10.920056,19.487173,19.0
PHX,2024-06-17,107.0,83.0,0.0,7.8773656,220.9405,6.896544,13.057772,22.62261,17.0
PHX,2024-06-18,103.0,81.0,0.0,5.5598226,230.5326,9.89359,14.897957,21.477423,13.0
PHX,2024-06-19,103.0,83.0,0.0,6.481615,197.88885,9.89359,16.692122,26.374903,11.0
PHX,2024-06-20,113.0,83.0,0.0,5.6411858,140.38641,8.129315,16.903082,30.410875,16.0
PHX,2024-06-21,116.0,93.0,0.0,10.219653,128.36041,7.672122,21.951797,35.81528,18.0
PHX,2024-06-22,107.0,92.0,0.0,5.99928,139.48499,21.0876,29.745129,35.025032,15.0
PHX,2024-06-23,107.0,91.0,0.0,4.539367,169.25136,19.625555,28.810667,36.795143,15.0
PHX,2024-06-24,111.0,90.0,0.01,6.85551,190.54877,17.97823,30.6526,50.184208,24.0
PHX,2024-06-25,106.0,86.0,0.0001,6.906464,275.8357,23.321474,52.467663,56.96819,22.0
PHX,2024-06-26,111.0,86.0,0.0,6.1621623,273.12964,18.104628,36.075115,55.180084,15.0
PHX,2024-06-27,111.0,95.0,0.0,8.114528,260.5691,16.844168,23.23553,30.261078,17.0
PHX,2024-06-28,110.0,92.0,0.0,6.635736,243.83765,18.509272,24.803932,34.417664,17.0
PHX,2024-06-29,109.0,89.0,0.0,4.5858736,244.92197,18.2535,27.1828,42.05094,11.0
PHX,2024-06-30,109.0,90.0,0.0001,8.021164,166.85771,19.756824,30.283129,40.74673,22.0
PHX,2024-07-01,107.0,87.0,0.03,5.7548246,36.16878,23.321474,33.41426,61.11788,13.0
PHX,2024-07-02,112.0,92.0,0.0,5.084311,199.49025,10.579748,24.156694,44.00102,15.0
PHX,2024-07-03,112.0,93.0,0.0,7.3565216,232.65881,8.9757805,19.528336,35.96731,14.0
PHX,2024-07-04,112.0,91.0,0.0,10.100671,276.78885,13.129133,24.140854,38.272923,17.0
PHX,2024-07-05,117.0,94.0,0.0,5.1930213,286.42505,4.02657,17.62424,32.344296,11.0
PHX,2024-07-06,114.0,92.0,0.0,6.493782,285.51666,10.878501,18.505737,26.868217,14.0
PHX,2024-07-07,113.0,92.0,0.0,8.163862,269.44183,11.734161,21.195694,33.210785,16.0
PHX,2024-07-08,117.0,92.0,0.0,5.458884,238.99332,7.196838,15.302101,25.901768,15.0
PHX,2024-07-09,115.0,91.0,0.0,5.2266083,256.41104,8.150845,15.8711195,25.609074,13.0
PHX,2024-07-10,115.0,94.0,0.0,6.009587,278.94998,10.569938,16.15275,24.490929,17.0
PHX,2024-07-11,114.0,93.0,0.0,6.1070867,117.09201,10.668459,17.973934,30.111092,22.0
PHX,2024-07-12,115.0,92.0,0.0,5.280715,119.79129,10.174695,17.625977,28.8969,15.0
PHX,2024-07-13,111.0,94.0,0.0,8.058359,280.11725,13.911518,20.359869,28.902248,16.0
PHX,2024-07-14,108.0,84.0,0.33,10.15235,269.8997,20.477934,45.536682,69.59207,23.0
PHX,2024-07-15,108.0,87.0,0.0,7.5669875,250.89662,18.928583,33.290283,53.316578,15.0
PHX,2024-07-16,109.0,90.0,0.0,7.7454543,259.0793,17.72577,26.94755,40.74673,17.0
PHX,2024-07-17,110.0,91.0,0.0,7.745098,277.44336,16.598663,25.318985,39.63976,16.0
PHX,2024-07-18,111.0,94.0,0.0001,6.6285095,277.98608,15.661636,22.72965,31.210125,16.0
PHX,2024-07-19,112.0,92.0,0.0,7.064492,222.65868,14.668401,22.440811,33.210785,18.0
PHX,2024-07-20,112.0,93.0,0.0,7.0411677,241.64548,14.668401,24.052555,38.424847,23.0
PHX,2024-07-21,111.0,90.0,0.02,7.6319165,116.13894,18.104628,31.934185,42.35249,24.0
PHX,2024-07-22,109.0,85.0,0.0,5.439416,64.01578,16.598663,28.150225,49.46567,12.0
PHX,2024-07-23,113.0,94.0,0.0,6.8938746,117.25732,12.756731,21.880836,32.344296,15.0
PHX,2024-07-24,113.0,93.0,0.0001,5.47182,215.36145,14.668401,25.686064,39.791183,16.0
PHX,2024-07-25,111.0,83.0,0.0001,6.5435314,169.72107,18.765432,35.252335,64.92017,23.0
PHX,2024-07-26,108.0,82.0,0.0,4.6175594,220.18205,17.72577,34.570885,67.05904,14.0
PHX,2024-07-27,110.0,89.0,0.0,7.4270597,202.7061,13.7983465,29.157103,51.790493,17.0
PHX,2024-07-28,111.0,89.0,0.0,7.383431,175.89345,12.078054,29.418644,46.845066,17.0
PHX,2024-07-29,108.0,88.0,0.0,6.881093,210.56075,10.283764,27.899338,50.04146,12.0
PHX,2024-07-30,108.0,89.0,0.0,6.9408865,249.50966,11.762253,31.044018,46.698208,22.0
PHX,2024-07-31,110.0,90.0,0.0,5.3830295,148.1061,15.423566,30.490156,42.201916,20.0
PHX,2024-08-01,105.0,88.0,0.0,6.460633,256.1784,21.581903,29.49034,43.5527,14.0
PHX,2024-08-02,111.0,93.0,0.0,4.323487,273.53827,16.243425,24.095097,34.721905,12.0
PHX,2024-08-03,113.0,93.0,0.0,5.44111,240.99454,12.648707,21.249996,31.059275,20.0
PHX,2024-08-04,116.0,94.0,0.0,5.75336,179.05893,10.76728,23.509565,35.96731,22.0
PHX,2024-08-05,112.0,93.0,0.0001,6.5842533,259.63998,15.542513,25.604074,37.099903,15.0
PHX,2024-08-06,110.0,91.0,0.0001,7.8442173,280.80096,18.381336,29.274782,42.801815,21.0
PHX,2024-08-07,102.0,82.0,0.01,7.440092,180.00041,26.26772,47.1114,67.16992,24.0
PHX,2024-08-08,106.0,88.0,0.0,6.351474,114.40217,22.369627,37.00374,51.790493,21.0
PHX,2024-08-09,108.0,88.0,0.0,4.684554,158.72081,18.381336,30.816154,50.04146,11.0
PHX,2024-08-10,111.0,93.0,0.0,8.260284,145.89668,18.104628,28.145504,39.791183,20.0
PHX,2024-08-11,103.0,88.0,0.0,6.9808965,195.71336,25.350498,37.01728,48.34447,16.0
PHX,2024-08-12,106.0,89.0,0.0,5.5302806,266.1306,18.12577,28.506496,42.05094,13.0
PHX,2024-08-13,108.0,90.0,0.0001,5.941306,238.90005,16.476131,27.29739,40.74673,11.0
PHX,2024-08-14,108.0,92.0,0.0,5.6976743,274.66364,15.519982,23.700308,33.210785,15.0
PHX,2024-08-15,111.0,90.0,0.0,4.665233,290.59412,13.069543,20.013683,31.737394,11.0
PHX,2024-08-16,111.0,94.0,0.0,6.247794,276.39606,13.513908,19.512852,26.340115,13.0
PHX,2024-08-17,112.0,94.0,0.0,5.990114,193.74496,16.721342,23.206419,30.111092,15.0
PHX,2024-08-18,100.0,80.0,0.1,6.5748863,296.0869,24.921011,57.657494,83.66177,17.0
PHX,2024-08-19,111.0,88.0,0.0,4.023454,261.54498,16.122437,28.789547,46.845066,11.0
PHX,2024-08-20,111.0,92.0,0.0,6.247076,256.54297,15.661636,25.08288,38.272923,15.0
PHX,2024-08-21,103.0,91.0,0.0001,6.169731,129.8484,22.094614,32.007977,43.851994,15.0
PHX,2024-08-22,107.0,84.0,0.24,6.1898637,125.27883,18.799095,40.07314,69.59207,33.0
PHX,2024-08-23,107.0,84.0,0.0,7.3413744,144.6123,14.092838,32.830273,62.857838,15.0
PHX,2024-08-24,105.0,84.0,0.0,6.465852,171.70287,15.732646,27.970606,49.610336,13.0
PHX,2024-08-25,107.0,86.0,0.0,4.9424777,227.42122,6.975105,13.563724,25.022688,11.0
PHX,2024-08-26,108.0,84.0,0.0,4.066812,234.63919,6.7734466,13.316751,26.674143,11.0
PHX,2024-08-27,108.0,85.0,0.0,4.5786476,167.26106,8.282392,17.12612,25.98166,13.0
PHX,2024-08-28,104.0,89.0,0.0001,8.628373,120.98909,15.987566,23.882195,32.906002,30.0
PHX,2024-08-29,108.0,85.0,0.0,5.3235292,95.04561,9.231738,20.129831,37.200005,19.0
PHX,2024-08-30,108.0,87.0,0.0,5.364301,67.436035,9.324375,16.198944,26.972927,20.0
PHX,2024-08-31,107.0,89.0,0.0,5.0341883,91.868546,11.115402,17.377148,23.629341,19.0
PHX,2024-09-01,106.0,87.0,0.0,5.614035,81.30268,16.109465,21.419973,28.447847,21.0
PHX,2024-09-02,107.0,87.0,0.0,6.973626,86.91954,10.792807,21.099771,33.652287,13.0
PHX,2024-09-03,106.0,88.0,0.0,5.372263,131.1423,12.959055,21.023718,30.301956,11.0
PHX,2024-09-04,110.0,88.0,0.0,4.7611833,128.4745,9.324375,18.128242,26.129679,14.0
PHX,2024-09-05,114.0,88.0,0.0,4.769847,120.14145,4.83126,13.883796,26.129679,11.0
PHX,2024-09-06,109.0,94.0,0.0,6.9739,109.704384,9.133855,15.921005,22.47594,19.0
PHX,2024-09-07,108.0,91.0,0.0,7.7221794,106.65008,11.217807,17.501589,24.676,16.0
PHX,2024-09-08,109.0,89.0,0.0,7.4155326,103.26247,6.69639,13.923492,22.614996,17.0
PHX,2024-09-09,109.0,85.0,0.0,5.1125474,102.48359,5.4457293,11.41831,20.40378,11.0
PHX,2024-09-10,109.0,85.0,0.0,4.1086493,142.30522,3.981884,10.195381,17.278158,9.0
PHX,2024-09-11,108.0,82.0,0.0,5.437276,194.98772,6.50279,12.524688,20.93002,14.0
PHX,2024-09-12,109.0,82.0,0.0,7.461132,168.6452,2.969645,10.062377,24.28812,19.0
PHX,2024-09-13,105.0,79.0,0.0,7.330126,197.27924,7.705686,15.123047,28.747374,14.0
PHX,2024-09-14,103.0,87.0,0.0,4.1933384,300.8962,16.971365,23.713417,30.453821,9.0
PHX,2024-09-15,104.0,86.0,0.0,5.824575,254.28519,14.831609,24.305593,37.354286,17.0
PHX,2024-09-16,101.0,84.0,0.0001,8.692009,204.51866,11.803342,28.894266,51.0819,18.0
PHX,2024-09-17,93.0,78.0,0.0,5.9898257,270.54764,12.929563,20.78028,37.48241,15.0
PHX,2024-09-18,95.0,73.0,0.0,5.776901,210.85213,10.323313,16.600735,35.32318,12.0
PHX,2024-09-19,97.0,74.0,0.0,5.9409156,150.20352,14.011372,21.903595,33.34427,15.0
PHX,2024-09-20,96.0,78.0,0.0,6.563927,219.65062,12.1298275,28.724337,48.43953,17.0
PHX,2024-09-21,89.0,73.0,0.0,3.7032065,263.4668,18.54215,25.509209,38.89973,13.0
PHX,2024-09-22,98.0,74.0,0.0,3.0014215,131.42847,12.569091,19.706059,35.481346,9.0
PHX,2024-09-23,105.0,78.0,0.0,3.8034682,124.22546,7.705686,16.141438,28.772976,10.0
PHX,2024-09-24,107.0,78.0,0.0,3.5449853,99.265396,5.006742,12.506575,26.638659,11.0
PHX,2024-09-25,110.0,81.0,0.0,4.4080625,78.66007,7.1333857,11.874116,19.077356,11.0
PHX,2024-09-26,109.0,83.0,0.0,4.7998567,172.90833,7.563596,13.358349,21.761759,10.0
PHX,2024-09-27,112.0,84.0,0.0,2.969654,188.12343,7.085537,13.80971,25.537045,9.0
PHX,2024-09-28,116.0,86.0,0.0,5.8323946,134.84178,4.1989737,11.0801735,23.054197,13.0
PHX,2024-09-29,112.0,89.0,0.0,7.167509,138.95732,5.3328824,10.070287,15.84962,14.0
PHX,2024-09-30,107.0,84.0,0.0,5.589247,256.73016,10.185734,16.25895,22.188366,11.0
PHX,2024-10-01,113.0,85.0,0.0,3.946514,112.335976,6.353575,13.32793,26.823593,22.0
PHX,2024-10-02,108.0,86.0,0.0,5.6109424,117.071815,5.4457293,11.121661,17.571222,13.0
PHX,2024-10-03,108.0,82.0,0.0,4.8623595,141.70323,4.599513,11.459167,19.988005,11.0
PHX,2024-10-04,108.0,81.0,0.0,3.6953738,115.20311,4.7992864,12.645068,18.735771,10.0
PHX,2024-10-05,109.0,81.0,0.0,4.2505293,119.05514,4.3378973,10.74755,19.849539,10.0
PHX,2024-10-06,111.0,81.0,0.0,3.9129214,127.594696,3.299169,10.162568,18.735771,11.0
PHX,2024-10-07,110.0,82.0,0.0,3.6443813,107.754265,4.8619914,9.788674,19.27564,11.0
PHX,2024-10-08,107.0,82.0,0.0,5.2100425,139.21326,4.7992864,10.4877405,16.633144,10.0
PHX,2024-10-09,104.0,80.0,0.0,3.4696212,131.25272,5.244443,12.243916,20.649279,11.0
PHX,2024-10-10,105.0,78.0,0.0,1.9363191,122.43586,5.311128,11.862446,20.54248,8.0
PHX,2024-10-11,103.0,79.0,0.0,4.1139603,177.96979,6.787042,13.843188,22.334833,10.0
PHX,2024-10-12,103.0,77.0,0.0,3.8039773,248.11394,6.3921065,13.481822,22.640036,10.0
PHX,2024-10-13,102.0,75.0,0.0,4.6661963,244.36995,6.317034,13.044043,29.43079,11.0
PHX,2024-10-14,101.0,76.0,0.0,4.883688,130.4188,6.5096416,13.591174,26.487062,11.0
PHX,2024-10-15,97.0,74.0,0.0,5.6607013,159.53835,6.476966,14.645019,22.203146,12.0
PHX,2024-10-16,98.0,71.0,0.0,6.42,150.4074,9.037237,15.41826,25.023415,16.0
PHX,2024-10-17,89.0,73.0,0.0,4.8963284,169.92984,17.964777,26.588028,42.66659,14.0
PHX,2024-10-18,78.0,63.0,0.0001,9.473822,259.98593,8.570245,27.470505,47.54105,23.0
PHX,2024-10-19,73.0,60.0,0.0001,4.360262,110.055984,24.26978,32.40269,47.506863,11.0
PHX,2024-10-20,81.0,59.0,0.0,2.7137785,140.55423,16.918026,29.867004,47.351547,6.0
PHX,2024-10-21,88.0,61.0,0.0,2.847398,114.1383,9.326583,23.29955,42.402897,9.0
PHX,2024-10-22,95.0,63.0,0.0,2.7667599,262.78882,7.1847634,18.477757,35.095963,7.0
PHX,2024-10-23,98.0,68.0,0.0,3.2621565,190.09264,6.678458,14.387975,24.72216,9.0
PHX,2024-10-24,95.0,67.0,0.0,3.6541142,108.656265,5.1847224,16.514273,30.527138,8.0
PHX,2024-10-25,96.0,65.0,0.0,3.2130344,122.42417,4.7259803,14.855115,27.869299,8.0
PHX,2024-10-26,99.0,67.0,0.0,2.9244227,98.63065,4.583395,13.345122,23.967903,8.0
PHX,2024-10-27,96.0,70.0,0.0,3.443824,102.2131,6.1328144,14.44727,25.72746,9.0
PHX,2024-10-28,94.0,64.0,0.0001,7.80312,194.57751,8.941936,20.349558,40.364105,19.0
PHX,2024-10-29,79.0,62.0,0.0,8.606631,257.92844,14.47694,23.77669,32.40092,22.0
PHX,2024-10-30,75.0,55.0,0.0,3.4631119,102.58644,10.919326,22.718037,39.795464,9.0
PHX,2024-10-31,79.0,55.0,0.0,2.706957,142.15659,8.475104,18.202597,31.105227,7.0
PHX,2024-11-01,81.0,56.0,0.0,3.1023288,126.54121,6.952931,16.246666,28.769875,9.0
PHX,2024-11-02,78.0,55.0,0.0001,4.7514124,80.81972,10.771329,35.6749,67.408905,17.0
PHX,2024-11-03,72.0,58.0,0.0001,5.645309,291.3366,21.911892,51.14333,74.73801,19.0
PHX,2024-11-04,72.0,52.0,0.0,5.1518173,246.6316,12.084028,25.410786,59.263847,11.0
PHX,2024-11-05,73.0,51.0,0.0,4.1815605,118.94077,12.3125925,26.009003,46.090466,8.0
PHX,2024-11-06,70.0,50.0,0.0,6.3489547,43.483078,5.380523,20.626823,44.09519,15.0
PHX,2024-11-07,65.0,48.0,0.0,4.537736,327.7892,11.405949,19.02751,31.272442,10.0
PHX,2024-11-08,69.0,48.0,0.0,3.2605932,116.479065,10.279956,22.67154,35.693447,8.0
PHX,2024-11-09,75.0,48.0,0.0,1.9349195,352.63815,8.861004,21.511354,37.221718,8.0
PHX,2024-11-10,83.0,53.0,0.0,2.629811,119.52573,6.1548347,18.238567,30.778814,9.0
PHX,2024-11-11,82.0,56.0,0.0,3.1553056,112.99853,7.683587,17.757217,26.608856,9.0
PHX,2024-11-12,76.0,53.0,0.0,5.554386,241.36696,5.8975763,19.499197,34.883728,11.0
PHX,2024-11-13,78.0,50.0,0.0,3.2538896,75.57961,7.3377523,18.054249,29.02089,11.0
PHX,2024-11-14,84.0,54.0,0.0,2.8482518,125.88367,4.6826534,16.002924,29.671701,9.0
PHX,2024-11-15,73.0,52.0,0.0,6.554356,244.25708,10.24454,20.589901,30.615252,15.0
PHX,2024-11-16,63.0,53.0,0.0,4.1648974,294.40518,22.408688,31.950565,39.46794,10.0
PHX,2024-11-17,71.0,46.0,0.0,6.2125874,260.8568,13.752882,28.36253,53.369156,13.0
PHX,2024-11-18,68.0,48.0,0.0,4.329114,101.97384,12.27112,23.288576,37.055244,9.0
PHX,2024-11-19,70.0,48.0,0.0,2.9713488,130.146,15.239349,24.861158,35.213,7.0
PHX,2024-11-20,77.0,50.0,0.0,2.21115,170.29033,6.049421,20.808546,44.257015,7.0
PHX,2024-11-21,80.0,50.0,0.0,2.9281228,74.85539,6.280537,17.025887,31.76776,9.0
PHX,2024-11-22,85.0,53.0,0.0,2.4480836,120.396194,4.0579276,14.277904,28.769875,9.0
PHX,2024-11-23,78.0,52.0,0.0,3.5185444,123.315094,6.9331393,16.7987,27.907528,9.0
PHX,2024-11-24,77.0,51.0,0.0,4.4585676,118.76018,8.383061,22.203388,37.987774,11.0
PHX,2024-11-25,78.0,56.0,0.0,2.7875612,106.14008,15.099663,26.05839,38.539524,7.0
PHX,2024-11-26,77.0,56.0,0.0,3.0097902,107.52752,15.737061,27.221804,38.37617,8.0
PHX,2024-11-27,76.0,60.0,0.0,4.5014043,193.82971,24.19895,35.05712,42.72146,8.0
PHX,2024-11-28,73.0,56.0,0.0,2.520979,250.59143,22.962822,32.86393,45.217552,9.0
PHX,2024-11-29,75.0,53.0,0.0,2.462343,275.05377,17.988867,28.639536,41.27376,7.0
PHX,2024-11-30,79.0,54.0,0.0,2.2162921,273.89185,12.357573,23.856445,36.52107,7.0
PHX,2024-12-01,78.0,52.0,0.0,2.5851955,270.09772,10.316732,21.994808,37.718822,11.0
PHX,2024-12-02,81.0,53.0,0.0,2.277739,228.57368,9.34564,22.723547,39.46794,7.0
PHX,2024-12-03,82.0,56.0,0.0,3.4252632,155.72533,11.790766,21.115942,33.957138,9.0
PHX,2024-12-04,78.0,53.0,0.0,3.6378229,140.23901,11.352456,23.50149,39.631912,8.0
PHX,2024-12-05,77.0,53.0,0.0,3.0643356,251.87085,13.89326,28.640543,44.579178,9.0
PHX,2024-12-06,78.0,57.0,0.0,3.6657143,81.92766,17.215858,25.68853,37.17664,13.0
PHX,2024-12-07,77.0,55.0,0.0,3.4897816,87.38161,16.952238,27.88844,41.436413,11.0
PHX,2024-12-08,74.0,52.0,0.0,3.9867132,113.83845,15.229177,30.567827,46.40884,11.0
PHX,2024-12-09,73.0,51.0,0.0,5.622615,94.66909,5.9461794,26.136827,46.090466,12.0
PHX,2024-12-10,68.0,50.0,0.0,4.4752474,347.45312,3.2938561,8.227879,17.895023,11.0
PHX,2024-12-11,70.0,44.0,0.0,3.075124,77.21043,2.7796662,12.361718,24.544464,17.0
PHX,2024-12-12,74.0,53.0,0.0,3.2595205,121.3912,1.7808788,8.356735,18.748217,9.0
PHX,2024-12-13,68.0,49.0,0.0,3.3054776,39.22033,15.045169,25.406487,44.579178,9.0
PHX,2024-12-14,70.0,48.0,0.0,2.4320557,148.81978,18.969925,32.832535,47.990986,7.0
PHX,2024-12-15,72.0,46.0,0.0,3.3730824,105.38969,16.426922,30.414762,45.60902,9.0
PHX,2024-12-16,71.0,46.0,0.0,3.9476624,115.07615,14.976492,29.55387,47.35694,10.0
PHX,2024-12-17,70.0,45.0,0.0,3.2989547,120.34869,13.631695,28.6852,43.60674,9.0
PHX,2024-12-18,82.0,46.0,0.0,2.3507671,89.40387,9.443709,25.060125,43.442932,7.0
PHX,2024-12-19,83.0,52.0,0.0,2.197193,102.3526,9.141283,19.86366,33.299572,15.0
PHX,2024-12-20,83.0,53.0,0.0,2.5,121.96999,11.414697,21.970564,32.096657,7.0
PHX,2024-12-21,78.0,51.0,0.0,2.9497206,115.14655,12.889204,23.998817,36.025574,8.0
PHX,2024-12-22,75.0,50.0,0.0,2.9930265,114.48298,13.533004,24.781311,39.303555,8.0
PHX,2024-12-23,76.0,54.0,0.0,2.9607408,126.107346,14.240186,25.342978,38.212425,10.0
PHX,2024-12-24,77.0,51.0,0.0,3.774216,109.48489,14.485305,27.410301,44.257015,10.0
PHX,2024-12-25,69.0,53.0,0.0,5.00988,263.75266,19.632956,36.833153,42.975666,14.0
PHX,2024-12-26,64.0,49.0,0.0,3.0034866,103.09446,24.50736,41.163868,45.930504,7.0
PHX,2024-12-27,68.0,45.0,0.0,4.055983,102.03076,20.46564,36.07118,51.236607,9.0
PHX,2024-12-28,70.0,45.0,0.0,2.6915562,105.378555,19.774487,35.13864,51.081852,8.0
PHX,2024-12-29,75.0,46.0,0.0,2.6150627,99.84372,18.12453,34.29363,53.369156,8.0
PHX,2024-12-30,73.0,47.0,0.0,3.5853658,109.990395,19.38873,33.28847,49.33728,8.0
PHX,2024-12-31,72.0,47.0,0.0,3.8493724,112.54617,18.60697,33.822834,45.930504,10.0
PHX,2025-01-01,72.0,45.0,0.0,2.753138,95.78919,17.126936,32.525303,47.833282,8.0
PHX,2025-01-02,77.0,47.0,0.0,2.8361228,108.58686,11.243677,24.878593,38.97352,7.0
PHX,2025-01-03,81.0,50.0,0.0,4.0710225,102.60326,10.082965,23.210043,33.957138,7.0
PHX,2025-01-04,73.0,47.0,0.0,4.586063,186.1964,12.735657,25.397352,40.288498,11.0
PHX,2025-01-05,71.0,45.0,0.0,2.2002802,129.27638,11.97021,25.553064,41.50167,5.0
PHX,2025-01-06,72.0,45.0,0.0,2.7818816,115.9116,10.140254,24.117125,38.14118,9.0
PHX,2025-01-07,69.0,47.0,0.0,7.8434024,74.43263,11.236254,18.926453,30.123167,19.0
PHX,2025-01-08,68.0,51.0,0.0001,11.782086,100.077034,15.802942,24.969011,46.249912,21.0
PHX,2025-01-09,65.0,43.0,0.0,5.6578,37.888374,15.514593,33.717834,55.136906,20.0
PHX,2025-01-10,65.0,41.0,0.0,2.9239888,130.52957,14.997785,24.884668,41.168953,12.0
PHX,2025-01-11,64.0,40.0,0.0,4.215535,104.27135,15.67158,24.89427,35.7098,10.0
PHX,2025-01-12,65.0,37.0,0.0,2.5324495,205.4569,15.802942,24.200064,40.329006,8.0
PHX,2025-01-13,62.0,37.0,0.0,3.4502802,125.537094,16.372232,24.048544,35.539944,8.0
PHX,2025-01-14,66.0,37.0,0.0,2.8702023,268.72272,15.934507,24.416574,40.329006,9.0
PHX,2025-01-15,72.0,40.0,0.0,6.3476334,69.17508,19.605444,23.325933,31.467188,16.0
PHX,2025-01-16,76.0,53.0,0.0,7.4663806,68.5709,18.644724,20.914148,30.963108,13.0
PHX,2025-01-17,68.0,49.0,0.0,3.497167,107.64508,20.46564,31.606737,45.930504,9.0
PHX,2025-01-18,67.0,42.0,0.0,3.9768422,110.07169,18.552015,33.45748,50.61411,8.0
PHX,2025-01-19,67.0,42.0,0.0,2.8,125.10484,16.55745,27.517597,42.94854,7.0
PHX,2025-01-20,67.0,39.0,0.0,6.9027576,36.806248,16.617453,25.323185,44.302288,23.0
PHX,2025-01-21,61.0,41.0,0.0,5.7648387,54.554558,13.221368,15.039728,17.442947,21.0
PHX,2025-01-22,63.0,38.0,0.0,2.2740586,95.469124,14.628638,17.398575,22.591646,7.0
PHX,2025-01-23,65.0,37.0,0.0,5.671184,52.149075,15.748222,18.944809,27.71013,18.0
PHX,2025-01-24,69.0,43.0,0.0,7.042294,80.5226,13.856813,15.522548,17.177736,17.0
PHX,2025-01-25,70.0,47.0,0.0,4.201267,95.59399,14.651462,16.11585,18.574717,9.0
PHX,2025-01-26,71.0,43.0,0.0,5.462039,107.42851,16.860746,20.22636,25.663448,11.0
PHX,2025-01-27,62.0,46.0,0.0,6.424785,358.40982,24.7273,42.647697,61.05819,13.0
PHX,2025-01-28,62.0,44.0,0.0001,5.042224,256.27643,31.91695,60.391315,79.35582,13.0
PHX,2025-01-29,59.0,45.0,0.01,2.9986033,119.650734,39.958595,60.4823,79.437454,10.0
PHX,2025-01-30,63.0,42.0,0.0,4.619013,107.72916,12.747053,50.46136,82.295395,10.0
PHX,2025-01-31,69.0,42.0,0.0,3.0162659,82.49701,24.118868,41.71347,64.88159,10.0
PHX,2025-02-01,74.0,47.0,0.0,3.6447554,105.32203,17.988867,35.23436,55.726627,8.0
PHX,2025-02-02,82.0,51.0,0.0,3.6519525,107.43903,15.102078,27.629978,44.257015,9.0
PHX,2025-02-03,86.0,53.0,0.0,2.8291492,107.45572,15.474688,29.93554,46.40884,9.0
PHX,2025-02-04,86.0,56.0,0.0,4.7791195,111.86166,11.265167,24.125206,38.539524,11.0
PHX,2025-02-05,81.0,54.0,0.0,4.002851,92.831665,13.678363,24.422,38.048283,10.0
PHX,2025-02-06,80.0,53.0,0.0,3.2102313,103.71074,12.471399,22.814873,34.883728,8.0
PHX,2025-02-07,79.0,53.0,0.0,4.1803975,97.47113,21.471603,30.62662,43.195915,10.0
PHX,2025-02-08,79.0,55.0,0.0,4.140756,110.16638,26.335354,38.03437,49.07984,9.0
PHX,2025-02-09,77.0,55.0,0.0,2.4583626,207.93188,23.110207,35.45491,50.879093,8.0
PHX,2025-02-10,79.0,54.0,0.0,3.8182456,196.03224,10.006808,26.309845,46.72514,11.0
PHX,2025-02-11,71.0,52.0,0.0,8.040433,233.22838,10.856791,25.594372,34.447094,18.0
PHX,2025-02-12,63.0,53.0,0.0,4.296864,343.36722,26.293013,34.39214,42.975666,10.0
PHX,2025-02-13,72.0,49.0,0.0001,4.55389,98.61835,26.461527,40.242065,59.937733,11.0
PHX,2025-02-14,72.0,57.0,0.02,6.156547,248.23813,27.382452,46.631275,66.712524,23.0
PHX,2025-02-15,72.0,49.0,0.0,3.959596,259.4295,23.602703,37.98799,56.162605,10.0
PHX,2025-02-16,75.0,50.0,0.0,3.8295774,83.11308,12.42733,26.804277,46.40884,11.0
PHX,2025-02-17,77.0,52.0,0.0,3.9544818,110.35253,12.657691,22.78452,32.260704,9.0
PHX,2025-02-18,78.0,51.0,0.0,4.65093,90.0059,14.485305,24.006304,34.883728,9.0
PHX,2025-02-19,79.0,52.0,0.0,3.55416,115.04188,11.957001,22.868614,36.356266,9.0
PHX,2025-02-20,79.0,51.0,0.0,4.3398876,191.85057,10.877728,20.623201,34.718594,10.0
PHX,2025-02-21,78.0,51.0,0.0,3.72,243.1776,10.771329,16.620068,32.096657,10.0
PHX,2025-02-22,80.0,51.0,0.0,2.8149211,258.9343,10.877728,19.202948,32.096657,10.0
PHX,2025-02-23,82.0,52.0,0.0,3.352401,135.23692,8.568171,17.979395,31.105227,9.0
PHX,2025-02-24,86.0,53.0,0.0,3.9916317,127.903984,8.75448,17.40699,29.671701,11.0
PHX,2025-02-25,90.0,57.0,0.0,4.6680675,143.10817,10.570453,16.76022,26.608856,11.0
PHX,2025-02-26,89.0,59.0,0.0,5.463707,180.12193,10.5983,16.712431,28.066742,11.0
PHX,2025-02-27,84.0,57.0,0.0,6.1648746,51.544575,10.533344,12.657945,14.740744,14.0
PHX,2025-02-28,82.0,55.0,0.0,5.0340667,132.79948,12.466992,14.3021755,19.731329,11.0
PHX,2025-03-01,85.0,58.0,0.0,7.9733434,180.0537,12.068773,17.476543,32.40092,23.0
PHX,2025-03-02,80.0,55.0,0.0,7.31241,157.66687,17.215858,29.004656,46.72514,18.0
PHX,2025-03-03,67.0,52.0,0.0,9.578611,248.04108,23.363607,30.02379,44.579178,19.0
PHX,2025-03-04,73.0,49.0,0.0,3.3793347,110.58069,20.05777,34.687225,49.805668,11.0
PHX,2025-03-05,76.0,51.0,0.0,3.756528,110.9421,16.689245,25.83436,40.78313,9.0
PHX,2025-03-06,72.0,62.0,0.0,7.8187733,249.36821,17.582664,26.419615,46.004383,21.0
PHX,2025-03-07,62.0,47.0,0.39,8.108859,209.928,30.802467,73.42643,89.37499,19.0
PHX,2025-03-08,68.0,47.0,0.0,3.6472242,133.85547,30.527138,56.28708,85.88974,9.0
PHX,2025-03-09,78.0,50.0,0.0,3.3423874,67.558815,16.398243,38.294506,76.76395,11.0
PHX,2025-03-10,86.0,53.0,0.0,3.5031803,121.42274,15.853918,29.131142,54.848858,10.0
PHX,2025-03-11,81.0,56.0,0.12,7.8660855,157.80316,17.215858,32.271973,77.721375,17.0
PHX,2025-03-12,75.0,57.0,0.07,5.18319,231.86493,36.536896,56.18627,83.32886,13.0
PHX,2025-03-13,75.0,51.0,0.16,9.693153,214.71187,25.879585,65.246056,93.59724,34.0
PHX,2025-03-14,58.0,46.0,0.01,5.849964,224.18626,38.37617,57.868965,79.59934,15.0
PHX,2025-03-15,68.0,47.0,0.09,5.379856,257.6051,32.722244,64.39509,92.707954,13.0
PHX,2025-03-16,75.0,50.0,0.0,3.963199,103.82694,19.668367,40.546116,73.86835,10.0
PHX,2025-03-17,82.0,56.0,0.0,4.0561957,252.00346,17.929068,32.69843,57.15918,12.0
PHX,2025-03-18,73.0,57.0,0.0,11.644125,264.3422,15.752456,21.582039,43.77804,20.0
PHX,2025-03-19,73.0,53.0,0.0,4.393466,7.8915334,14.984076,18.570873,24.45427,14.0
PHX,2025-03-20,81.0,51.0,0.0,4.31775,187.59906,15.881238,19.41386,31.93234,13.0
PHX,2025-03-21,84.0,55.0,0.0,4.052334,175.6866,16.198229,17.058407,28.930609,10.0
PHX,2025-03-22,86.0,57.0,0.0,5.3524013,99.41501,17.309513,21.931513,32.914146,11.0
PHX,2025-03-23,89.0,61.0,0.0,3.9683988,95.604774,16.890694,23.338696,33.563076,10.0
PHX,2025-03-24,96.0,65.0,0.0,3.2827926,69.10256,17.537176,22.572428,32.882504,10.0
PHX,2025-03-25,99.0,66.0,0.0,2.878169,143.50522,18.186954,23.010298,34.36767,9.0
PHX,2025-03-26,96.0,70.0,0.0,4.746258,139.93483,17.92668,19.847229,24.571428,10.0
PHX,2025-03-27,93.0,65.0,0.0,5.37832,261.4285,17.407598,22.62659,34.36767,14.0
PHX,2025-03-28,84.0,65.0,0.0,6.6586685,265.2714,16.398243,20.977465,34.527687,16.0
PHX,2025-03-29,82.0,63.0,0.0,6.225127,251.1346,16.787836,22.528252,32.722244,15.0
PHX,2025-03-30,84.0,60.0,0.0,5.470036,249.51643,16.633144,23.272041,39.188965,15.0
PHX,2025-03-31,82.0,63.0,0.0,6.339785,218.89404,23.30434,33.977875,48.27573,15.0
PHX,2025-04-01,75.0,63.0,0.0,11.272502,266.45163,16.03477,27.555334,47.389595,22.0
PHX,2025-04-02,68.0,56.0,0.0001,7.446759,264.1572,23.155113,36.936104,49.386135,24.0
PHX,2025-04-03,70.0,52.0,0.0,5.4729633,100.56155,19.491505,34.72368,54.263977,15.0
PHX,2025-04-04,72.0,54.0,0.0,6.0168624,325.44528,18.331928,27.100307,46.56725,16.0
PHX,2025-04-05,79.0,54.0,0.0,4.929062,310.17477,16.952238,29.032322,52.75252,18.0
PHX,2025-04-06,81.0,58.0,0.0,4.387681,137.65767,15.992185,27.4317,45.53377,10.0
PHX,2025-04-07,88.0,58.0,0.0,4.6727786,122.132065,16.633144,21.831081,32.914146,10.0
PHX,2025-04-08,94.0,63.0,0.0,4.6845493,107.57,17.278158,19.700043,22.557997,10.0
PHX,2025-04-09,98.0,64.0,0.0,4.2764287,127.27008,17.537176,19.260376,23.665834,11.0
PHX,2025-04-10,100.0,68.0,0.0,4.0906477,141.57031,17.638245,18.586775,22.225695,11.0
PHX,2025-04-11,103.0,69.0,0.0,4.3335705,112.01507,17.71793,18.70171,20.368723,11.0
PHX,2025-04-12,99.0,68.0,0.0,5.8618946,130.45712,17.70228,18.713873,21.32955,13.0
PHX,2025-04-13,94.0,69.0,0.0,4.7132716,82.014114,16.50461,17.452065,18.063227,11.0
PHX,2025-04-14,93.0,69.0,0.0,4.8950315,91.53936,17.125416,18.59347,22.057516,11.0
PHX,2025-04-15,94.0,67.0,0.0,6.5173216,281.1524,17.480074,21.766972,33.34427,15.0
PHX,2025-04-16,95.0,66.0,0.0,5.54414,172.85172,16.997553,19.688463,24.965487,17.0
PHX,2025-04-17,82.0,64.0,0.0,6.8046756,273.91248,22.057516,32.253124,52.07291,15.0
PHX,2025-04-18,79.0,53.0,0.15,8.8496065,240.45866,22.047052,40.422768,86.2867,27.0
PHX,2025-04-19,75.0,54.0,0.0,4.25342,159.61024,19.528507,47.387676,83.129265,10.0
PHX,2025-04-20,84.0,58.0,0.0,3.931408,110.59552,17.17887,27.677898,45.53377,10.0
PHX,2025-04-21,91.0,63.0,0.0,4.15625,147.50122,17.17887,22.864,36.677902,11.0
PHX,2025-04-22,95.0,64.0,0.0,5.0129404,276.38068,17.87743,20.70573,31.443624,11.0
PHX,2025-04-23,91.0,66.0,0.0,5.8820863,229.2196,17.407598,19.371109,25.11805,13.0
PHX,2025-04-24,92.0,65.0,0.0,4.2330446,58.822147,17.393744,19.189,24.965487,10.0
PHX,2025-04-25,94.0,66.0,0.0,6.48695,199.65883,17.048372,19.679087,25.11805,14.0
PHX,2025-04-26,86.0,65.0,0.0,7.106514,257.90836,16.595213,18.211048,21.76628,20.0
PHX,2025-04-27,80.0,62.0,0.0,8.356474,262.89337,15.752456,26.00623,40.928474,15.0
PHX,2025-04-28,82.0,59.0,0.0,4.1857452,278.25967,16.657804,24.367842,35.867504,11.0
PHX,2025-04-29,88.0,63.0,0.0,5.1987576,263.30792,17.309513,22.39812,33.724586,15.0
PHX,2025-04-30,91.0,64.0,0.0,4.618768,112.91403,17.480074,29.042837,36.677902,13.0
PHX,2025-05-01,94.0,68.0,0.0,4.282593,214.06746,17.612392,20.359585,28.339516,11.0
PHX,2025-05-02,94.0,71.0,0.0,5.1846714,268.29208,17.215858,19.399162,26.61523,13.0
PHX,2025-05-03,97.0,70.0,0.0,6.2913146,193.67628,17.537176,19.853281,23.900917,17.0
PHX,2025-05-04,83.0,65.0,0.0001,8.605284,198.67659,22.34878,31.068289,58.263405,20.0
PHX,2025-05-05,74.0,59.0,0.0001,7.1080475,236.18282,31.47478,45.5372,62.362633,16.0
PHX,2025-05-06,77.0,62.0,0.0,5.3058147,151.68637,38.586685,51.791897,69.81627,11.0
PHX,2025-05-07,86.0,65.0,0.0001,5.204924,179.51498,24.729052,36.112324,60.46652,12.0
PHX,2025-05-08,95.0,66.0,0.0,2.930366,261.95563,16.997553,28.759218,48.730923,10.0
PHX,2025-05-09,104.0,73.0,0.0,4.5508223,99.8338,17.92668,22.812508,34.31232,13.0
PHX,2025-05-10,103.0,78.0,0.0,8.916996,116.70314,18.408981,20.29746,23.699474,20.0
PHX,2025-05-11,104.0,77.0,0.0,5.274228,110.97224,17.615974,19.116325,20.013006,14.0
PHX,2025-05-12,101.0,80.0,0.0,8.266328,205.99721,17.234919,18.876158,21.761759,17.0
PHX,2025-05-13,90.0,75.0,0.0,9.891341,254.26328,16.27867,17.37206,18.940928,21.0
PHX,2025-05-14,84.0,66.0,0.0,6.4949055,266.16724,10.401067,17.913565,29.661081,15.0
PHX,2025-05-15,89.0,65.0,0.0,3.9507313,250.84679,7.148747,13.071986,28.029179,13.0
PHX,2025-05-16,94.0,67.0,0.0,4.5362754,82.2343,7.259782,13.226547,22.227322,11.0
PHX,2025-05-17,95.0,70.0,0.0,7.2979064,218.96683,7.175673,15.270679,24.735464,17.0
PHX,2025-05-18,86.0,67.0,0.0,7.996148,267.28616,12.028457,23.733704,37.173874,20.0
PHX,2025-05-19,94.0,70.0,0.0,8.188806,281.31226,6.1110625,15.461986,31.017788,19.0
PHX,2025-05-20,99.0,70.0,0.0,4.9978104,312.7725,6.418685,10.531086,19.1117,12.0
PHX,2025-05-21,102.0,71.0,0.0,4.6546245,134.00916,5.0843,10.467233,21.921553,13.0
PHX,2025-05-22,106.0,74.0,0.0,5.456618,224.50777,4.508834,10.135898,19.03248,15.0
PHX,2025-05-23,103.0,74.0,0.0,5.4261446,138.97093,5.2193904,9.690178,19.82164,11.0
PHX,2025-05-24,100.0,75.0,0.0,5.5832086,205.41989,6.0400147,10.88235,17.673265,11.0
PHX,2025-05-25,98.0,73.0,0.0,4.6797714,253.90163,6.4601617,13.292159,22.217764,13.0
PHX,2025-05-26,100.0,73.0,0.0,6.572969,267.2148,6.575333,12.754913,23.12614,13.0
PHX,2025-05-27,101.0,75.0,0.0,5.259899,269.86658,5.378835,10.36465,20.639671,11.0
PHX,2025-05-28,103.0,74.0,0.0,5.9118495,275.31308,5.6865277,10.765885,21.487482,13.0
PHX,2025-05-29,101.0,79.0,0.0,5.8523335,265.94223,7.152443,11.447563,18.219374,16.0
PHX,2025-05-30,104.0,73.0,0.0,5.9861517,243.68936,6.8138075,13.715113,26.051744,13.0
PHX,2025-05-31,102.0,82.0,0.0,6.906454,266.54492,10.239057,16.211843,23.55447,14.0
PHX,2025-06-01,91.0,69.0,0.24,6.8825946,211.55177,18.85844,46.37202,87.15519,21.0
PHX,2025-06-02,89.0,67.0,0.07,4.4835005,297.5148,32.67752,69.24607,96.599815,10.0
PHX,2025-06-03,97.0,78.0,0.0,5.0421777,281.77798,25.83212,36.643394,53.9996,16.0
PHX,2025-06-04,95.0,75.0,0.14,6.0800304,292.80313,18.68412,44.84017,66.55171,15.0
PHX,2025-06-05,101.0,78.0,0.0,4.5693107,273.6239,10.99379,21.958189,40.574387,11.0
PHX,2025-06-06,104.0,80.0,0.0,5.7212033,283.20413,11.313252,17.870237,30.40686,11.0
PHX,2025-06-07,104.0,80.0,0.0,5.025399,282.1042,6.0077543,11.104298,17.2056,12.0
PHX,2025-06-08,107.0,79.0,0.0,5.4120603,270.16785,5.356376,11.355752,25.80878,13.0
PHX,2025-06-09,109.0,80.0,0.0,6.12,260.35,5.3164797,11.25999,22.367622,14.0
PHX,2025-06-10,108.0,81.0,0.0,6.4049706,273.92886,5.6359887,11.128837,18.176996,17.0
PHX,2025-06-11,108.0,83.0,0.0,7.372093,277.64587,8.463042,14.808871,25.585533,15.0
PHX,2025-06-12,108.0,84.0,0.0,6.7096515,281.19052,8.102623,13.702992,24.778967,18.0
PHX,2025-06-13,108.0,82.0,0.0,5.9485292,248.61212,8.905621,14.7942,24.327784,14.0
PHX,2025-06-14,110.0,82.0,0.0,4.1028776,306.72812,7.0123916,12.344892,23.405699,11.0
PHX,2025-06-15,114.0,81.0,0.0,4.8662667,266.21585,2.9991186,9.865617,21.94433,14.0
PHX,2025-06-16,114.0,83.0,0.0,5.8005977,271.3579,3.8880937,9.91866,18.906454,16.0
PHX,2025-06-17,110.0,86.0,0.0,5.908364,261.4277,6.0227575,12.550252,23.25068,14.0
PHX,2025-06-18,114.0,83.0,0.0,4.6991215,251.08035,4.4213033,10.257352,19.801643,13.0
PHX,2025-06-19,117.0,85.0,0.0,6.023184,241.28557,3.7787309,9.310953,19.941761,17.0
PHX,2025-06-20,110.0,84.0,0.0,5.6033306,231.4548,5.8505893,10.879183,16.924015,17.0
PHX,2025-06-21,106.0,82.0,0.0,8.215764,198.46867,9.441877,13.719794,21.29673,18.0
PHX,2025-06-22,99.0,79.0,0.0,6.219644,265.33347,11.39264,16.07362,20.678612,15.0
PHX,2025-06-23,104.0,80.0,0.0,7.0050592,192.90767,7.4877086,15.173513,20.965342,18.0
PHX,2025-06-24,105.0,81.0,0.0,5.7352266,246.37901,6.2268443,12.2581005,24.628551,15.0
PHX,2025-06-25,103.0,79.0,0.0,4.286963,277.65152,3.7282557,7.6699443,15.12189,13.0
PHX,2025-06-26,105.0,81.0,0.0,4.7534447,287.1297,7.351787,10.566224,16.268179,12.0
PHX,2025-06-27,107.0,82.0,0.0,5.325426,282.6462,9.188098,14.26115,20.821915,14.0
PHX,2025-06-28,109.0,87.0,0.0,6.7221336,277.18988,10.853796,17.709642,28.061451,15.0
PHX,2025-06-29,114.0,87.0,0.0,7.121069,272.61612,8.690929,12.51828,18.449009,18.0
PHX,2025-06-30,116.0,90.0,0.0,6.0338345,260.17496,7.894404,13.200204,22.116716,16.0
PHX,2025-07-01,112.0,93.0,0.0,9.785825,130.25626,12.87953,20.067451,24.135782,20.0
PHX,2025-07-02,109.0,78.0,0.16,7.528536,161.21774,15.975123,36.390842,84.67083,25.0
PHX,2025-07-03,102.0,78.0,0.0,4.819191,146.2317,23.273668,39.306023,76.58117,20.0
PHX,2025-07-04,103.0,82.0,0.0,5.6234245,211.56673,21.775217,33.464123,51.310177,11.0
PHX,2025-07-05,107.0,86.0,0.0,6.1208878,280.1212,11.962229,25.968628,43.34042,14.0
PHX,2025-07-06,110.0,86.0,0.0,4.3515334,274.85266,12.291551,19.727324,33.727646,13.0
PHX,2025-07-07,111.0,91.0,0.0,7.297561,268.16638,13.488118,21.78807,30.842247,16.0
PHX,2025-07-08,112.0,92.0,0.0,8.818527,280.47482,14.529742,21.815186,29.897646,17.0
PHX,2025-07-09,118.0,93.0,0.0,5.965283,269.77066,9.875095,16.701918,25.193295,18.0
PHX,2025-07-10,113.0,95.0,0.0,8.885221,272.4444,12.735442,18.00154,29.906937,17.0
PHX,2025-07-11,111.0,90.0,0.0,7.955665,273.51938,13.258543,27.296576,39.589157,18.0
PHX,2025-07-12,108.0,88.0,0.0,5.8464975,289.45096,13.650324,24.07774,35.13242,14.0
PHX,2025-07-13,108.0,90.0,0.0,6.375465,286.35944,12.6547575,19.386995,29.587852,16.0
PHX,2025-07-14,107.0,90.0,0.0,7.2590404,288.18427,14.741636,20.649208,28.677938,14.0
PHX,2025-07-15,107.0,86.0,0.0,8.399529,267.59064,19.600498,32.46974,48.295662,18.0
PHX,2025-07-16,97.0,83.0,0.0,9.28451,157.45096,33.61831,42.873363,51.16348,19.0
PHX,2025-07-17,101.0,80.0,0.0,5.7821403,273.54782,26.087866,37.80871,60.435455,12.0
PHX,2025-07-18,108.0,88.0,0.0,6.2811093,275.26508,16.069098,26.359957,40.532368,14.0
PHX,2025-07-19,107.0,87.0,0.0,5.9217834,267.6728,11.401898,17.93899,33.305424,14.0
PHX,2025-07-20,97.0,90.0,0.0001,4.95585,285.36472,15.040783,17.698895,21.582077,16.0
PHX,2025-07-21,104.0,85.0,0.0001,6.6216006,144.94057,15.568474,25.904528,43.495422,20.0
PHX,2025-07-22,102.0,84.0,0.0001,7.069042,169.04953,22.550028,36.933235,49.550587,14.0
PHX,2025-07-23,104.0,85.0,0.0,5.7759523,221.63133,7.801114,20.791765,41.834915,13.0
PHX,2025-07-24,106.0,80.0,0.0,4.152941,260.45486,6.574944,11.95219,27.134813,13.0
PHX,2025-07-25,109.0,80.0,0.0,5.6821938,249.9719,5.8914022,9.384021,20.678612,16.0
PHX,2025-07-26,107.0,81.0,0.0,4.171283,286.76035,5.8178096,9.735869,20.018555,12.0
PHX,2025-07-27,110.0,82.0,0.0,4.0645614,16.12548,7.4698753,11.937581,20.821915,11.0
PHX,2025-07-28,113.0,86.0,0.0,5.568991,276.50616,6.653215,12.111494,22.235376,13.0
PHX,2025-07-29,110.0,88.0,0.0,5.530182,236.90804,9.378504,15.533659,26.951694,13.0
PHX,2025-07-30,111.0,87.0,0.0,5.613293,293.16693,10.240914,15.752926,22.526762,17.0
PHX,2025-07-31,111.0,88.0,0.0001,5.1265635,240.0232,14.117701,22.445227,34.04306,13.0
PHX,2025-08-01,113.0,92.0,0.0,6.756361,212.81021,13.650324,22.818888,35.76232,13.0
PHX,2025-08-02,114.0,90.0,0.0,5.996154,258.09985,5.2158413,12.233894,25.83212,17.0
PHX,2025-08-03,112.0,84.0,0.0,4.917404,271.43594,5.995962,12.297329,22.526762,11.0
PHX,2025-08-04,112.0,87.0,0.0,5.6387863,282.75397,9.949334,16.642197,22.9644,11.0
PHX,2025-08-05,114.0,90.0,0.0,4.8972898,275.6995,10.048032,16.005096,29.587852,13.0
PHX,2025-08-06,116.0,91.0,0.0,5.7039766,282.4583,10.746669,16.455925,24.89512,15.0
PHX,2025-08-07,118.0,94.0,0.0,5.865274,280.19232,7.627544,11.408428,18.252668,16.0
PHX,2025-08-08,114.0,92.0,0.0,6.789747,272.074,9.959483,17.782717,34.39726,16.0
PHX,2025-08-09,110.0,92.0,0.0,8.577812,279.76852,15.395664,25.658533,37.049294,17.0
PHX,2025-08-10,108.0,91.0,0.0001,7.990476,265.68277,19.600498,29.605326,37.049294,20.0
PHX,2025-08-11,112.0,92.0,0.0,7.6239805,267.82907,13.105616,23.148287,33.305424,17.0
PHX,2025-08-12,112.0,91.0,0.0,6.641836,275.9455,12.87953,23.690493,35.605183,16.0
PHX,2025-08-13,109.0,90.0,0.0001,6.8671384,256.04135,15.395664,23.2268,31.153353,19.0
PHX,2025-08-14,109.0,86.0,0.0,6.4581094,139.06816,17.569723,28.129175,41.834915,17.0
PHX,2025-08-15,104.0,76.0,0.0001,7.946319,143.73451,22.87069,42.120636,76.405556,16.0
PHX,2025-08-16,106.0,84.0,0.0,6.5246143,197.38083,15.195759,31.559666,49.401398,13.0
PHX,2025-08-17,105.0,84.0,0.0,3.8098996,294.63394,11.636098,16.938385,25.737396,10.0
PHX,2025-08-18,107.0,85.0,0.0,6.2991953,273.32715,8.719425,15.4116125,26.881529,15.0
PHX,2025-08-19,108.0,87.0,0.0,4.7658362,266.20465,11.616128,18.766563,27.187746,13.0
PHX,2025-08-20,112.0,89.0,0.0,3.6230102,135.58434,14.117701,19.76713,29.432804,15.0
PHX,2025-08-21,114.0,89.0,0.04,6.1035547,134.75749,15.764808,29.06046,51.89259,30.0
PHX,2025-08-22,112.0,89.0,0.0001,4.5323052,115.08503,15.641502,28.413233,50.143093,11.0
PHX,2025-08-23,110.0,92.0,0.0,5.4108696,270.14105,18.357105,27.826859,39.90157,13.0
PHX,2025-08-24,111.0,92.0,0.0,5.5278196,269.62146,19.035677,29.792866,41.156914,18.0
PHX,2025-08-25,103.0,76.0,0.29,8.552036,283.59354,23.014254,53.805813,90.45971,37.0
PHX,2025-08-26,97.0,78.0,0.0001,4.037994,195.50508,29.446754,53.908665,76.58117,23.0
PHX,2025-08-27,102.0,79.0,0.0,3.9558718,253.29904,19.363726,40.999825,71.53616,10.0
PHX,2025-08-28,105.0,88.0,0.0,5.26346,279.30582,16.551865,28.005318,42.14675,12.0
PHX,2025-08-29,102.0,81.0,0.01,7.2983255,265.32675,22.583769,38.157627,58.371758,14.0
PHX,2025-08-30,107.0,85.0,0.0,4.260965,267.95306,13.702699,23.380562,37.43171,14.0
PHX,2025-08-31,109.0,84.0,0.0,5.3125916,172.5894,11.723788,20.127249,29.7495,19.0
PHX,2025-09-01,107.0,88.0,0.0001,7.0636735,121.27601,19.464968,26.739006,40.688976,32.0
PHX,2025-09-02,109.0,86.0,0.0,7.566351,127.32598,15.975123,31.222118,49.69935,17.0
PHX,2025-09-03,106.0,78.0,0.03,4.955329,211.89394,17.961552,37.648987,66.66811,26.0
PHX,2025-09-04,97.0,75.0,0.15,5.031019,216.56645,29.446754,57.67658,84.4888,15.0
PHX,2025-09-05,97.0,81.0,0.0,5.4729342,270.14023,30.515934,46.501747,67.01446,11.0
PHX,2025-09-06,100.0,84.0,0.0,6.424589,270.22125,25.789696,41.296898,54.994118,12.0
PHX,2025-09-07,102.0,83.0,0.0,5.543809,259.0128,23.418581,42.007504,59.040016,11.0
PHX,2025-09-08,105.0,88.0,0.0,5.286134,273.37778,19.194378,34.47554,48.594692,11.0
PHX,2025-09-09,106.0,86.0,0.0,4.8368382,249.46103,19.910316,28.090298,44.73916,12.0
PHX,2025-09-10,108.0,86.0,0.0,6.4037366,200.88948,16.935194,25.790451,34.81615,16.0
PHX,2025-09-11,104.0,82.0,0.0,6.4157305,198.3499,24.426794,30.568604,39.275574,15.0
PHX,2025-09-12,102.0,82.0,0.0,5.078327,232.37152,10.573265,24.82745,41.049538,16.0
PHX,2025-09-13,97.0,76.0,0.0,4.6640515,79.558395,12.391331,17.017471,26.516108,11.0
PHX,2025-09-14,101.0,76.0,0.0,4.852984,131.50258,10.141483,16.845114,27.409496,11.0
PHX,2025-09-15,105.0,77.0,0.0,3.817012,270.69418,10.653795,18.637478,28.65152,13.0
PHX,2025-09-16,105.0,82.0,0.0,4.6773257,254.84581,17.180515,24.791162,34.340145,11.0
PHX,2025-09-17,101.0,86.0,0.0,4.479773,168.41878,22.583769,34.031376,48.145535,13.0
PHX,2025-09-18,101.0,77.0,0.22,5.3581767,61.3644,27.035086,45.91637,69.57936,15.0
PHX,2025-09-19,98.0,79.0,0.01,6.5483127,74.01579,30.515934,48.22477,66.89948,15.0
PHX,2025-09-20,102.0,81.0,0.0,5.040201,73.55151,26.087866,37.7583,54.428608,11.0
PHX,2025-09-21,99.0,82.0,0.0001,4.5931964,153.11674,22.125322,36.990715,58.506363,14.0
PHX,2025-09-22,92.0,80.0,0.0,7.217262,341.46497,36.734886,45.627815,56.50854,19.0
PHX,2025-09-23,101.0,79.0,0.0,3.8246615,318.75995,23.273668,36.52765,58.101105,10.0
PHX,2025-09-24,107.0,81.0,0.0,2.9499638,48.019085,11.769376,23.945442,44.429985,14.0
PHX,2025-09-25,107.0,84.0,0.0,6.573304,183.0651,16.447178,24.202002,39.118343,17.0
PHX,2025-09-26,89.0,67.0,1.64,10.245888,108.56448,41.834915,71.59194,93.3292,32.0
PHX,2025-09-27,87.0,69.0,0.21,5.3274336,91.54388,41.364677,69.68475,81.43745,33.0
PHX,2025-09-28,89.0,72.0,0.0,4.3048697,86.65293,34.81615,55.90334,76.04932,10.0
PHX,2025-09-29,94.0,72.0,0.0,2.1739745,221.88687,27.493788,47.22017,70.912,8.0
PHX,2025-09-30,97.0,75.0,0.0,3.964413,125.51012,22.153952,37.427193,55.8111,10.0
PHX,2025-10-01,97.0,75.0,0.0,3.0927246,94.53212,19.54431,35.234547,53.711258,8.0
PHX,2025-10-02,102.0,76.0,0.0,3.8387785,123.48959,15.568474,30.338501,50.124283,11.0
PHX,2025-10-03,102.0,77.0,0.0,5.921133,204.2622,14.664592,25.998665,43.807198,16.0
PHX,2025-10-04,88.0,72.0,0.0,6.3209376,272.4171,11.283551,21.69092,30.619059,17.0
PHX,2025-10-05,89.0,67.0,0.0,3.249824,123.32891,12.88392,23.456036,37.499264,8.0
PHX,2025-10-06,94.0,66.0,0.0,2.7105074,112.854546,9.0591,22.524899,38.482346,9.0
PHX,2025-10-07,99.0,67.0,0.0,2.6768034,121.184944,9.067765,21.891853,39.45447,9.0
PHX,2025-10-08,102.0,73.0,0.0,4.068132,104.45017,12.844492,21.651876,29.300076,9.0
PHX,2025-10-09,92.0,74.0,0.1,6.32284,105.85325,30.062294,53.906723,81.65243,15.0
PHX,2025-10-10,93.0,72.0,0.26,7.2110023,325.56393,35.919235,62.737213,90.30272,19.0
PHX,2025-10-11,82.0,69.0,0.7,4.5255475,91.34491,55.95154,80.51605,93.41222,23.0
PHX,2025-10-12,80.0,69.0,1.97,5.0718307,121.756195,62.436752,89.524284,96.6429,19.0
PHX,2025-10-13,83.0,69.0,0.23,5.8048434,135.11942,41.92964,73.73889,93.3847,33.0
PHX,2025-10-14,85.0,68.0,0.0,7.7013574,209.83621,26.728361,48.580727,81.14572,16.0
PHX,2025-10-15,79.0,66.0,0.0,5.055949,287.56122,31.096308,46.682575,58.69762,13.0
PHX,2025-10-16,81.0,61.0,0.0,3.4540272,248.12483,24.826214,41.982994,67.07663,8.0
PHX,2025-10-17,83.0,61.0,0.0,3.361386,153.83418,18.35641,41.026615,69.61271,9.0
PHX,2025-10-18,86.0,62.0,0.0,3.6939776,134.14366,18.906454,38.864635,62.37747,9.0
PHX,2025-10-19,90.0,64.0,0.0,3.1399,124.188675,18.449009,38.78503,67.54545,9.0
PHX,2025-10-20,89.0,63.0,0.0,2.8434415,119.58334,15.391903,37.50058,58.284637,8.0
PHX,2025-10-21,90.0,65.0,0.0,3.508014,134.50893,16.524857,36.268406,54.525536,10.0
PHX,2025-10-22,92.0,72.0,0.0001,3.6630747,141.29587,20.503666,38.251457,55.244556,13.0
PHX,2025-10-23,84.0,64.0,0.0,3.7362483,120.00651,18.768667,39.448483,63.274464,10.0
PHX,2025-10-24,85.0,63.0,0.0,3.84,123.89265,21.798943,35.062397,51.94166,9.0
PHX,2025-10-25,88.0,63.0,0.0,3.9356194,115.93184,19.04442,37.64676,58.006786,9.0
PHX,2025-10-26,90.0,62.0,0.0,4.5582867,125.02046,16.655062,34.183384,58.006786,9.0
PHX,2025-10-27,90.0,63.0,0.0,4.16608,114.73298,14.092928,31.287554,46.32853,10.0
PHX,2025-10-28,92.0,64.0,0.0,4.9774547,62.232635,10.401067,25.215122,48.60222,14.0
PHX,2025-10-29,91.0,63.0,0.0,5.6347213,77.50497,11.028371,17.912678,29.180527,19.0
PHX,2025-10-30,90.0,65.0,0.0,3.206272,95.66385,11.983547,23.700268,34.86677,10.0
PHX,2025-10-31,88.0,64.0,0.0,3.7363636,122.59788,14.545818,29.743404,42.890614,9.0
PHX,2025-11-01,88.0,62.0,0.0,3.1652806,107.94094,14.545818,30.501669,44.420464,8.0
PHX,2025-11-02,91.0,61.0,0.0,3.493352,131.5553,13.655946,30.177914,51.48858,9.0
PHX,2025-11-03,89.0,63.0,0.0,3.1582985,114.37874,13.655946,29.327702,43.531956,9.0
PHX,2025-11-04,91.0,62.0,0.0,4.3482833,108.03133,12.597253,28.194414,46.17044,9.0
PHX,2025-11-05,88.0,61.0,0.0,3.3883016,110.88666,11.39264,24.20757,37.82819,10.0
PHX,2025-11-06,87.0,61.0,0.0,3.8709002,122.04213,16.006521,28.146793,40.932613,8.0
PHX,2025-11-07,85.0,60.0,0.0,3.2457983,112.09994,17.472546,31.513754,44.26021,9.0
PHX,2025-11-08,86.0,61.0,0.0,3.0885634,121.08491,17.472546,32.126053,47.824596,7.0
PHX,2025-11-09,90.0,61.0,0.0,4.323851,90.92931,13.117137,28.292313,49.853954,13.0
PHX,2025-11-10,88.0,66.0,0.0,4.2824144,87.926476,12.36865,19.803806,28.506414,18.0
PHX,2025-11-11,88.0,63.0,0.0,2.453147,121.66098,12.88392,26.280445,37.992176,9.0
PHX,2025-11-12,86.0,61.0,0.0,2.7825773,127.43774,16.792362,29.016127,39.516834,9.0
PHX,2025-11-13,88.0,64.0,0.0,3.3708887,130.75845,12.767828,28.0935,38.807617,10.0
PHX,2025-11-14,89.0,61.0,0.0,3.1512196,119.94224,13.971898,29.464039,46.011925,9.0
PHX,2025-11-15,83.0,61.0,0.0001,6.2253523,126.3852,24.826214,38.40735,57.13856,11.0
PHX,2025-11-16,76.0,63.0,0.0001,5.8307347,247.2929,33.06187,53.293022,83.79669,15.0
PHX,2025-11-17,76.0,56.0,0.05,3.580668,122.819016,32.90122,51.37918,83.73179,11.0
PHX,2025-11-18,73.0,60.0,0.07,6.803571,132.26985,52.982197,73.94006,89.8106,15.0
PHX,2025-11-19,66.0,55.0,0.17,4.42837,106.38181,59.540054,75.02691,93.10081,19.0
PHX,2025-11-20,66.0,54.0,0.08,3.7706294,228.47464,44.58032,76.68383,89.59571,10.0
PHX,2025-11-21,66.0,53.0,0.0,5.9735193,94.07038,41.257725,58.0051,80.07688,13.0
PHX,2025-11-22,72.0,55.0,0.41,3.7862704,126.83034,35.028893,70.38522,93.696724,14.0
PHX,2025-11-23,65.0,56.0,0.01,3.2130344,148.50797,58.145966,83.225815,93.01244,8.0
PHX,2025-11-24,69.0,52.0,0.0,2.0376832,180.1423,50.61665,74.90741,92.95269,9.0
PHX,2025-11-25,73.0,52.0,0.0,2.7463415,132.79417,38.146652,67.41267,89.552,8.0
PHX,2025-11-26,75.0,52.0,0.0,1.9131652,87.77848,29.300076,57.899673,86.17594,9.0
PHX,2025-11-27,78.0,52.0,0.0,2.655749,99.133934,25.348782,49.329002,74.26172,9.0
PHX,2025-11-28,77.0,53.0,0.0,2.444522,125.41141,28.494303,53.654507,74.35989,7.0
PHX,2025-11-29,74.0,52.0,0.0,3.1108015,105.48272,31.659689,57.95355,79.91786,8.0
PHX,2025-11-30,74.0,52.0,0.0,3.4590623,124.66314,30.140621,54.711205,76.94182,7.0
PHX,2025-12-01,71.0,52.0,0.0,2.7164073,86.042175,31.017788,52.299362,77.03163,9.0
PHX,2025-12-02,71.0,48.0,0.0,3.4188154,131.56519,24.1224,42.07752,73.763695,9.0
PHX,2025-12-03,68.0,47.0,0.0,4.9648137,108.662155,31.60962,52.37458,73.66264,11.0
PHX,2025-12-04,66.0,47.0,0.0,4.314003,45.83083,20.888016,38.627285,58.42498,10.0
PHX,2025-12-05,67.0,45.0,0.0,2.3254356,163.5512,23.969202,43.79482,62.69369,8.0
PHX,2025-12-06,69.0,45.0,0.0,3.2461538,126.25696,27.076136,48.331223,65.496086,8.0
PHX,2025-12-07,72.0,46.0,0.0,2.936541,119.1129,24.735464,48.99512,70.73556,7.0
PHX,2025-12-08,73.0,48.0,0.0,3.2196653,131.81975,22.676403,45.13812,65.868706,8.0
PHX,2025-12-09,77.0,48.0,0.0,2.448951,103.79789,16.410349,40.15124,63.219704,9.0
PHX,2025-12-10,76.0,48.0,0.0,2.896426,109.04652,22.217764,42.92862,63.089016,7.0
PHX,2025-12-11,79.0,52.0,0.0,3.2090592,96.58242,22.81118,45.290062,63.479473,8.0
PHX,2025-12-12,78.0,53.0,0.0,3.5952547,113.95503,25.348782,49.015263,66.59968,8.0
PHX,2025-12-13,79.0,53.0,0.0,3.2064157,111.92496,23.726612,47.78315,66.358116,8.0
PHX,2025-12-14,82.0,51.0,0.0,3.6370106,94.6683,15.620494,40.179153,66.11446,12.0
PHX,2025-12-15,81.0,53.0,0.0,1.6715481,270.9821,15.49236,35.49627,56.731068,8.0
PHX,2025-12-16,77.0,52.0,0.0,2.4611616,115.58185,19.172852,38.516624,54.699963,9.0
PHX,2025-12-17,76.0,52.0,0.0,3.2517433,117.89283,23.276178,45.96055,63.608555,9.0
PHX,2025-12-18,76.0,50.0,0.0,3.1018841,107.67546,22.514318,47.720516,63.349857,9.0
PHX,2025-12-19,78.0,53.0,0.0,3.8084319,106.68477,21.073538,42.34712,59.26445,10.0
PHX,2025-12-20,76.0,51.0,0.0,3.5310104,106.588875,21.487482,41.875416,61.05199,9.0
PHX,2025-12-21,81.0,52.0,0.0,2.8794425,112.363655,20.392395,40.028763,58.70693,8.0
PHX,2025-12-22,83.0,54.0,0.0,3.3568928,106.25321,21.508461,39.223877,54.99441,9.0
PHX,2025-12-23,80.0,56.0,0.0001,4.6857343,125.05072,19.594984,37.856148,54.847443,10.0
PHX,2025-12-24,69.0,63.0,0.0001,5.9909406,112.68684,53.941566,61.159847,70.27102,11.0
PHX,2025-12-25,74.0,62.0,0.03,4.927273,95.23291,53.128952,71.249504,89.8949,9.0
PHX,2025-12-26,74.0,57.0,0.0,4.102797,130.5284,51.06875,67.863266,89.68238,11.0
PHX,2025-12-27,71.0,56.0,0.0,4.922143,268.32074,39.29322,56.236935,75.03416,13.0
PHX,2025-12-28,68.0,48.0,0.0,3.3757873,271.3436,33.05262,51.59467,73.763695,9.0
PHX,2025-12-29,76.0,51.0,0.0,6.3952255,76.09102,16.016087,28.8981,52.295063,18.0
PHX,2025-12-30,73.0,60.0,0.0,7.1431355,76.50839,17.173195,25.593075,30.797049,17.0
PHX,2025-12-31,67.0,55.0,0.0001,4.286316,103.35077,23.509848,31.196194,51.640083,11.0
PHX,2026-01-01,66.0,58.0,0.03,3.910393,88.42234,64.49735,77.819145,86.62292,11.296691
PHX,2026-01-02,74.0,57.0,0.0,2.6069288,111.83078,54.9584,75.192665,89.7681,6.95181
PHX,2026-01-03,70.0,53.0,0.0,2.2593381,87.48827,47.11265,66.50707,89.552,8.689762
PHX,2026-01-04,73.0,53.0,0.0,3.1283145,121.4998,40.973583,61.773342,86.23288,7.820786
PHX,2026-01-05,70.0,54.0,0.0,3.9972906,128.94788,43.69134,60.18054,74.26172,7.820786
PHX,2026-01-06,70.0,49.0,0.0,2.8676217,114.55024,37.499264,57.54163,76.94182,8.689762
PHX,2026-01-07,60.0,54.0,0.04,5.7352433,142.09433,59.540054,71.88398,89.59571,13.90362
PHX,2026-01-08,63.0,47.0,0.11,8.342172,262.66602,38.696114,65.39163,86.23288,20.85543
PHX,2026-01-09,60.0,42.0,0.0,5.12696,309.017,17.288023,41.6298,64.86428,10.427715
PHX,2026-01-10,65.0,39.0,0.0,7.0387077,65.14799,15.114736,28.45934,67.16476,18.2485
PHX,2026-01-11,71.0,53.0,0.0,,61.471863,9.593569,18.109884,24.863451,
PHX,2026-01-12,72.0,54.0,0.0,10.427715,73.8403,14.352209,20.401087,28.538372,19.986454
PHX,2026-01-13,77.0,49.0,0.0,2.9545193,60.59337,14.3696995,28.364302,44.89055,7.820786
PHX,2026-01-14,81.0,48.0,0.0,5.4745502,93.01444,14.269858,35.48524,60.643997,17.379524
PHX,2026-01-15,79.0,57.0,0.0,3.910393,96.18988,15.877707,27.340158,45.373657,13.90362
PHX,2026-01-16,78.0,50.0,0.0,3.3890073,112.36558,12.020269,36.134113,63.219704,8.689762
PHX,2026-01-17,76.0,46.0,0.0,3.1283145,102.20431,11.62683,30.820593,56.00413,7.820786
PHX,2026-01-18,78.0,47.0,0.0,2.5200312,138.92328,11.514811,27.444239,51.371613,8.689762
PHX,2026-01-19,75.0,48.0,0.0,3.3021097,114.85943,16.562792,32.034832,51.52677,6.95181
PHX,2026-01-20,77.0,48.0,0.0,2.780724,114.63641,13.779136,29.98104,53.804337,12.165668
PHX,2026-01-21,71.0,50.0,0.0,3.9972906,124.92755,18.333376,32.586987,46.07494,12.165668
PHX,2026-01-22,75.0,52.0,0.0001,2.9545193,116.48442,14.603463,33.48381,55.721653,8.689762
PHX,2026-01-23,74.0,58.0,0.0,5.12696,135.94983,27.391716,42.7214,57.58618,13.90362
PHX,2026-01-24,70.0,51.0,0.0,5.561448,296.27225,31.60962,49.759804,71.38913,15.641572
PHX,2026-01-25,66.0,45.0,0.0,4.171086,274.28806,13.483077,32.814083,58.140892,8.689762
PHX,2026-01-26,69.0,44.0,0.0,5.6483455,77.40087,9.719147,24.788658,46.85049,15.641572
PHX,2026-01-27,73.0,46.0,0.0,3.475905,94.95377,10.702193,22.959135,38.61837,12.165668
PHX,2026-01-28,74.0,50.0,0.0,3.6497002,162.91487,13.997779,24.364027,37.533897,11.296691
PHX,2026-01-29,75.0,49.0,0.0,2.5200312,174.99121,9.373228,27.026445,47.81697,8.689762
PHX,2026-01-30,77.0,47.0,0.0,2.8676217,346.98483,9.881734,22.365505,43.7487,8.689762
PHX,2026-01-31,81.0,52.0,0.0,5.0400624,77.81396,10.531028,19.388367,33.27974,15.641572
PHX,2026-02-01,85.0,52.0,0.0,5.0400624,92.1606,12.42167,21.286562,32.574234,14.772596
PHX,2026-02-02,80.0,57.0,0.0,3.7365978,130.36163,14.744442,24.924122,35.696148,13.034643
PHX,2026-02-03,82.0,53.0,0.0,2.780724,135.92783,9.550473,25.821617,44.89055,7.820786
PHX,2026-02-04,85.0,54.0,0.0,8.255275,85.56303,7.531223,16.453533,28.916733,19.986454
PHX,2026-02-05,79.0,58.0,0.0,7.212503,97.54571,12.480484,18.380596,25.064285,13.034643
PHX,2026-02-06,84.0,59.0,0.0,3.7365978,123.61276,14.641207,22.207558,32.564144,8.689762
PHX,2026-02-07,83.0,57.0,0.0,3.1283145,118.95227,19.73602,28.942202,43.452957,8.689762
PHX,2026-02-08,86.0,56.0,0.0,2.780724,254.8583,12.767828,27.619421,47.35272,8.689762
PHX,2026-02-09,85.0,55.0,0.0,3.3890073,85.95383,13.49098,23.926468,34.44007,11.296691
PHX,2026-02-10,80.0,58.0,0.0,4.7793694,93.98488,16.806894,27.10949,38.860893,10.427715
PHX,2026-02-11,80.0,60.0,0.0,4.5186763,58.557224,27.409496,35.271114,43.051517,13.034643
PHX,2026-02-12,81.0,56.0,0.0,2.3462358,99.092705,17.231422,33.972584,54.99441,8.689762
PHX,2026-02-13,70.0,59.0,0.0001,7.4731956,119.68857,26.315792,42.074776,64.37195,19.117477
PHX,2026-02-14,74.0,51.0,0.0,3.6497002,100.74456,25.742067,51.286953,82.994934,7.820786
PHX,2026-02-15,78.0,52.0,0.0,5.6483455,125.63811,21.780483,39.23346,61.32131,13.90362
PHX,2026-02-16,77.0,57.0,0.0,9.819431,169.05154,22.662712,37.223316,49.07974,21.724405
PHX,2026-02-17,70.0,54.0,0.08,6.6042194,235.67361,29.501005,50.66901,89.63917,
PHX,2026-02-18,68.0,52.0,0.0001,8.689762,236.73605,35.425713,50.33181,65.991844,21.724405
PHX,2026-02-19,66.0,45.0,0.0,3.8234954,251.72533,19.884527,41.625874,70.84575,12.165668
PHX,2026-02-20,64.0,52.0,0.0,7.820786,263.5141,17.087992,33.573822,57.018177,18.2485
PHX,2026-02-21,73.0,43.0,0.0,4.344881,84.26735,11.070714,29.195309,55.263992,15.641572
PHX,2026-02-22,81.0,53.0,0.0,6.8649125,77.73499,10.192063,19.780582,38.19988,18.2485
PHX,2026-02-23,85.0,57.0,0.0,4.2579837,97.53951,8.577648,18.839478,32.904213,15.641572
PHX,2026-02-24,84.0,56.0,0.0,4.344881,147.48575,11.803513,24.155273,43.290318,13.034643
PHX,2026-02-25,88.0,59.0,0.0,4.344881,118.6003,15.140526,25.723396,38.860893,12.165668
PHX,2026-02-26,88.0,61.0,0.0,3.8234954,124.27752,18.585302,30.686255,44.26021,8.689762
PHX,2026-02-27,92.0,62.0,0.0,3.3890073,99.72492,15.391903,29.448544,51.79111,11.296691
PHX,2026-02-28,92.0,64.0,0.0,4.0841885,123.26632,13.234255,26.757671,42.890614,10.427715
PHX,2026-03-01,93.0,63.0,0.0,5.0400624,123.61491,10.365392,23.706453,39.68001,11.296691
PHX,2026-03-02,93.0,64.0,0.0,7.0387077,189.62587,8.868476,20.438984,34.216026,17.379524
PHX,2026-03-03,86.0,61.0,0.0,3.9972906,258.01212,11.649267,20.213453,30.050669,12.165668
PHX,2026-03-04,85.0,60.0,0.0,4.3365855,158.46292,10.991089,19.67372,32.074013,8.689762
PHX,2026-03-05,81.0,58.0,0.0,10.427715,283.17,6.911572,19.174377,33.06891,24.331335
PHX,2026-03-06,73.0,53.0,0.0,6.6042194,265.71988,9.798849,17.22742,29.489576,15.641572
PHX,2026-03-07,82.0,54.0,0.0,4.7793694,82.49847,7.016722,15.521454,27.411354,18.2485
PHX,2026-03-08,89.0,56.0,0.0,3.910393,0.7689005,10.824028,16.985422,28.055819,17.379524
PHX,2026-03-09,81.0,62.0,0.05,6.430424,275.17914,24.674377,38.941284,62.764957,27.80724
PHX,2026-03-10,77.0,57.0,0.0,5.2138577,235.75735,31.979713,55.404877,89.68238,13.90362
PHX,2026-03-11,84.0,58.0,0.0,3.3890073,283.73505,23.55447,45.88635,69.50127,11.296691
PHX,2026-03-12,92.0,61.0,0.0,2.9545193,303.232,8.504001,24.758146,53.79435,11.296691
PHX,2026-03-13,93.0,63.0,0.0,3.5628026,135.0463,7.5754185,17.293196,29.889025,11.296691
PHX,2026-03-14,92.0,63.0,0.0,5.0400624,178.5161,7.81476,17.073694,32.400948,13.90362
PHX,2026-03-15,92.0,62.0,0.0,6.082834,228.1965,8.773822,15.698432,26.444427,13.90362
PHX,2026-03-16,93.0,63.0,0.0,3.1283145,90.014206,9.24677,15.6130495,27.233952,13.90362
PHX,2026-03-17,96.0,69.0,0.0,4.605574,41.79418,10.040227,16.315533,24.582165,11.296691
PHX,2026-03-18,102.0,68.0,0.0,4.0841885,146.52411,6.5350485,15.602797,28.179628,12.165668
PHX,2026-03-19,105.0,69.0,0.0,3.910393,145.9356,4.4374614,12.946201,23.61225,8.689762
PHX,2026-03-20,105.0,69.0,0.0,4.2579837,129.06183,4.376793,13.0594,23.61225,13.034643
PHX,2026-03-21,105.0,70.0,0.0,5.387653,183.90382,4.772385,12.746833,24.428885,13.90362
PHX,2026-03-22,102.0,66.0,0.0,4.5186763,88.868706,6.2664723,13.933265,26.918272,11.296691
PHX,2026-03-23,100.0,69.0,0.0,5.4745502,116.105606,6.939561,14.264116,22.676403,11.296691
PHX,2026-03-24,100.0,70.0,0.0,4.8662667,224.44366,5.7871943,13.961406,25.432344,11.296691
PHX,2026-03-25,100.0,68.0,0.0,5.6483455,139.22237,7.7741394,16.240181,24.674377,17.379524
PHX,2026-03-26,99.0,67.0,0.0,5.0400624,107.40432,5.4732075,14.765042,27.391716,10.427715
PHX,2026-03-27,102.0,69.0,0.0,4.5186763,129.06297,4.386358,10.963803,18.333376,11.296691
PHX,2026-03-28,96.0,75.0,0.0,7.4731956,120.378944,10.040227,15.402266,21.487482,17.379524
PHX,2026-03-29,96.0,72.0,0.01,6.6042194,153.023,14.948653,19.83224,31.73065,27.80724
PHX,2026-03-30,95.0,73.0,0.0,5.0400624,257.18973,18.819696,28.798626,39.93634,17.379524
PHX,2026-03-31,90.0,76.0,0.0,6.430424,331.01596,18.493639,29.536814,46.467213,13.90362
PHX,2026-04-01,86.0,69.0,0.0001,8.4290695,258.98898,18.906454,28.794569,49.06348,22.593382
PHX,2026-04-02,87.0,65.0,0.0,7.386298,262.70065,15.49236,25.667278,38.482346,13.90362
PHX,2026-04-03,88.0,64.0,0.0,6.3435264,284.76956,5.9715614,19.706244,38.155865,15.641572
PHX,2026-04-04,91.0,61.0,0.0,5.12696,354.0793,5.51894,9.389226,18.632473,15.641572
PHX,2026-04-05,96.0,68.0,0.0,6.6911173,88.67219,9.540071,12.485404,18.055103,15.641572
PHX,2026-04-06,87.0,73.0,0.0,10.427715,97.23344,17.2056,23.776545,35.35244,17.379524
PHX,2026-04-07,93.0,65.0,0.0,4.0841885,254.7004,11.611972,25.96604,46.800274,12.165668
PHX,2026-04-08,98.0,68.0,0.0,5.2138577,124.264626,6.6977525,16.751469,29.661081,12.165668
PHX,2026-04-09,96.0,69.0,0.0,6.256629,236.24321,9.34411,14.917295,26.315792,17.379524
PHX,2026-04-10,92.0,69.0,0.0,5.8221407,213.54568,12.712084,19.273417,27.391716,14.772596
PHX,2026-04-11,92.0,72.0,0.0001,7.0387077,257.126,11.965215,20.317406,32.740383,20.85543
PHX,2026-04-12,83.0,67.0,0.0,8.689762,230.73955,15.109647,23.939108,36.240376,14.772596
PHX,2026-04-13,81.0,66.0,0.0,8.342172,248.04501,22.220707,33.238926,43.37219,24.331335
PHX,2026-04-14,79.0,60.0,0.0,6.082834,259.3664,15.236933,25.503607,37.66391,17.379524
PHX,2026-04-15,87.0,60.0,0.0,4.6924715,142.33769,10.717678,19.887852,34.769566,11.296691
PHX,2026-04-16,89.0,64.0,0.0,6.6042194,231.61743,6.652406,15.736177,24.503218,13.90362
PHX,2026-04-17,87.0,63.0,0.0,6.6911173,245.65218,11.62683,18.432238,31.122534,13.90362
PHX,2026-04-18,91.0,62.0,0.0,5.0400624,0.6355204,5.703634,9.968554,22.250221,15.641572
PHX,2026-04-19,97.0,67.0,0.0,6.95181,116.097984,8.861756,11.618542,17.309679,18.2485
PHX,2026-04-20,96.0,70.0,0.0,5.561448,270.463,10.573265,15.326455,24.428885,13.90362
PHX,2026-04-21,96.0,70.0,0.0,7.7338886,234.53093,4.9724035,13.778682,26.628473,21.724405
PHX,2026-04-22,90.0,69.0,0.0,7.212503,260.0752,10.851121,19.484327,30.300226,18.2485
PHX,2026-04-23,87.0,67.0,0.0,5.8221407,250.8986,11.17485,17.42187,25.122606,14.772596
PHX,2026-04-24,90.0,64.0,0.0,7.646991,234.64418,8.411586,16.385906,27.710651,19.117477
PHX,2026-04-25,85.0,68.0,0.0001,6.430424,246.5035,11.358211,18.364342,25.277475,13.034643
PHX,2026-04-26,79.0,66.0,0.0,9.993227,258.89783,19.679325,26.056696,37.010765,20.85543
PHX,2026-04-27,83.0,61.0,0.0,6.6042194,261.20816,13.2525015,21.788399,33.561783,17.379524
PHX,2026-04-28,87.0,62.0,0.0,4.344881,256.7878,10.401067,18.944443,33.725662,11.296691
PHX,2026-04-29,91.0,65.0,0.0,4.431779,266.35574,8.137047,14.138882,23.969202,13.90362
PHX,2026-04-30,93.0,66.0,0.0,5.7352433,238.92691,7.903207,14.835256,25.277475,15.641572
PHX,2026-05-01,90.0,68.0,0.0,4.9531646,180.35011,12.712084,24.776188,39.13166,14.772596
PHX,2026-05-02,94.0,71.0,0.0,5.2138577,117.709885,10.353447,17.437056,25.58721,15.641572
PHX,2026-05-03,98.0,77.0,0.0,9.558739,167.04039,8.703473,18.80115,28.808653,21.724405
PHX,2026-05-04,80.0,72.0,0.0,7.386298,262.12558,28.965698,34.99376,44.32507,13.90362
PHX,2026-05-05,80.0,66.0,0.0001,8.689762,239.33182,20.106726,35.237507,56.43632,18.2485
PHX,2026-05-06,86.0,62.0,0.0,4.171086,263.83163,15.374968,24.749056,40.932613,11.296691
PHX,2026-05-07,97.0,67.0,0.0,3.910393,237.41608,5.8914022,15.761713,34.704426,13.90362
PHX,2026-05-08,101.0,71.0,0.0,7.5600934,238.47319,8.626972,16.29755,29.980892,19.117477
PHX,2026-05-09,105.0,74.0,0.0,6.6042194,276.48553,6.0077543,12.637069,28.179628,18.2485
PHX,2026-05-10,106.0,75.0,0.0,5.0400624,251.93513,5.4043617,10.080253,23.276178,13.90362
PHX,2026-05-11,109.0,77.0,0.0,3.910393,77.920815,4.560199,9.629607,17.231422,11.296691
PHX,2026-05-12,108.0,80.0,0.0,7.646991,283.53357,7.8301907,11.523643,17.905777,17.379524
PHX,2026-05-13,101.0,81.0,0.0,7.125605,270.61957,5.448503,8.798587,11.803513,18.2485
PHX,2026-05-14,101.0,75.0,0.0,7.386298,210.05096,8.426188,14.350328,20.784168,14.772596
PHX,2026-05-15,98.0,73.0,0.0,6.169731,185.49664,9.348277,15.898502,25.042109,14.772596
PHX,2026-05-16,100.0,74.0,0.0,8.255275,206.40874,6.341067,14.21596,24.52256,19.986454
PHX,2026-05-17,96.0,73.0,0.0,8.342172,209.74843,10.782741,18.785816,28.179628,20.85543
PHX,2026-05-18,87.0,68.0,0.0,7.0387077,275.17627,11.965215,29.714468,50.61665,15.641572
PHX,2026-05-19,91.0,68.0,0.0,6.082834,267.58536,8.215287,11.9279,18.686525,14.772596
PHX,2026-05-20,94.0,70.0,0.0,5.0400624,265.11533,6.4252543,9.947211,21.04879,13.034643
PHX,2026-05-21,96.0,69.0,0.0,5.6483455,191.3486,6.5388865,12.384607,22.52663,13.90362
PHX,2026-05-22,98.0,72.0,0.0,6.7780147,287.26474,8.610605,13.254957,21.194906,13.90362
PHX,2026-05-23,99.0,74.0,0.0,6.430424,269.55466,9.83717,19.253317,29.300076,19.117477
PHX,2026-05-24,100.0,76.0,0.0,5.8221407,273.51804,15.319728,25.38069,37.370087,19.117477
PHX,2026-05-25,98.0,80.0,0.0,7.212503,4.031923,10.243146,23.88195,34.499023,20.85543
PHX,2026-05-26,97.0,72.0,0.0,7.646991,190.5362,9.348277,21.871138,46.000946,18.2485
PHX,2026-05-27,96.0,72.0,0.0,8.863558,206.33475,10.677805,15.998047,25.042109,19.986454
PHX,2026-05-28,92.0,71.0,0.0,7.907684,227.51836,13.3517065,22.745064,34.024296,20.85543
PHX,2026-05-29,86.0,69.0,0.0,8.4290695,275.53506,15.877579,26.516232,39.45447,17.379524
PHX,2026-05-30,92.0,69.0,0.0,4.344881,261.3323,12.827263,19.614643,32.095257,13.90362
PHX,2026-05-31,99.0,72.0,0.0,4.171086,300.59286,8.878098,16.680218,30.300226,13.034643
PHX,2026-06-01,103.0,76.0,0.0,5.0400624,21.149195,7.801114,13.324097,22.514318,13.034643
PHX,2026-06-02,104.0,79.0,0.0,6.6911173,262.46637,7.3191643,12.095949,21.798943,14.772596
PHX,2026-06-03,107.0,79.0,0.0,6.8649125,270.22433,6.653215,9.982277,17.635384,17.379524
PHX,2026-06-04,108.0,81.0,0.0,8.4290695,240.51436,5.4043617,16.108406,32.9358,17.379524
PHX,2026-06-05,108.0,80.0,0.0,10.080125,268.62384,7.0123916,9.437041,16.939562,20.85543
PHX,2026-06-06,105.0,80.0,0.0,6.169731,262.93707,6.4971323,11.001953,16.939562,15.641572
PHX,2026-06-07,103.0,81.0,0.0,8.4290695,257.53912,7.268431,12.053042,21.653652,19.986454
PHX,2026-06-08,103.0,81.0,0.0,7.125605,292.36423,8.812308,14.470741,22.514622,18.2485
PHX,2026-06-09,104.0,79.0,0.0,5.0400624,294.00717,5.8311048,9.626081,15.248287,14.772596
PHX,2026-06-10,107.0,78.0,0.0,5.0400624,277.98758,5.803912,10.809735,20.535439,14.772596
PHX,2026-06-11,108.0,82.0,0.0,7.646991,286.2557,8.394712,14.447587,24.431128,18.2485
PHX,2026-06-12,106.0,89.0,0.0001,7.2994003,274.20413,13.937496,22.395027,31.664284,19.117477
PHX,2026-06-13,110.0,88.0,0.0,8.081479,274.34778,14.291963,20.682352,29.277657,19.117477
PHX,2026-06-14,110.0,90.0,0.0,7.4731956,276.41974,18.48933,24.236544,32.99182,19.117477
PHX,2026-06-15,108.0,85.0,0.0001,8.168377,194.21199,13.585765,26.118473,49.550587,22.593382
PHX,2026-06-16,112.0,89.0,0.0,9.384943,271.50757,12.267396,20.899227,30.6865,20.85543
PHX,2026-06-17,110.0,87.0,0.0,9.993227,245.49062,16.22492,25.667435,37.58987,20.85543
PHX,2026-06-18,108.0,85.0,0.0,7.820786,225.19179,9.549381,23.528688,40.060684,18.2485
PHX,2026-06-19,107.0,85.0,0.0,6.5173216,275.514,7.351787,12.6673,20.443445,18.2485
PHX,2026-06-20,105.0,81.0,0.0,4.431779,257.67203,5.9040976,12.247114,21.653652,13.90362
PHX,2026-06-21,106.0,79.0,0.0,5.6483455,284.31586,4.9163604,9.730714,19.103418,13.034643
PHX,2026-06-22,109.0,80.0,0.0,6.256629,283.6881,4.82323,9.827753,19.87721,14.772596
PHX,2026-06-23,110.0,88.0,0.0,6.082834,277.39368,10.560019,15.121369,19.45934,15.641572
PHX,2026-06-24,107.0,92.0,0.0,7.820786,282.86234,15.150879,20.453564,26.2834,19.986454
PHX,2026-06-25,110.0,89.0,0.0,6.6911173,238.78331,14.410707,21.907284,29.897646,18.2485
PHX,2026-06-26,112.0,89.0,0.0,8.081479,213.83687,9.110407,16.280928,27.646732,21.724405
PHX,2026-06-27,108.0,84.0,0.0,7.994581,241.2962,5.2876472,12.368658,21.108889,19.117477
PHX,2026-06-28,104.0,82.0,0.0,9.906329,254.99374,4.3258266,12.27104,20.301674,20.85543
PHX,2026-06-29,103.0,79.0,0.0,7.386298,191.25703,6.0744214,12.191681,24.027126,15.641572
PHX,2026-06-30,102.0,77.0,0.0,9.12425,215.35745,5.6865277,10.560102,15.6443815,21.724405
PHX,2026-07-01,102.0,75.0,0.0,6.256629,173.56085,5.8602424,9.591626,14.3696995,15.641572
PHX,2026-07-02,103.0,77.0,0.0,5.8221407,145.171,4.386358,9.476651,19.73602,14.772596
PHX,2026-07-03,107.0,77.0,0.0,5.9090385,251.12714,5.132171,9.405266,15.501926,13.034643
PHX,2026-07-04,101.0,86.0,0.0,4.8662667,285.95865,7.7145443,12.384026,18.009026,12.165668
PHX,2026-07-05,110.0,88.0,0.0,3.6497002,256.52103,8.485118,13.742217,21.011822,11.296691
PHX,2026-07-06,113.0,87.0,0.0,5.4745502,262.44748,9.299147,15.37114,25.230295,14.772596
PHX,2026-07-07,113.0,90.0,0.0,5.7352433,279.54337,12.377155,17.95127,24.28344,14.772596
PHX,2026-07-08,113.0,92.0,0.0,8.081479,267.4571,14.955558,19.953957,28.831873,19.986454
PHX,2026-07-09,113.0,93.0,0.0,6.8649125,245.92856,14.235292,21.751783,31.463924,19.117477
PHX,2026-07-10,111.0,89.0,0.0,8.255275,247.4977,14.649061,26.119085,39.275574,17.379524
PHX,2026-07-11,109.0,90.0,0.0,10.25392,278.03946,18.48933,27.414526,38.21985,18.2485
PHX,2026-07-12,109.0,89.0,0.0001,8.689762,222.00435,19.16973,31.564714,42.45725,24.331335
PHX,2026-07-13,108.0,79.0,0.38,7.820786,138.91583,20.459215,49.044773,87.61058,34.75905
PHX,2026-07-14,107.0,81.0,0.0,3.9972906,208.209,21.834593,44.03205,74.398926,8.689762
PHX,2026-07-15,109.0,89.0,0.0,9.211148,134.02112,19.872011,33.711292,48.594692,31.283144
PHX,2026-07-16,102.0,79.0,0.0001,8.255275,166.42097,29.172665,42.734077,76.66836,25.200312
PHX,2026-07-17,93.0,78.0,0.04,7.4731956,104.1026,39.74551,61.58797,81.93409,18.2485
PHX,2026-07-18,96.0,80.0,0.02,6.95181,102.93032,32.60126,52.24107,84.790634,19.117477
PHX,2026-07-19,105.0,84.0,0.0001,4.6924715,263.0172,23.157879,38.205063,62.937656,11.296691
PHX,2026-07-20,107.0,82.0,0.0001,6.6042194,150.16058,20.321789,32.252182,64.87537,
PHX,2026-07-21,101.0,82.0,0.0,7.7338886,111.127304,28.868067,46.010857,64.87537,15.641572
PHX,2026-07-22,107.0,84.0,0.0,5.4745502,84.180565,23.445303,38.10814,57.057983,13.034643
PHX,2026-07-23,114.0,92.0,0.0,4.8662667,139.1951,16.601408,27.817778,42.61199,13.90362
PHX,2026-07-24,117.0,97.0,0.0,6.95181,283.1757,14.06745,21.885134,30.82438,13.034643
PHX,2026-07-25,117.0,95.0,0.0,8.77666,299.8448,15.249799,24.764559,34.984524,33.89007
PHX,2026-07-26,110.0,91.0,0.0,5.995936,273.563,20.734453,27.778107,39.589157,17.379524
PHX,2026-07-27,113.0,94.0,0.0,10.340817,272.8623,17.57849,25.77269,38.689487,17.379524
PHX,2026-07-28,107.0,83.0,0.02,7.994581,257.83508,23.301563,40.079273,61.337173,17.379524
PHX,2026-07-29,111.0,92.0,0.0,7.0387077,265.94092,20.007986,27.197294,36.07592,13.90362
PHX,2026-07-30,113.0,94.0,0.0,6.7780147,258.49362,13.105616,18.824974,29.13949,13.90362
PHX,2026-07-31,115.0,94.0,0.0,8.602865,273.16202,12.377155,17.373928,29.13949,15.641572
PHX,2026-08-01,116.0,94.0,0.0,7.212503,262.77216,11.588201,19.519321,30.361532,14.772596
PHX,2026-08-02,115.0,94.0,0.0,6.7780147,238.19945,13.950981,19.327904,29.293167,13.90362
PHX,2026-08-03,116.0,93.0,0.0,8.515967,246.77171,12.959379,26.333426,38.845486,28.676216
PHX,2026-08-04,107.0,89.0,0.0,8.081479,238.9735,20.321789,31.734205,41.00125,17.379524
PHX,2026-08-05,105.0,92.0,0.0,8.863558,280.8351,26.684008,32.8484,42.61199,15.641572
PHX,2026-08-06,107.0,88.0,0.0001,7.820786,264.4814,24.143852,36.195274,43.495422,31.283144
PHX,2026-08-07,111.0,89.0,0.0,5.0400624,272.89377,18.222475,26.685976,39.275574,13.90362
PHX,2026-08-08,113.0,95.0,0.0,7.0387077,146.00194,15.076611,22.43345,30.515934,17.379524
PHX,2026-08-09,111.0,87.0,0.0,5.995936,285.41263,16.447178,27.749609,49.9956,19.986454
PHX,2026-08-10,108.0,86.0,0.0,8.168377,270.9083,20.184492,32.49918,43.80436,20.85543
PHX,2026-08-11,104.0,82.0,0.16,9.384943,276.9021,21.553389,43.84486,60.824776,20.85543
PHX,2026-08-12,102.0,80.0,0.03,6.256629,205.50748,27.185326,41.296093,74.21089,26.938263
PHX,2026-08-13,101.0,79.0,0.0001,6.6911173,158.6547,28.012333,47.591873,79.29685,20.85543
PHX,2026-08-14,101.0,83.0,0.0,5.995936,198.46922,22.440416,38.313072,56.784203,11.296691
PHX,2026-08-15,107.0,84.0,0.0,4.0841885,273.94632,18.367994,30.988405,49.401398,12.165668
PHX,2026-08-16,110.0,91.0,0.0,3.7365978,290.12048,14.83478,23.41891,34.357693,11.296691
PHX,2026-08-17,113.0,90.0,0.0,4.431779,150.46756,13.105616,21.569912,32.99182,12.165668
PHX,2026-08-18,114.0,92.0,0.0,5.9090385,150.03479,14.649061,21.101406,31.153353,11.296691
PHX,2026-08-19,110.0,79.0,0.32,9.384943,269.43036,20.007986,37.55826,79.21817,
PHX,2026-08-20,106.0,79.0,0.24,5.995936,255.58125,23.157879,46.169487,71.74056,25.200312
PHX,2026-08-21,112.0,89.0,0.0,4.7793694,228.42978,13.105616,27.757854,45.200127,13.034643
PHX,2026-08-22,115.0,90.0,0.0,5.0400624,144.0582,12.157978,22.733934,36.892216,18.2485
PHX,2026-08-23,113.0,88.0,0.0001,8.950456,132.43419,15.197933,27.37525,43.495422,
PHX,2026-08-24,108.0,86.0,0.04,5.9090385,226.79184,16.935194,33.949757,49.9956,19.117477
PHX,2026-08-25,115.0,89.0,0.0,3.7365978,257.87573,11.056485,21.194828,34.200478,13.034643
PHX,2026-08-26,117.0,91.0,0.0,6.082834,225.631,12.487252,18.915508,33.148712,15.641572
PHX,2026-08-27,113.0,95.0,0.0,4.7793694,297.3496,15.518454,21.071756,29.600246,11.296691
PHX,2026-08-28,112.0,94.0,0.0001,5.9090385,174.24348,15.888364,23.985477,29.446754,17.379524
PHX,2026-08-29,113.0,90.0,0.0,7.0387077,190.57239,16.47568,28.312624,42.302166,22.593382
PHX,2026-08-30,106.0,82.0,0.0001,7.994581,164.16179,24.289024,43.369774,67.12895,28.676216
PHX,2026-08-31,91.0,75.0,0.16,8.168377,124.988655,39.432514,59.984493,84.4888,18.2485
PHX,2026-09-01,101.0,80.0,0.0,4.7793694,131.26086,28.868067,44.394245,62.562702,11.296691
PHX,2026-09-02,104.0,86.0,0.0,6.082834,251.36438,20.154024,33.446705,55.134342,15.641572
PHX,2026-09-03,103.0,86.0,0.0,7.386298,191.09605,17.985273,35.027496,51.456436,15.641572
PHX,2026-09-04,104.0,85.0,0.0,8.168377,193.04855,20.852207,36.400784,57.057983,15.641572
PHX,2026-09-05,104.0,86.0,0.0,5.4745502,294.46045,19.773443,28.506857,36.419495,14.772596
PHX,2026-09-06,107.0,86.0,0.0,8.515967,290.5721,18.225063,27.54498,37.43171,
PHX,2026-09-07,106.0,86.0,0.0,8.4290695,286.31323,17.310038,25.138731,34.81615,19.986454
PHX,2026-09-08,108.0,88.0,0.0,3.910393,234.88214,15.273138,23.657242,33.885452,11.296691
PHX,2026-09-09,107.0,92.0,0.0,5.9090385,274.19635,22.342997,30.977997,44.265102,13.90362
PHX,2026-09-10,109.0,88.0,0.0,6.8649125,184.16469,19.600498,30.903694,43.495422,14.772596
PHX,2026-09-11,106.0,90.0,0.0,7.386298,248.34189,25.012712,33.972305,43.80436,18.2485
PHX,2026-09-12,104.0,85.0,0.0001,7.125605,133.55836,29.324835,38.385944,48.594692,19.986454
PHX,2026-09-13,105.0,86.0,0.0,5.387653,171.71802,26.684008,37.100597,51.60226,13.90362
PHX,2026-09-14,105.0,85.0,0.0001,7.994581,194.5286,23.708557,37.68315,60.95359,
PHX,2026-09-15,102.0,83.0,0.0,8.255275,156.44373,27.185326,41.763638,60.824776,14.772596
PHX,2026-09-16,95.0,73.0,0.43,8.168377,70.87145,42.7664,64.3627,87.36027,
PHX,2026-09-17,90.0,75.0,0.0001,5.387653,87.249275,45.200127,63.91256,78.979836,13.90362
PHX,2026-09-18,102.0,79.0,0.0,4.7793694,147.9327,19.957739,43.033012,71.53616,12.165668
PHX,2026-09-19,103.0,79.0,0.0,,140.80736,14.664592,31.503273,56.230988,11.296691
PHX,2026-09-20,104.0,79.0,0.0,3.5628026,107.6584,12.844492,25.029697,42.087784,12.165668
PHX,2026-09-21,102.0,82.0,0.0,6.7780147,137.25587,16.793266,28.16314,42.560143,14.772596
PHX,2026-09-22,100.0,80.0,0.0,3.910393,115.32822,17.17823,27.310942,39.268406,11.296691
PHX,2026-09-23,99.0,84.0,0.0,5.8221407,119.76364,26.734499,33.815403,41.364677,13.034643
PHX,2026-09-24,88.0,76.0,0.0,9.037353,238.7388,36.10313,48.50373,62.183395,15.641572
PHX,2026-09-25,95.0,74.0,0.0,,,28.985723,,66.19959,9.0